1	1	100.000	238	238	238	1	238	1	238	496
1	7	77.542	236	238	240	1	236	1	235	388
1	8	71.795	234	238	239	1	233	1	234	357
1	44	70.339	236	238	241	1	235	1	236	353
1	41	61.925	239	238	239	1	238	1	239	323
1	56	60.669	239	238	239	1	238	1	239	317
1	30	60.084	238	238	238	1	238	1	238	316
1	4	58.824	238	238	238	1	238	1	238	315
1	20	60.251	239	238	239	1	238	1	239	313
1	9	57.983	238	238	238	1	238	1	238	312
1	55	59.746	236	238	239	1	235	1	236	311
1	32	59.244	238	238	238	1	238	1	238	307
1	51	58.898	236	238	239	1	235	1	236	304
1	42	59.244	238	238	237	1	238	1	237	304
1	5	56.723	238	238	238	1	238	1	238	304
1	45	59.583	240	238	239	1	238	1	239	302
1	35	57.563	238	238	238	1	238	1	238	302
1	60	56.723	238	238	238	1	238	1	238	301
1	26	56.838	234	238	239	1	233	1	234	293
1	21	52.193	228	238	238	1	228	1	227	254
1	18	50.000	228	238	238	1	228	1	227	250
1	10	48.117	239	238	238	1	238	1	238	250
1	29	49.153	236	238	238	1	236	1	235	249
1	27	52.193	228	238	237	1	228	1	226	249
1	15	50.215	233	238	238	1	233	1	232	249
1	54	48.927	233	238	238	1	233	1	232	247
1	50	48.305	236	238	238	1	236	1	235	246
1	37	48.291	234	238	236	1	234	1	231	245
1	31	49.561	228	238	237	1	228	1	226	243
1	33	45.902	244	238	243	1	238	1	243	243
1	48	47.131	244	238	243	1	238	1	243	241
1	38	49.367	237	238	236	1	236	1	234	236
1	13	45.607	239	238	236	1	238	1	236	228
1	43	46.444	239	238	242	1	235	1	239	219
1	25	46.694	242	238	240	1	238	1	240	219
1	11	45.607	239	238	238	1	238	1	238	217
1	58	45.188	239	238	240	1	236	1	238	216
1	57	42.623	244	238	243	1	238	1	243	216
1	16	44.872	234	238	234	1	234	1	229	215
1	62	45.726	234	238	233	1	234	1	228	214
1	22	46.154	234	238	236	1	234	1	231	214
1	24	45.902	244	238	240	1	238	1	240	211
1	6	42.373	236	238	235	1	233	1	235	211
1	19	43.515	239	238	238	1	238	1	238	211
1	53	45.064	233	238	237	1	233	1	231	211
1	59	43.568	241	238	240	1	238	1	240	211
1	17	44.262	244	238	244	1	238	1	244	210
1	3	42.975	242	238	242	1	238	1	242	209
1	49	42.373	236	238	235	1	233	1	235	207
1	63	44.672	244	238	242	1	238	1	242	207
1	64	44.444	234	238	235	1	234	1	230	206
1	23	40.664	241	238	240	1	238	1	240	206
1	65	44.538	238	238	236	1	238	1	235	204
1	36	44.492	236	238	238	1	235	1	234	204
1	47	44.737	228	238	236	1	228	1	225	203
1	28	42.735	234	238	237	1	234	1	232	202
1	52	44.635	233	238	235	1	233	1	229	202
1	46	42.979	235	238	239	1	233	1	233	202
1	40	42.544	228	238	236	1	228	1	225	202
1	2	42.213	244	238	240	1	238	1	240	202
1	39	43.348	233	238	237	1	233	1	231	199
1	12	39.834	241	238	240	1	238	1	240	197
1	61	43.348	233	238	236	1	233	1	230	196
1	34	40.773	233	238	236	1	233	1	230	194
1	14	39.506	243	238	242	1	238	1	242	193
10	10	100.000	238	238	238	1	238	1	238	497
10	18	81.513	238	238	238	1	238	1	238	427
10	21	82.353	238	238	238	1	238	1	238	425
10	29	77.731	238	238	238	1	238	1	238	410
10	50	76.050	238	238	238	1	238	1	238	398
10	15	76.891	238	238	238	1	238	1	238	397
10	31	76.050	238	238	237	1	238	1	237	387
10	27	73.109	238	238	237	1	238	1	237	384
10	54	71.429	238	238	238	1	238	1	238	375
10	37	56.303	238	238	236	1	238	1	236	281
10	35	55.263	228	238	238	1	227	1	228	281
10	13	54.622	238	238	236	1	238	1	236	275
10	5	51.489	235	238	238	1	234	1	235	273
10	26	52.137	234	238	239	1	232	1	234	271
10	38	55.042	238	238	236	1	238	1	236	270
10	9	51.316	228	238	238	1	227	1	228	270
10	56	54.585	229	238	239	1	227	1	229	270
10	42	51.064	235	238	237	1	234	1	234	269
10	41	54.585	229	238	239	1	227	1	229	268
10	32	50.213	235	238	238	1	234	1	235	267
10	30	50.855	234	238	238	1	233	1	234	264
10	51	51.965	229	238	239	1	227	1	229	263
10	45	51.092	229	238	239	1	227	1	229	260
10	20	51.092	229	238	239	1	227	1	229	259
10	55	50.218	229	238	239	1	227	1	229	259
10	60	50.000	228	238	238	1	227	1	228	259
10	4	50.000	228	238	238	1	227	1	228	258
10	48	54.077	233	238	243	1	226	1	232	254
10	8	50.000	238	238	239	1	236	1	238	253
10	1	48.117	239	238	238	1	238	1	238	250
10	7	52.193	228	238	240	1	227	1	227	249
10	33	51.502	233	238	243	1	226	1	232	247
10	44	49.782	229	238	241	1	227	1	229	244
10	57	51.046	239	238	243	1	232	1	238	236
10	6	48.052	231	238	235	1	227	1	230	234
10	62	46.218	238	238	233	1	238	1	233	233
10	16	46.218	238	238	234	1	238	1	234	233
10	49	48.052	231	238	235	1	227	1	230	232
10	59	48.696	230	238	240	1	226	1	229	231
10	11	49.123	228	238	238	1	226	1	227	231
10	19	48.908	229	238	238	1	226	1	227	231
10	14	47.059	238	238	242	1	232	1	237	229
10	23	48.696	230	238	240	1	226	1	229	227
10	28	46.154	234	238	237	1	234	1	233	227
10	53	47.845	232	238	237	1	232	1	231	227
10	22	45.339	236	238	236	1	236	1	234	227
10	40	45.798	238	238	236	1	238	1	236	220
10	36	46.154	234	238	238	1	232	1	232	220
10	24	46.983	232	238	240	1	228	1	231	219
10	65	45.064	233	238	236	1	233	1	231	218
10	46	45.000	240	238	239	1	238	1	239	218
10	25	43.882	237	238	240	1	233	1	236	217
10	63	43.882	237	238	242	1	232	1	237	217
10	52	46.288	229	238	235	1	229	1	226	216
10	2	44.828	232	238	240	1	228	1	231	216
10	47	48.246	228	238	236	1	227	1	225	215
10	43	45.148	237	238	242	1	232	1	237	215
10	58	46.835	237	238	240	1	233	1	236	214
10	34	42.373	236	238	236	1	236	1	234	213
10	64	44.958	238	238	235	1	238	1	235	213
10	39	47.845	232	238	237	1	232	1	231	213
10	61	44.828	232	238	236	1	232	1	230	212
10	17	46.414	237	238	244	1	228	1	235	212
10	12	43.460	237	238	240	1	233	1	236	208
10	3	41.909	241	238	242	1	236	1	241	204
11	11	100.000	238	238	238	1	238	1	238	494
11	19	84.874	238	238	238	1	238	1	238	437
11	23	78.099	242	238	240	1	238	1	240	392
11	59	78.750	240	238	240	1	238	1	240	390
11	14	62.810	242	238	242	1	238	1	242	313
11	33	60.082	243	238	243	1	238	1	243	311
11	48	61.728	243	238	243	1	238	1	243	311
11	57	57.613	243	238	243	1	238	1	243	299
11	24	57.917	240	238	240	1	238	1	240	285
11	25	56.250	240	238	240	1	238	1	240	281
11	12	55.833	240	238	240	1	238	1	240	273
11	17	57.377	244	238	244	1	238	1	244	273
11	58	58.333	240	238	240	1	238	1	240	272
11	49	55.932	236	238	235	1	233	1	235	271
11	6	54.661	236	238	235	1	233	1	235	269
11	2	53.750	240	238	240	1	238	1	240	268
11	3	55.785	242	238	242	1	238	1	242	264
11	63	52.479	242	238	242	1	238	1	242	263
11	43	52.893	242	238	242	1	238	1	242	260
11	56	51.250	240	238	239	1	238	1	239	250
11	20	50.000	240	238	239	1	238	1	239	249
11	41	50.833	240	238	239	1	238	1	239	245
11	26	47.917	240	238	239	1	238	1	239	243
11	42	49.791	239	238	237	1	238	1	237	239
11	5	50.209	239	238	238	1	238	1	238	239
11	38	48.945	237	238	236	1	237	1	234	238
11	30	49.372	239	238	238	1	238	1	238	238
11	9	47.280	239	238	238	1	238	1	238	238
11	55	47.917	240	238	239	1	238	1	239	237
11	4	48.954	239	238	238	1	238	1	238	237
11	45	47.917	240	238	239	1	238	1	239	235
11	37	47.257	237	238	236	1	237	1	234	235
11	54	48.117	239	238	238	1	238	1	237	233
11	51	47.083	240	238	239	1	238	1	239	231
11	32	49.145	234	238	238	1	233	1	233	231
11	18	48.246	228	238	238	1	227	1	226	231
11	10	49.123	228	238	238	1	227	1	226	231
11	15	48.739	238	238	238	1	237	1	236	231
11	60	47.699	239	238	238	1	238	1	238	231
11	21	48.246	228	238	238	1	227	1	226	229
11	7	46.639	238	238	240	1	237	1	236	228
11	13	45.992	237	238	236	1	237	1	234	228
11	29	46.930	228	238	238	1	227	1	226	225
11	27	50.000	228	238	237	1	227	1	225	224
11	35	46.862	239	238	238	1	238	1	238	224
11	44	45.798	238	238	241	1	236	1	237	222
11	8	45.992	237	238	239	1	234	1	235	221
11	1	45.607	239	238	238	1	238	1	238	217
11	50	46.053	228	238	238	1	227	1	226	216
11	31	44.304	237	238	237	1	237	1	235	213
11	65	44.118	238	238	236	1	238	1	235	207
11	34	42.678	239	238	236	1	238	1	235	202
11	36	42.437	238	238	238	1	237	1	236	199
11	53	42.735	234	238	237	1	233	1	231	199
11	22	42.917	240	238	236	1	238	1	235	198
11	61	42.308	234	238	236	1	233	1	230	198
11	64	41.772	237	238	235	1	237	1	233	191
11	52	43.162	234	238	235	1	233	1	229	191
11	39	41.453	234	238	237	1	233	1	231	191
11	46	41.102	236	238	239	1	234	1	234	191
11	47	42.489	233	238	236	1	232	1	229	189
11	40	41.026	234	238	236	1	233	1	230	189
11	16	40.598	234	238	234	1	233	1	228	186
11	28	39.744	234	238	237	1	233	1	231	184
11	62	39.256	242	238	233	1	238	1	232	184
12	12	100.000	240	240	240	1	240	1	240	497
12	25	79.167	240	240	240	1	240	1	240	415
12	2	78.333	240	240	240	1	240	1	240	407
12	24	73.333	240	240	240	1	240	1	240	391
12	17	72.951	244	240	244	1	240	1	244	381
12	43	68.595	242	240	242	1	240	1	242	362
12	63	69.008	242	240	242	1	240	1	242	361
12	3	70.248	242	240	242	1	240	1	242	354
12	58	58.750	240	240	240	1	240	1	240	288
12	33	54.733	243	240	243	1	240	1	243	277
12	48	54.321	243	240	243	1	240	1	243	275
12	19	55.833	240	240	238	1	240	1	238	274
12	11	55.833	240	240	238	1	240	1	238	273
12	14	54.545	242	240	242	1	240	1	242	271
12	57	53.909	243	240	243	1	240	1	243	268
12	59	54.583	240	240	240	1	240	1	240	266
12	23	54.545	242	240	240	1	240	1	240	259
12	6	49.787	235	240	235	1	235	1	235	259
12	49	47.660	235	240	235	1	235	1	235	252
12	56	49.383	243	240	239	1	240	1	239	236
12	55	45.455	242	240	239	1	240	1	239	232
12	20	47.934	242	240	239	1	240	1	239	231
12	60	47.718	241	240	238	1	240	1	238	229
12	42	47.934	242	240	237	1	240	1	237	226
12	51	46.091	243	240	239	1	240	1	239	223
12	9	45.228	241	240	238	1	240	1	238	222
12	32	45.041	242	240	238	1	240	1	238	222
12	35	45.868	242	240	238	1	240	1	238	221
12	45	45.455	242	240	239	1	240	1	239	221
12	37	44.770	239	240	236	1	239	1	234	221
12	41	44.672	244	240	239	1	240	1	239	221
12	29	45.000	240	240	238	1	239	1	236	219
12	54	44.398	241	240	238	1	240	1	237	218
12	5	46.281	242	240	238	1	240	1	238	218
12	4	46.058	241	240	238	1	240	1	238	218
12	13	41.909	241	240	236	1	239	1	234	216
12	30	43.154	241	240	238	1	240	1	238	215
12	18	44.828	232	240	238	1	231	1	228	214
12	26	44.033	243	240	239	1	240	1	239	214
12	10	43.460	237	240	238	1	236	1	233	208
12	38	41.667	240	240	236	1	239	1	234	208
12	7	41.667	240	240	240	1	239	1	236	207
12	21	43.103	232	240	238	1	231	1	228	203
12	50	43.750	240	240	238	1	239	1	236	203
12	15	43.220	236	240	238	1	235	1	232	202
12	27	43.103	232	240	237	1	231	1	227	200
12	31	43.290	231	240	237	1	231	1	227	200
12	1	39.834	241	240	238	1	240	1	238	197
12	8	42.149	242	240	239	1	235	1	234	195
12	44	42.259	239	240	241	1	237	1	236	192
12	61	39.662	237	240	236	1	235	1	230	185
12	53	38.983	236	240	237	1	235	1	231	183
12	46	38.494	239	240	239	1	235	1	233	183
12	36	37.759	241	240	238	1	239	1	236	182
12	28	37.975	237	240	237	1	236	1	232	182
12	22	38.525	244	240	236	1	240	1	235	180
12	52	38.528	231	240	235	1	230	1	224	178
12	65	37.449	243	240	236	1	240	1	235	177
12	34	36.214	243	240	236	1	240	1	235	176
12	40	37.872	235	240	236	1	235	1	230	176
12	64	37.657	239	240	235	1	239	1	233	175
12	47	38.528	231	240	236	1	230	1	225	174
12	16	37.553	237	240	234	1	236	1	229	173
12	62	37.344	241	240	233	1	240	1	232	171
12	39	37.712	236	240	237	1	235	1	231	166
13	13	100.000	236	236	236	1	236	1	236	483
13	37	79.237	236	236	236	1	236	1	236	397
13	38	76.695	236	236	236	1	236	1	236	382
13	42	53.448	232	236	237	1	230	1	232	275
13	10	54.622	238	236	238	1	236	1	238	275
13	54	54.202	238	236	238	1	236	1	238	272
13	60	52.321	237	236	238	1	234	1	237	272
13	18	54.622	238	236	238	1	236	1	238	271
13	50	54.202	238	236	238	1	236	1	238	269
13	32	51.502	233	236	238	1	230	1	233	268
13	56	52.521	238	236	239	1	234	1	238	267
13	21	52.720	239	236	238	1	236	1	238	266
13	29	52.941	238	236	238	1	236	1	238	266
13	31	53.586	237	236	237	1	236	1	237	266
13	9	51.282	234	236	238	1	231	1	234	266
13	5	51.502	233	236	238	1	230	1	233	265
13	4	50.633	237	236	238	1	234	1	237	264
13	20	50.420	238	236	239	1	234	1	238	262
13	15	51.261	238	236	238	1	236	1	238	261
13	35	49.573	234	236	238	1	231	1	234	260
13	55	48.739	238	236	239	1	234	1	238	259
13	30	49.356	233	236	238	1	230	1	233	259
13	27	55.263	228	236	237	1	226	1	227	256
13	41	49.160	238	236	239	1	234	1	238	256
13	7	49.785	233	236	240	1	231	1	233	255
13	45	50.840	238	236	239	1	234	1	238	255
13	51	47.899	238	236	239	1	234	1	238	254
13	8	48.936	235	236	239	1	231	1	235	249
13	26	47.863	234	236	239	1	230	1	234	243
13	33	47.934	242	236	243	1	234	1	242	239
13	48	47.107	242	236	243	1	234	1	242	232
13	6	46.809	235	236	235	1	230	1	235	230
13	1	45.607	239	236	238	1	236	1	238	228
13	44	45.299	234	236	241	1	230	1	234	228
13	11	45.992	237	236	238	1	234	1	237	228
13	49	46.383	235	236	235	1	230	1	235	225
13	52	45.726	234	236	235	1	233	1	232	224
13	14	44.813	241	236	242	1	234	1	241	224
13	57	45.868	242	236	243	1	234	1	242	224
13	59	44.351	239	236	240	1	234	1	239	223
13	22	43.404	235	236	236	1	234	1	234	221
13	53	45.726	234	236	237	1	232	1	233	219
13	24	44.770	239	236	240	1	234	1	239	218
13	46	45.106	235	236	239	1	231	1	234	218
13	12	41.909	241	236	240	1	234	1	239	216
13	25	43.333	240	236	240	1	234	1	239	216
13	40	43.038	237	236	236	1	236	1	236	216
13	65	43.830	235	236	236	1	234	1	234	214
13	62	42.857	231	236	233	1	230	1	227	213
13	47	44.156	231	236	236	1	229	1	229	213
13	16	40.928	237	236	234	1	236	1	234	211
13	23	42.678	239	236	240	1	234	1	239	211
13	17	43.902	246	236	244	1	234	1	243	211
13	2	43.220	236	236	240	1	231	1	236	211
13	36	41.423	239	236	238	1	236	1	238	210
13	19	41.772	237	236	238	1	234	1	237	210
13	64	43.038	237	236	235	1	236	1	235	209
13	28	43.590	234	236	237	1	232	1	233	209
13	3	44.538	238	236	242	1	231	1	238	208
13	63	41.597	238	236	242	1	231	1	238	207
13	34	41.949	236	236	236	1	234	1	234	205
13	61	40.693	231	236	236	1	230	1	230	204
13	43	42.678	239	236	242	1	231	1	238	204
13	39	44.872	234	236	237	1	232	1	233	202
13	58	41.564	243	236	240	1	235	1	240	199
14	14	100.000	242	242	242	1	242	1	242	501
14	33	67.078	243	242	243	1	242	1	243	343
14	57	66.255	243	242	243	1	242	1	243	343
14	48	64.198	243	242	243	1	242	1	243	336
14	59	66.529	242	242	240	1	242	1	240	328
14	19	61.570	242	242	238	1	242	1	238	315
14	11	62.810	242	242	238	1	242	1	238	313
14	23	62.397	242	242	240	1	242	1	240	310
14	24	57.438	242	242	240	1	242	1	240	290
14	58	59.259	243	242	240	1	242	1	240	283
14	17	56.911	246	242	244	1	242	1	244	278
14	2	53.719	242	242	240	1	242	1	240	276
14	12	54.545	242	242	240	1	242	1	240	271
14	25	51.653	242	242	240	1	242	1	240	265
14	3	53.689	244	242	242	1	242	1	242	263
14	43	52.049	244	242	242	1	242	1	242	261
14	63	50.000	244	242	242	1	242	1	242	249
14	6	45.992	237	242	235	1	237	1	235	235
14	49	47.479	238	242	235	1	237	1	235	235
14	20	47.131	244	242	239	1	242	1	239	230
14	9	46.914	243	242	238	1	242	1	238	229
14	10	47.059	238	242	238	1	237	1	232	229
14	54	45.267	243	242	238	1	242	1	237	228
14	42	48.560	243	242	237	1	242	1	237	228
14	45	45.902	244	242	239	1	242	1	239	227
14	5	47.737	243	242	238	1	242	1	238	227
14	15	45.868	242	242	238	1	241	1	236	226
14	60	46.502	243	242	238	1	242	1	238	225
14	37	45.643	241	242	236	1	241	1	234	224
14	13	44.813	241	242	236	1	241	1	234	224
14	56	46.721	244	242	239	1	242	1	239	223
14	21	45.690	232	242	238	1	231	1	226	223
14	55	44.262	244	242	239	1	242	1	239	222
14	51	45.902	244	242	239	1	242	1	239	222
14	4	45.679	243	242	238	1	242	1	238	222
14	29	42.975	242	242	238	1	241	1	236	221
14	26	44.672	244	242	239	1	242	1	239	221
14	18	43.388	242	242	238	1	241	1	236	219
14	41	44.672	244	242	239	1	242	1	239	219
14	38	43.983	241	242	236	1	241	1	234	218
14	35	44.444	243	242	238	1	242	1	238	215
14	30	44.033	243	242	238	1	242	1	238	211
14	32	44.958	238	242	238	1	237	1	233	210
14	27	43.621	243	242	237	1	242	1	236	208
14	31	42.149	242	242	237	1	241	1	235	207
14	50	40.909	242	242	238	1	241	1	236	204
14	44	42.975	242	242	241	1	240	1	237	204
14	7	40.909	242	242	240	1	241	1	236	204
14	8	43.154	241	242	239	1	238	1	235	202
14	65	44.444	243	242	236	1	242	1	235	199
14	53	43.933	239	242	237	1	237	1	231	197
14	1	39.506	243	242	238	1	242	1	238	193
14	22	42.798	243	242	236	1	242	1	235	192
14	52	43.534	232	242	235	1	231	1	223	191
14	39	43.534	232	242	237	1	231	1	225	188
14	36	40.984	244	242	238	1	241	1	236	186
14	28	41.494	241	242	237	1	237	1	231	184
14	40	42.241	232	242	236	1	231	1	224	183
14	34	40.329	243	242	236	1	242	1	235	183
14	47	41.631	233	242	236	1	231	1	224	181
14	61	41.423	239	242	236	1	237	1	230	179
14	46	39.669	242	242	239	1	238	1	234	177
14	64	41.322	242	242	235	1	241	1	233	174
14	62	38.115	244	242	233	1	242	1	232	173
14	16	40.167	239	242	234	1	237	1	228	172
15	15	100.000	238	238	238	1	238	1	238	492
15	29	79.412	238	238	238	1	238	1	238	405
15	18	78.571	238	238	238	1	238	1	238	400
15	21	78.571	238	238	238	1	238	1	238	399
15	10	76.891	238	238	238	1	238	1	238	397
15	31	76.891	238	238	237	1	238	1	237	390
15	54	73.529	238	238	238	1	238	1	238	389
15	50	75.210	238	238	238	1	238	1	238	380
15	27	70.588	238	238	237	1	238	1	237	360
15	38	55.882	238	238	236	1	238	1	236	278
15	5	54.825	228	238	238	1	227	1	228	273
15	26	51.681	238	238	239	1	236	1	238	270
15	35	53.617	235	238	238	1	234	1	235	269
15	37	54.274	234	238	236	1	233	1	232	268
15	51	52.941	238	238	239	1	236	1	238	268
15	42	54.077	233	238	237	1	232	1	232	266
15	32	52.790	233	238	238	1	232	1	233	264
15	9	51.915	235	238	238	1	234	1	235	262
15	30	53.648	233	238	238	1	232	1	233	261
15	13	51.261	238	238	236	1	238	1	236	261
15	56	51.681	238	238	239	1	236	1	238	260
15	60	51.073	233	238	238	1	232	1	233	256
15	20	50.840	238	238	239	1	236	1	238	256
15	41	51.667	240	238	239	1	236	1	238	253
15	4	49.145	234	238	238	1	233	1	234	251
15	1	50.215	233	238	238	1	232	1	233	249
15	55	48.319	238	238	239	1	236	1	238	248
15	45	47.899	238	238	239	1	236	1	238	247
15	7	48.536	239	238	240	1	238	1	238	246
15	48	50.617	243	238	243	1	236	1	242	243
15	8	49.153	236	238	239	1	233	1	235	242
15	33	49.383	243	238	243	1	236	1	242	242
15	19	50.420	238	238	238	1	236	1	237	238
15	59	50.417	240	238	240	1	236	1	239	237
15	44	48.261	230	238	241	1	227	1	229	233
15	6	48.069	233	238	235	1	227	1	230	232
15	11	48.739	238	238	238	1	236	1	237	231
15	53	47.479	238	238	237	1	238	1	237	229
15	62	47.280	239	238	233	1	238	1	233	228
15	23	46.667	240	238	240	1	236	1	239	227
15	14	45.868	242	238	242	1	236	1	241	226
15	57	48.927	233	238	243	1	226	1	232	226
15	22	44.492	236	238	236	1	236	1	234	224
15	28	44.118	238	238	237	1	238	1	237	222
15	49	47.186	231	238	235	1	227	1	230	222
15	46	46.250	240	238	239	1	238	1	239	222
15	16	44.118	238	238	234	1	238	1	234	221
15	24	48.523	237	238	240	1	233	1	236	221
15	25	45.798	238	238	240	1	232	1	235	219
15	34	43.220	236	238	236	1	236	1	234	219
15	65	44.068	236	238	236	1	236	1	234	219
15	36	45.000	240	238	238	1	238	1	238	219
15	43	46.058	241	238	242	1	235	1	240	218
15	40	44.538	238	238	236	1	238	1	236	217
15	64	45.378	238	238	235	1	238	1	235	217
15	47	47.368	228	238	236	1	227	1	225	216
15	52	46.696	227	238	235	1	227	1	224	216
15	17	46.667	240	238	244	1	233	1	240	215
15	63	44.167	240	238	242	1	235	1	240	214
15	2	44.351	239	238	240	1	235	1	238	213
15	39	47.059	238	238	237	1	238	1	237	213
15	3	45.455	242	238	242	1	236	1	241	212
15	61	43.277	238	238	236	1	238	1	236	209
15	58	45.992	237	238	240	1	233	1	236	204
15	12	43.220	236	238	240	1	232	1	235	202
16	16	100.000	234	234	234	1	234	1	234	488
16	62	75.641	234	234	233	1	234	1	233	389
16	65	69.264	231	234	236	1	229	1	231	352
16	22	67.521	234	234	236	1	232	1	234	352
16	40	66.102	236	234	236	1	234	1	236	349
16	28	68.354	237	234	237	1	234	1	237	347
16	36	68.619	239	234	238	1	234	1	238	342
16	46	66.667	240	234	239	1	234	1	239	340
16	53	65.823	237	234	237	1	234	1	237	338
16	34	66.667	234	234	236	1	232	1	234	337
16	64	65.532	235	234	235	1	234	1	235	336
16	61	64.831	236	234	236	1	234	1	236	333
16	52	62.979	235	234	235	1	234	1	235	331
16	39	66.667	237	234	237	1	234	1	237	327
16	47	61.404	228	234	236	1	226	1	228	313
16	51	49.580	238	234	239	1	232	1	238	246
16	45	48.319	238	234	239	1	232	1	238	246
16	30	50.427	234	234	238	1	229	1	234	245
16	9	48.069	233	234	238	1	228	1	233	242
16	4	48.069	233	234	238	1	228	1	233	242
16	56	47.479	238	234	239	1	232	1	238	241
16	41	49.160	238	234	239	1	232	1	238	240
16	32	47.436	234	234	238	1	229	1	234	239
16	5	47.009	234	234	238	1	229	1	234	238
16	54	47.059	238	234	238	1	234	1	238	237
16	55	46.218	238	234	239	1	232	1	238	235
16	35	46.781	233	234	238	1	228	1	233	233
16	44	47.863	234	234	241	1	228	1	234	233
16	10	46.218	238	234	238	1	234	1	238	233
16	29	42.857	238	234	238	1	234	1	238	232
16	42	45.923	233	234	237	1	229	1	233	232
16	26	46.581	234	234	239	1	228	1	234	231
16	20	46.639	238	234	239	1	232	1	238	231
16	60	47.436	234	234	238	1	229	1	234	230
16	8	45.299	234	234	239	1	228	1	234	223
16	21	43.277	238	234	238	1	234	1	238	223
16	7	44.118	238	234	240	1	234	1	238	223
16	50	42.017	238	234	238	1	234	1	238	223
16	18	43.697	238	234	238	1	234	1	238	222
16	37	43.882	237	234	236	1	234	1	236	222
16	15	44.118	238	234	238	1	234	1	238	221
16	1	44.872	234	234	238	1	229	1	234	215
16	13	40.928	237	234	236	1	234	1	236	211
16	31	40.506	237	234	237	1	234	1	237	211
16	38	40.506	237	234	236	1	234	1	236	210
16	27	42.017	238	234	237	1	234	1	237	203
16	33	45.000	240	234	243	1	228	1	238	196
16	19	42.017	238	234	238	1	232	1	237	192
16	48	43.568	241	234	243	1	229	1	239	191
16	43	42.616	237	234	242	1	228	1	237	191
16	63	40.417	240	234	242	1	228	1	237	189
16	57	42.678	239	234	243	1	228	1	238	187
16	23	41.949	236	234	240	1	228	1	235	187
16	11	40.598	234	234	238	1	228	1	233	186
16	59	40.851	235	234	240	1	228	1	235	186
16	58	42.437	238	234	240	1	229	1	236	185
16	24	39.831	236	234	240	1	228	1	235	180
16	17	40.586	239	234	244	1	228	1	239	180
16	2	38.983	236	234	240	1	228	1	235	179
16	25	38.397	237	234	240	1	229	1	236	177
16	3	37.344	241	234	242	1	232	1	241	177
16	12	37.553	237	234	240	1	229	1	236	173
16	14	40.167	239	234	242	1	228	1	237	172
16	6	39.241	237	234	235	1	228	1	235	171
16	49	38.397	237	234	235	1	228	1	235	167
17	17	100.000	244	244	244	1	244	1	244	502
17	24	81.967	244	244	240	1	244	1	240	421
17	25	77.049	244	244	240	1	244	1	240	407
17	43	76.639	244	244	242	1	244	1	242	406
17	2	77.049	244	244	240	1	244	1	240	391
17	3	76.230	244	244	242	1	244	1	242	390
17	63	72.951	244	244	242	1	244	1	242	386
17	12	72.951	244	244	240	1	244	1	240	381
17	58	65.984	244	244	240	1	244	1	240	319
17	33	57.490	247	244	243	1	244	1	243	284
17	48	56.680	247	244	243	1	244	1	243	282
17	14	56.911	246	244	242	1	244	1	242	278
17	57	56.680	247	244	243	1	244	1	243	276
17	19	56.557	244	244	238	1	244	1	238	275
17	11	57.377	244	244	238	1	244	1	238	273
17	6	53.975	239	244	235	1	239	1	235	266
17	59	54.918	244	244	240	1	244	1	240	265
17	49	52.301	239	244	235	1	239	1	235	258
17	23	54.918	244	244	240	1	244	1	240	256
17	4	51.230	244	244	238	1	244	1	238	243
17	5	50.000	244	244	238	1	244	1	238	238
17	9	47.541	244	244	238	1	244	1	238	237
17	55	48.571	245	244	239	1	244	1	239	237
17	35	47.951	244	244	238	1	244	1	238	234
17	60	49.180	244	244	238	1	244	1	238	232
17	26	47.347	245	244	239	1	244	1	239	232
17	32	47.541	244	244	238	1	244	1	238	231
17	51	48.374	246	244	239	1	244	1	239	229
17	42	49.590	244	244	237	1	244	1	237	229
17	30	46.721	244	244	238	1	244	1	238	227
17	7	45.902	244	244	240	1	243	1	236	227
17	41	46.721	244	244	239	1	244	1	239	226
17	45	47.773	247	244	239	1	244	1	239	226
17	20	47.755	245	244	239	1	244	1	239	225
17	54	46.311	244	244	238	1	244	1	237	224
17	56	48.980	245	244	239	1	244	1	239	224
17	29	46.091	243	244	238	1	243	1	236	223
17	18	45.228	241	244	238	1	241	1	234	221
17	37	47.561	246	244	236	1	243	1	234	217
17	44	46.694	242	244	241	1	241	1	236	217
17	27	46.610	236	244	237	1	235	1	227	217
17	15	46.667	240	244	238	1	240	1	233	215
17	21	45.532	235	244	238	1	235	1	228	214
17	8	44.813	241	244	239	1	240	1	235	213
17	10	46.414	237	244	238	1	235	1	228	212
17	13	43.902	246	244	236	1	243	1	234	211
17	1	44.262	244	244	238	1	244	1	238	210
17	50	44.082	245	244	238	1	243	1	236	209
17	38	44.715	246	244	236	1	243	1	234	208
17	31	42.678	239	244	237	1	239	1	231	201
17	46	42.324	241	244	239	1	240	1	234	196
17	65	40.078	257	244	236	1	244	1	235	194
17	34	40.574	244	244	236	1	244	1	235	193
17	36	40.329	243	244	238	1	243	1	236	192
17	52	41.250	240	244	235	1	239	1	229	188
17	28	39.331	239	244	237	1	239	1	231	187
17	53	41.423	239	244	237	1	239	1	231	185
17	62	38.525	244	244	233	1	244	1	232	182
17	22	38.431	255	244	236	1	244	1	235	182
17	47	39.916	238	244	236	1	238	1	229	181
17	16	40.586	239	244	234	1	239	1	228	180
17	61	39.749	239	244	236	1	239	1	230	180
17	40	41.250	240	244	236	1	239	1	230	180
17	39	41.841	239	244	237	1	239	1	231	177
17	64	39.130	253	244	235	1	239	1	229	175
18	18	100.000	238	238	238	1	238	1	238	496
18	21	89.496	238	238	238	1	238	1	238	454
18	10	81.513	238	238	238	1	238	1	238	427
18	29	82.773	238	238	238	1	238	1	238	420
18	31	83.613	238	238	237	1	238	1	237	419
18	50	81.092	238	238	238	1	238	1	238	417
18	15	78.571	238	238	238	1	238	1	238	400
18	27	75.630	238	238	237	1	238	1	237	396
18	54	71.849	238	238	238	1	238	1	238	379
18	35	53.191	235	238	238	1	234	1	235	277
18	5	53.648	233	238	238	1	232	1	233	276
18	37	55.462	238	238	236	1	238	1	236	276
18	26	51.681	238	238	239	1	236	1	238	274
18	13	54.622	238	238	236	1	238	1	236	271
18	38	55.462	238	238	236	1	238	1	236	271
18	56	52.101	238	238	239	1	236	1	238	269
18	42	53.947	228	238	237	1	227	1	227	269
18	9	51.064	235	238	238	1	234	1	235	269
18	60	51.064	235	238	238	1	234	1	235	266
18	55	49.580	238	238	239	1	236	1	238	266
18	32	50.644	233	238	238	1	232	1	233	265
18	20	49.160	238	238	239	1	236	1	238	262
18	48	51.440	243	238	243	1	236	1	242	262
18	51	49.160	238	238	239	1	236	1	238	259
18	7	51.046	239	238	240	1	238	1	238	259
18	30	50.215	233	238	238	1	232	1	233	259
18	45	48.319	238	238	239	1	236	1	238	259
18	4	48.085	235	238	238	1	234	1	235	258
18	8	50.000	240	238	239	1	236	1	238	258
18	41	49.160	238	238	239	1	236	1	238	255
18	33	51.073	233	238	243	1	226	1	232	254
18	1	50.000	228	238	238	1	227	1	228	250
18	44	48.291	234	238	241	1	232	1	234	247
18	57	49.785	233	238	243	1	226	1	232	238
18	19	48.908	229	238	238	1	226	1	227	233
18	11	48.246	228	238	238	1	226	1	227	231
18	6	48.052	231	238	235	1	227	1	230	229
18	49	47.619	231	238	235	1	227	1	230	227
18	62	43.697	238	238	233	1	238	1	233	226
18	59	46.522	230	238	240	1	226	1	229	226
18	25	46.121	232	238	240	1	228	1	231	226
18	24	48.117	239	238	240	1	234	1	237	224
18	2	44.726	237	238	240	1	233	1	236	223
18	28	43.966	232	238	237	1	232	1	231	223
18	23	46.522	230	238	240	1	226	1	229	223
18	16	43.697	238	238	234	1	238	1	234	222
18	17	45.228	241	238	244	1	234	1	241	221
18	40	45.798	238	238	236	1	238	1	236	220
18	43	44.770	239	238	242	1	234	1	239	219
18	63	44.206	233	238	242	1	228	1	233	219
18	14	43.388	242	238	242	1	236	1	241	219
18	53	45.259	232	238	237	1	232	1	231	218
18	58	46.835	237	238	240	1	233	1	236	218
18	22	42.060	233	238	236	1	233	1	231	216
18	46	44.167	240	238	239	1	238	1	239	216
18	34	41.525	236	238	236	1	236	1	234	215
18	52	45.852	229	238	235	1	227	1	224	214
18	12	44.828	232	238	240	1	228	1	231	214
18	47	47.391	230	238	236	1	227	1	225	213
18	3	44.856	243	238	242	1	236	1	241	212
18	64	43.277	238	238	235	1	238	1	235	211
18	65	41.880	234	238	236	1	234	1	232	211
18	61	43.103	232	238	236	1	232	1	230	210
18	36	43.096	239	238	238	1	238	1	238	207
18	39	43.966	232	238	237	1	232	1	231	201
19	19	100.000	238	238	238	1	238	1	238	495
19	11	84.874	238	238	238	1	238	1	238	437
19	23	77.500	240	238	240	1	238	1	240	394
19	59	78.750	240	238	240	1	238	1	240	390
19	14	61.570	242	238	242	1	238	1	242	315
19	33	59.671	243	238	243	1	238	1	243	308
19	48	60.905	243	238	243	1	238	1	243	305
19	57	58.436	243	238	243	1	238	1	243	302
19	24	57.917	240	238	240	1	238	1	240	289
19	2	55.417	240	238	240	1	238	1	240	279
19	58	59.414	239	238	240	1	237	1	239	276
19	17	56.557	244	238	244	1	238	1	244	275
19	12	55.833	240	238	240	1	238	1	240	274
19	25	55.000	240	238	240	1	238	1	240	272
19	6	53.390	236	238	235	1	233	1	235	265
19	63	52.893	242	238	242	1	238	1	242	265
19	3	54.959	242	238	242	1	238	1	242	263
19	49	53.814	236	238	235	1	233	1	235	263
19	43	52.066	242	238	242	1	238	1	242	259
19	20	50.833	240	238	239	1	238	1	239	252
19	26	48.133	241	238	239	1	238	1	239	246
19	41	51.452	241	238	239	1	238	1	239	246
19	56	47.917	240	238	239	1	238	1	239	240
19	45	47.718	241	238	239	1	238	1	239	238
19	15	50.420	238	238	238	1	237	1	236	238
19	30	49.372	239	238	238	1	238	1	238	238
19	55	47.303	241	238	239	1	238	1	239	236
19	4	48.750	240	238	238	1	238	1	238	235
19	42	47.699	239	238	237	1	238	1	237	235
19	51	47.951	244	238	239	1	238	1	239	234
19	29	48.246	228	238	238	1	227	1	226	234
19	18	48.908	229	238	238	1	227	1	226	233
19	54	48.536	239	238	238	1	238	1	237	232
19	5	48.750	240	238	238	1	238	1	238	231
19	10	48.908	229	238	238	1	227	1	226	231
19	21	47.368	228	238	238	1	227	1	226	230
19	9	46.444	239	238	238	1	238	1	238	230
19	27	48.035	229	238	237	1	227	1	225	227
19	60	47.280	239	238	238	1	238	1	238	226
19	50	46.930	228	238	238	1	227	1	226	224
19	32	48.718	234	238	238	1	233	1	233	224
19	44	45.000	240	238	241	1	235	1	236	223
19	37	45.148	237	238	236	1	237	1	234	223
19	38	46.025	239	238	236	1	237	1	234	222
19	35	46.862	239	238	238	1	238	1	238	220
19	8	44.726	237	238	239	1	234	1	235	219
19	7	43.568	241	238	240	1	238	1	240	219
19	31	45.374	227	238	237	1	227	1	225	218
19	65	45.798	238	238	236	1	238	1	235	218
19	34	44.770	239	238	236	1	238	1	235	212
19	1	43.515	239	238	238	1	238	1	238	211
19	13	41.772	237	238	236	1	237	1	234	210
19	22	44.351	239	238	236	1	238	1	235	207
19	53	42.308	234	238	237	1	233	1	231	203
19	36	43.697	238	238	238	1	237	1	236	202
19	28	44.017	234	238	237	1	233	1	231	200
19	61	42.308	234	238	236	1	233	1	230	198
19	52	42.060	233	238	235	1	233	1	229	196
19	64	42.616	237	238	235	1	237	1	233	196
19	40	42.017	238	238	236	1	238	1	235	196
19	39	43.590	234	238	237	1	233	1	231	196
19	46	42.797	236	238	239	1	234	1	234	195
19	47	42.489	233	238	236	1	232	1	229	193
19	16	42.017	238	238	234	1	237	1	232	192
19	62	39.834	241	238	233	1	238	1	232	191
2	2	100.000	240	240	240	1	240	1	240	495
2	25	80.417	240	240	240	1	240	1	240	414
2	12	78.333	240	240	240	1	240	1	240	407
2	24	77.500	240	240	240	1	240	1	240	398
2	17	77.049	244	240	244	1	240	1	244	391
2	43	71.901	242	240	242	1	240	1	242	372
2	63	70.248	242	240	242	1	240	1	242	370
2	3	71.901	242	240	242	1	240	1	242	362
2	58	60.338	237	240	240	1	237	1	237	290
2	33	56.379	243	240	243	1	240	1	243	290
2	19	55.417	240	240	238	1	240	1	238	279
2	48	53.909	243	240	243	1	240	1	243	278
2	59	54.583	240	240	240	1	240	1	240	277
2	14	53.719	242	240	242	1	240	1	242	276
2	57	53.909	243	240	243	1	240	1	243	273
2	11	53.750	240	240	238	1	240	1	238	268
2	23	52.917	240	240	240	1	240	1	240	261
2	6	51.064	235	240	235	1	235	1	235	259
2	49	47.660	235	240	235	1	235	1	235	244
2	56	47.521	242	240	239	1	240	1	239	238
2	55	46.281	242	240	239	1	240	1	239	238
2	20	47.107	242	240	239	1	240	1	239	236
2	45	45.041	242	240	239	1	240	1	239	232
2	4	46.888	241	240	238	1	240	1	238	229
2	51	44.628	242	240	239	1	240	1	239	229
2	5	45.643	241	240	238	1	240	1	238	228
2	41	44.262	244	240	239	1	240	1	239	227
2	26	43.802	242	240	239	1	240	1	239	225
2	29	46.983	232	240	238	1	231	1	228	225
2	60	45.643	241	240	238	1	240	1	238	224
2	42	46.281	242	240	237	1	240	1	237	223
2	18	44.726	237	240	238	1	236	1	233	223
2	9	44.398	241	240	238	1	240	1	238	223
2	54	46.610	236	240	238	1	235	1	232	222
2	37	45.532	235	240	236	1	235	1	230	221
2	32	43.568	241	240	238	1	240	1	238	221
2	38	45.339	236	240	236	1	236	1	231	218
2	35	43.802	242	240	238	1	240	1	238	218
2	7	45.798	238	240	240	1	236	1	233	218
2	10	44.828	232	240	238	1	231	1	228	216
2	15	44.351	239	240	238	1	238	1	235	213
2	30	42.324	241	240	238	1	240	1	238	211
2	13	43.220	236	240	236	1	236	1	231	211
2	8	44.770	239	240	239	1	236	1	235	208
2	50	43.038	237	240	238	1	236	1	233	208
2	21	41.810	232	240	238	1	231	1	228	207
2	44	43.333	240	240	241	1	238	1	237	204
2	27	41.810	232	240	237	1	231	1	227	203
2	1	42.213	244	240	238	1	240	1	238	202
2	31	41.277	235	240	237	1	235	1	231	199
2	52	42.616	237	240	235	1	235	1	229	194
2	22	39.669	242	240	236	1	240	1	235	187
2	65	38.843	242	240	236	1	240	1	235	186
2	28	39.331	239	240	237	1	238	1	234	186
2	34	37.037	243	240	236	1	240	1	235	186
2	53	41.176	238	240	237	1	235	1	231	184
2	47	40.343	233	240	236	1	230	1	225	181
2	39	41.176	238	240	237	1	235	1	231	180
2	36	36.667	240	240	238	1	238	1	235	180
2	16	38.983	236	240	234	1	235	1	228	179
2	46	37.860	243	240	239	1	238	1	236	178
2	61	40.084	237	240	236	1	235	1	230	177
2	40	39.496	238	240	236	1	235	1	230	177
2	62	36.364	253	240	233	1	240	1	232	174
2	64	36.555	238	240	235	1	238	1	232	170
20	20	100.000	239	239	239	1	239	1	239	500
20	55	79.079	239	239	239	1	239	1	239	416
20	45	80.335	239	239	239	1	239	1	239	412
20	41	78.661	239	239	239	1	239	1	239	411
20	56	77.406	239	239	239	1	239	1	239	400
20	51	77.406	239	239	239	1	239	1	239	395
20	26	75.732	239	239	239	1	239	1	239	394
20	60	77.824	239	239	238	1	239	1	238	392
20	4	75.732	239	239	238	1	239	1	238	390
20	5	77.778	234	239	238	1	234	1	233	385
20	42	73.640	239	239	237	1	239	1	237	377
20	32	74.786	234	239	238	1	234	1	233	372
20	9	71.967	239	239	238	1	239	1	238	371
20	35	71.548	239	239	238	1	239	1	238	370
20	30	68.619	239	239	238	1	239	1	238	361
20	44	61.181	237	239	241	1	237	1	237	319
20	8	61.538	234	239	239	1	234	1	234	318
20	1	60.251	239	239	238	1	239	1	238	313
20	7	60.851	235	239	240	1	235	1	233	311
20	50	51.695	236	239	238	1	236	1	234	268
20	33	49.796	245	239	243	1	239	1	243	267
20	37	49.160	238	239	236	1	238	1	234	262
20	13	50.420	238	239	236	1	238	1	234	262
20	18	49.160	238	239	238	1	238	1	236	262
20	21	50.420	238	239	238	1	238	1	236	261
20	27	51.464	239	239	237	1	239	1	236	261
20	10	51.092	229	239	238	1	229	1	227	259
20	48	49.796	245	239	243	1	239	1	243	259
20	29	51.092	229	239	238	1	229	1	227	258
20	15	50.840	238	239	238	1	238	1	236	256
20	38	50.000	238	239	236	1	238	1	234	254
20	54	50.218	229	239	238	1	229	1	227	253
20	19	50.833	240	239	238	1	239	1	238	252
20	11	50.000	240	239	238	1	239	1	238	249
20	59	50.826	242	239	240	1	239	1	240	248
20	31	46.639	238	239	237	1	238	1	235	248
20	57	46.939	245	239	243	1	239	1	243	240
20	23	46.281	242	239	240	1	239	1	240	237
20	2	47.107	242	239	240	1	239	1	240	236
20	6	46.835	237	239	235	1	234	1	235	234
20	25	47.934	242	239	240	1	239	1	240	234
20	53	47.863	234	239	237	1	234	1	231	231
20	12	47.934	242	239	240	1	239	1	240	231
20	16	46.639	238	239	234	1	238	1	232	231
20	24	48.760	242	239	240	1	239	1	240	231
20	14	47.131	244	239	242	1	239	1	242	230
20	64	47.899	238	239	235	1	238	1	233	228
20	22	45.188	239	239	236	1	239	1	235	227
20	46	45.228	241	239	239	1	238	1	237	227
20	49	45.570	237	239	235	1	234	1	235	226
20	52	44.872	234	239	235	1	234	1	229	226
20	36	46.444	239	239	238	1	238	1	236	225
20	17	47.755	245	239	244	1	239	1	244	225
20	43	46.502	243	239	242	1	239	1	242	224
20	58	48.760	242	239	240	1	238	1	239	221
20	62	43.096	239	239	233	1	239	1	232	221
20	47	46.320	231	239	236	1	230	1	226	221
20	65	43.933	239	239	236	1	239	1	235	219
20	34	44.351	239	239	236	1	239	1	235	219
20	39	45.726	234	239	237	1	234	1	231	217
20	3	45.267	243	239	242	1	239	1	242	217
20	40	42.678	239	239	236	1	239	1	235	216
20	63	45.267	243	239	242	1	239	1	242	216
20	61	42.308	234	239	236	1	234	1	230	212
20	28	44.167	240	239	237	1	239	1	237	211
21	21	100.000	238	238	238	1	238	1	238	495
21	18	89.496	238	238	238	1	238	1	238	454
21	10	82.353	238	238	238	1	238	1	238	425
21	29	81.092	238	238	238	1	238	1	238	419
21	50	81.092	238	238	238	1	238	1	238	418
21	31	81.933	238	238	237	1	238	1	237	413
21	27	76.050	238	238	237	1	238	1	237	399
21	15	78.571	238	238	238	1	238	1	238	399
21	54	69.748	238	238	238	1	238	1	238	374
21	56	55.459	229	238	239	1	227	1	229	276
21	26	51.681	238	238	239	1	236	1	238	274
21	5	53.070	228	238	238	1	227	1	228	274
21	35	51.915	235	238	238	1	234	1	235	273
21	9	50.213	235	238	238	1	234	1	235	272
21	51	54.148	229	238	239	1	227	1	229	270
21	37	52.941	238	238	236	1	238	1	236	270
21	42	53.070	228	238	237	1	227	1	227	270
21	13	52.720	239	238	236	1	238	1	236	266
21	32	50.439	228	238	238	1	227	1	228	265
21	60	51.316	228	238	238	1	227	1	228	264
21	7	53.419	234	238	240	1	233	1	233	264
21	41	52.402	229	238	239	1	227	1	229	263
21	55	50.655	229	238	239	1	227	1	229	263
21	8	51.667	240	238	239	1	236	1	238	263
21	4	49.123	228	238	238	1	227	1	228	262
21	30	50.870	230	238	238	1	229	1	230	262
21	20	50.420	238	238	239	1	236	1	238	261
21	38	52.101	238	238	236	1	238	1	236	259
21	45	51.092	229	238	239	1	227	1	229	259
21	48	52.361	233	238	243	1	226	1	232	257
21	1	52.193	228	238	238	1	227	1	228	254
21	44	50.218	229	238	241	1	227	1	229	248
21	33	48.927	233	238	243	1	226	1	232	245
21	57	50.215	233	238	243	1	226	1	232	240
21	59	48.261	230	238	240	1	226	1	229	233
21	6	47.619	231	238	235	1	227	1	230	231
21	22	45.690	232	238	236	1	232	1	230	231
21	19	47.368	228	238	238	1	226	1	227	230
21	11	48.246	228	238	238	1	226	1	227	229
21	40	46.639	238	238	236	1	238	1	236	225
21	28	44.828	232	238	237	1	232	1	231	225
21	49	45.455	231	238	235	1	227	1	230	223
21	16	43.277	238	238	234	1	238	1	234	223
21	43	46.352	233	238	242	1	228	1	233	223
21	14	45.690	232	238	242	1	226	1	231	223
21	23	46.087	230	238	240	1	226	1	229	223
21	62	42.857	238	238	233	1	238	1	233	221
21	25	45.259	232	238	240	1	228	1	231	219
21	63	44.872	234	238	242	1	228	1	233	219
21	53	46.696	227	238	237	1	227	1	226	219
21	24	47.210	233	238	240	1	228	1	231	218
21	58	46.414	237	238	240	1	233	1	236	217
21	65	43.162	234	238	236	1	234	1	232	215
21	46	43.750	240	238	239	1	238	1	239	214
21	47	47.826	230	238	236	1	227	1	225	214
21	17	45.532	235	238	244	1	228	1	235	214
21	64	44.118	238	238	235	1	238	1	235	214
21	52	44.978	229	238	235	1	227	1	224	213
21	34	41.102	236	238	236	1	236	1	234	213
21	36	44.583	240	238	238	1	238	1	238	212
21	3	43.154	241	238	242	1	236	1	241	210
21	2	41.810	232	238	240	1	228	1	231	207
21	61	42.241	232	238	236	1	232	1	230	205
21	39	45.690	232	238	237	1	232	1	231	204
21	12	43.103	232	238	240	1	228	1	231	203
22	22	100.000	236	236	236	1	236	1	236	493
22	65	81.780	236	236	236	1	236	1	236	422
22	34	77.215	237	236	236	1	236	1	236	396
22	28	75.527	237	236	237	1	235	1	237	388
22	52	71.967	239	236	235	1	235	1	235	369
22	64	72.222	234	236	235	1	234	1	233	367
22	53	70.886	237	236	237	1	235	1	237	363
22	40	66.809	235	236	236	1	235	1	235	362
22	61	71.304	230	236	236	1	230	1	230	361
22	62	71.064	235	236	233	1	235	1	232	361
22	36	69.620	237	236	238	1	234	1	236	357
22	46	68.670	233	236	239	1	230	1	233	353
22	16	67.521	234	236	234	1	234	1	232	352
22	47	65.789	228	236	236	1	228	1	228	345
22	39	68.354	237	236	237	1	235	1	237	338
22	56	48.536	239	236	239	1	235	1	239	242
22	5	48.319	238	236	238	1	235	1	238	242
22	51	50.209	239	236	239	1	235	1	239	241
22	7	49.573	234	236	240	1	232	1	234	237
22	41	47.699	239	236	239	1	235	1	239	234
22	32	46.639	238	236	238	1	235	1	238	233
22	45	46.862	239	236	239	1	235	1	239	233
22	9	48.069	233	236	238	1	230	1	233	233
22	42	47.257	237	236	237	1	235	1	237	233
22	54	43.697	238	236	238	1	236	1	238	233
22	21	45.690	232	236	238	1	230	1	232	231
22	55	46.444	239	236	239	1	235	1	239	230
22	26	45.607	239	236	239	1	235	1	239	230
22	29	44.958	238	236	238	1	234	1	236	229
22	4	46.444	239	236	238	1	235	1	238	228
22	35	46.352	233	236	238	1	230	1	233	228
22	60	48.117	239	236	238	1	235	1	238	228
22	50	45.064	233	236	238	1	231	1	233	227
22	10	45.339	236	236	238	1	234	1	236	227
22	20	45.188	239	236	239	1	235	1	239	227
22	37	44.255	235	236	236	1	234	1	234	225
22	38	44.681	235	236	236	1	234	1	234	224
22	15	44.492	236	236	238	1	234	1	236	224
22	30	45.798	238	236	238	1	235	1	238	222
22	13	43.404	235	236	236	1	234	1	234	221
22	44	46.809	235	236	241	1	230	1	234	217
22	18	42.060	233	236	238	1	231	1	233	216
22	1	46.154	234	236	238	1	231	1	234	214
22	31	42.857	231	236	237	1	230	1	231	214
22	8	44.872	234	236	239	1	230	1	234	213
22	19	44.351	239	236	238	1	235	1	238	207
22	59	43.750	240	236	240	1	235	1	240	206
22	23	43.388	242	236	240	1	235	1	240	200
22	27	41.176	238	236	237	1	236	1	237	200
22	33	44.262	244	236	243	1	235	1	243	199
22	11	42.917	240	236	238	1	235	1	238	198
22	48	43.443	244	236	243	1	235	1	243	198
22	43	42.798	243	236	242	1	235	1	242	194
22	14	42.798	243	236	242	1	235	1	242	192
22	63	40.741	243	236	242	1	235	1	242	187
22	2	39.669	242	236	240	1	235	1	240	187
22	24	40.741	243	236	240	1	235	1	240	186
22	58	41.079	241	236	240	1	235	1	240	182
22	17	38.431	255	236	244	1	235	1	244	182
22	6	40.254	236	236	235	1	230	1	235	182
22	12	38.525	244	236	240	1	235	1	240	180
22	3	38.430	242	236	242	1	235	1	242	179
22	49	37.712	236	236	235	1	230	1	235	175
22	25	38.683	243	236	240	1	235	1	240	175
22	57	38.934	244	236	243	1	235	1	243	171
23	23	100.000	240	240	240	1	240	1	240	496
23	59	80.000	240	240	240	1	240	1	240	410
23	19	77.500	240	240	238	1	240	1	238	394
23	11	78.099	242	240	238	1	240	1	238	392
23	14	62.397	242	240	242	1	240	1	242	310
23	33	58.848	243	240	243	1	240	1	243	309
23	57	59.671	243	240	243	1	240	1	243	305
23	48	59.259	243	240	243	1	240	1	243	301
23	24	54.167	240	240	240	1	240	1	240	261
23	2	52.917	240	240	240	1	240	1	240	261
23	25	52.083	240	240	240	1	240	1	240	260
23	12	54.545	242	240	240	1	240	1	240	259
23	58	56.667	240	240	240	1	240	1	240	257
23	17	54.918	244	240	244	1	240	1	244	256
23	63	50.413	242	240	242	1	240	1	242	254
23	3	51.653	242	240	242	1	240	1	242	250
23	56	49.180	244	240	239	1	240	1	239	246
23	6	49.787	235	240	235	1	235	1	235	245
23	49	50.638	235	240	235	1	235	1	235	243
23	45	46.694	242	240	239	1	240	1	239	241
23	55	46.502	243	240	239	1	240	1	239	240
23	41	47.521	242	240	239	1	240	1	239	239
23	43	48.347	242	240	242	1	240	1	242	239
23	20	46.281	242	240	239	1	240	1	239	237
23	51	47.107	242	240	239	1	240	1	239	237
23	4	47.718	241	240	238	1	240	1	238	233
23	9	45.228	241	240	238	1	240	1	238	233
23	26	45.041	242	240	239	1	240	1	239	233
23	54	46.888	241	240	238	1	240	1	237	231
23	60	46.058	241	240	238	1	240	1	238	231
23	5	46.888	241	240	238	1	240	1	238	229
23	10	48.696	230	240	238	1	229	1	226	227
23	15	46.667	240	240	238	1	239	1	236	227
23	42	46.058	241	240	237	1	240	1	237	226
23	31	45.188	239	240	237	1	239	1	235	224
23	18	46.522	230	240	238	1	229	1	226	223
23	21	46.087	230	240	238	1	229	1	226	223
23	44	46.721	244	240	241	1	238	1	237	222
23	29	46.087	230	240	238	1	229	1	226	222
23	27	47.391	230	240	237	1	229	1	225	222
23	8	44.770	239	240	239	1	236	1	235	221
23	30	45.228	241	240	238	1	240	1	238	221
23	35	45.228	241	240	238	1	240	1	238	221
23	38	43.933	239	240	236	1	239	1	234	218
23	37	44.770	239	240	236	1	239	1	234	216
23	7	42.500	240	240	240	1	239	1	236	215
23	65	46.058	241	240	236	1	240	1	235	213
23	32	44.068	236	240	238	1	235	1	233	212
23	13	42.678	239	240	236	1	239	1	234	211
23	50	44.348	230	240	238	1	229	1	226	209
23	1	40.664	241	240	238	1	240	1	238	206
23	34	42.739	241	240	236	1	240	1	235	201
23	28	43.220	236	240	237	1	235	1	231	200
23	22	43.388	242	240	236	1	240	1	235	200
23	52	43.534	232	240	235	1	231	1	225	189
23	64	40.586	239	240	235	1	239	1	233	189
23	53	41.949	236	240	237	1	235	1	231	189
23	47	42.735	234	240	236	1	233	1	228	189
23	36	42.083	240	240	238	1	239	1	236	189
23	46	40.336	238	240	239	1	236	1	234	187
23	16	41.949	236	240	234	1	235	1	228	187
23	40	42.373	236	240	236	1	235	1	230	185
23	62	40.164	244	240	233	1	240	1	232	184
23	39	41.102	236	240	237	1	235	1	231	182
23	61	38.983	236	240	236	1	235	1	230	177
24	24	100.000	240	240	240	1	240	1	240	495
24	17	81.967	244	240	244	1	240	1	244	421
24	25	77.083	240	240	240	1	240	1	240	407
24	2	77.500	240	240	240	1	240	1	240	398
24	12	73.333	240	240	240	1	240	1	240	391
24	43	73.140	242	240	242	1	240	1	242	386
24	3	76.033	242	240	242	1	240	1	242	382
24	63	70.661	242	240	242	1	240	1	242	364
24	58	62.917	240	240	240	1	240	1	240	307
24	14	57.438	242	240	242	1	240	1	242	290
24	19	57.917	240	240	238	1	240	1	238	289
24	33	57.613	243	240	243	1	240	1	243	288
24	11	57.917	240	240	238	1	240	1	238	285
24	48	55.967	243	240	243	1	240	1	243	283
24	57	55.144	243	240	243	1	240	1	243	280
24	59	56.250	240	240	240	1	240	1	240	275
24	6	54.894	235	240	235	1	235	1	235	274
24	49	54.468	235	240	235	1	235	1	235	273
24	23	54.167	240	240	240	1	240	1	240	261
24	26	50.826	242	240	239	1	240	1	239	241
24	4	51.440	243	240	238	1	240	1	238	241
24	60	49.378	241	240	238	1	240	1	238	235
24	55	47.521	242	240	239	1	240	1	239	233
24	51	49.174	242	240	239	1	240	1	239	233
24	35	48.347	242	240	238	1	240	1	238	233
24	9	48.133	241	240	238	1	240	1	238	232
24	45	48.347	242	240	239	1	240	1	239	231
24	20	48.760	242	240	239	1	240	1	239	231
24	32	46.888	241	240	238	1	240	1	238	230
24	5	48.133	241	240	238	1	240	1	238	229
24	29	48.750	240	240	238	1	239	1	236	228
24	42	48.548	241	240	237	1	240	1	237	228
24	56	48.347	242	240	239	1	240	1	239	227
24	54	47.718	241	240	238	1	240	1	237	226
24	30	46.473	241	240	238	1	240	1	238	225
24	41	47.107	242	240	239	1	240	1	239	224
24	18	48.117	239	240	238	1	237	1	234	224
24	7	46.473	241	240	240	1	239	1	236	223
24	37	45.607	239	240	236	1	239	1	234	223
24	15	48.523	237	240	238	1	236	1	233	221
24	10	46.983	232	240	238	1	231	1	228	219
24	13	44.770	239	240	236	1	239	1	234	218
24	21	47.210	233	240	238	1	231	1	228	218
24	50	47.083	240	240	238	1	239	1	236	216
24	27	48.291	234	240	237	1	231	1	227	214
24	44	46.444	239	240	241	1	237	1	236	214
24	38	45.188	239	240	236	1	239	1	234	213
24	1	45.902	244	240	238	1	240	1	238	211
24	8	44.958	238	240	239	1	236	1	235	208
24	31	44.397	232	240	237	1	231	1	227	200
24	65	41.322	242	240	236	1	240	1	235	194
24	53	42.797	236	240	237	1	235	1	231	193
24	28	42.373	236	240	237	1	235	1	231	193
24	36	41.079	241	240	238	1	239	1	236	192
24	34	40.249	241	240	236	1	240	1	235	191
24	46	40.909	242	240	239	1	236	1	234	190
24	52	42.194	237	240	235	1	235	1	229	189
24	22	40.741	243	240	236	1	240	1	235	186
24	40	40.851	235	240	236	1	235	1	230	183
24	61	40.506	237	240	236	1	235	1	230	181
24	47	40.678	236	240	236	1	234	1	229	181
24	16	39.831	236	240	234	1	235	1	228	180
24	39	42.437	238	240	237	1	235	1	231	175
24	64	39.149	235	240	235	1	235	1	229	175
24	62	37.917	240	240	233	1	240	1	232	172
25	25	100.000	240	240	240	1	240	1	240	497
25	12	79.167	240	240	240	1	240	1	240	415
25	2	80.417	240	240	240	1	240	1	240	414
25	24	77.083	240	240	240	1	240	1	240	407
25	17	77.049	244	240	244	1	240	1	244	407
25	43	74.380	242	240	242	1	240	1	242	387
25	3	73.554	242	240	242	1	240	1	242	380
25	63	70.661	242	240	242	1	240	1	242	376
25	58	62.083	240	240	240	1	240	1	240	305
25	33	57.202	243	240	243	1	240	1	243	290
25	48	55.967	243	240	243	1	240	1	243	289
25	11	56.250	240	240	238	1	240	1	238	281
25	57	54.321	243	240	243	1	240	1	243	277
25	19	55.000	240	240	238	1	240	1	238	272
25	6	51.915	235	240	235	1	235	1	235	271
25	59	53.333	240	240	240	1	240	1	240	271
25	14	51.653	242	240	242	1	240	1	242	265
25	23	52.083	240	240	240	1	240	1	240	260
25	49	47.234	235	240	235	1	235	1	235	250
25	55	49.174	242	240	239	1	240	1	239	247
25	56	49.383	243	240	239	1	240	1	239	239
25	4	48.133	241	240	238	1	240	1	238	236
25	45	47.934	242	240	239	1	240	1	239	235
25	60	48.133	241	240	238	1	240	1	238	235
25	20	47.934	242	240	239	1	240	1	239	234
25	51	48.148	243	240	239	1	240	1	239	234
25	9	46.888	241	240	238	1	240	1	238	233
25	41	46.914	243	240	239	1	240	1	239	231
25	5	47.521	242	240	238	1	240	1	238	229
25	7	46.667	240	240	240	1	239	1	236	228
25	32	45.455	242	240	238	1	240	1	238	228
25	42	48.347	242	240	237	1	240	1	237	228
25	35	45.868	242	240	238	1	240	1	238	227
25	26	46.502	243	240	239	1	240	1	239	226
25	18	46.121	232	240	238	1	231	1	228	226
25	37	45.833	240	240	236	1	239	1	234	225
25	29	45.417	240	240	238	1	239	1	236	224
25	30	43.983	241	240	238	1	240	1	238	224
25	54	43.983	241	240	238	1	240	1	237	223
25	21	45.259	232	240	238	1	231	1	228	219
25	15	45.798	238	240	238	1	235	1	232	219
25	1	46.694	242	240	238	1	240	1	238	219
25	10	43.882	237	240	238	1	236	1	233	217
25	27	46.352	233	240	237	1	231	1	227	217
25	50	44.583	240	240	238	1	239	1	236	217
25	13	43.333	240	240	236	1	239	1	234	216
25	8	45.570	237	240	239	1	235	1	234	215
25	38	43.750	240	240	236	1	239	1	234	214
25	31	44.156	231	240	237	1	231	1	227	208
25	44	45.188	239	240	241	1	237	1	236	207
25	36	40.249	241	240	238	1	239	1	236	192
25	46	40.249	241	240	239	1	235	1	233	185
25	52	40.000	235	240	235	1	233	1	227	184
25	28	38.397	237	240	237	1	236	1	232	183
25	34	37.860	243	240	236	1	240	1	235	182
25	53	39.831	236	240	237	1	235	1	231	181
25	40	40.086	232	240	236	1	230	1	225	181
25	61	40.928	237	240	236	1	235	1	230	181
25	65	38.843	242	240	236	1	240	1	235	180
25	47	39.056	233	240	236	1	230	1	225	178
25	16	38.397	237	240	234	1	236	1	229	177
25	22	38.683	243	240	236	1	240	1	235	175
25	62	35.537	242	240	233	1	240	1	232	174
25	64	37.917	240	240	235	1	239	1	233	167
25	39	37.712	236	240	237	1	235	1	231	166
26	26	100.000	239	239	239	1	239	1	239	499
26	41	78.243	239	239	239	1	239	1	239	410
26	51	77.406	239	239	239	1	239	1	239	396
26	56	76.987	239	239	239	1	239	1	239	395
26	20	75.732	239	239	239	1	239	1	239	394
26	4	74.895	239	239	238	1	239	1	238	389
26	55	72.803	239	239	239	1	239	1	239	387
26	45	73.222	239	239	239	1	239	1	239	384
26	42	72.803	239	239	237	1	239	1	237	378
26	60	73.222	239	239	238	1	239	1	238	374
26	5	72.385	239	239	238	1	239	1	238	374
26	9	72.803	239	239	238	1	239	1	238	371
26	32	70.293	239	239	238	1	239	1	238	365
26	30	67.782	239	239	238	1	239	1	238	362
26	35	66.527	239	239	238	1	239	1	238	347
26	8	61.111	234	239	239	1	234	1	234	317
26	44	62.393	234	239	241	1	234	1	234	315
26	7	60.851	235	239	240	1	234	1	232	306
26	1	56.838	234	239	238	1	234	1	233	293
26	29	53.782	238	239	238	1	238	1	236	275
26	21	51.681	238	239	238	1	238	1	236	274
26	18	51.681	238	239	238	1	238	1	236	274
26	50	52.119	236	239	238	1	236	1	234	271
26	54	51.883	239	239	238	1	239	1	237	271
26	10	52.137	234	239	238	1	234	1	232	271
26	15	51.681	238	239	238	1	238	1	236	270
26	31	48.963	241	239	237	1	238	1	235	260
26	27	51.867	241	239	237	1	239	1	236	258
26	37	49.580	238	239	236	1	238	1	234	256
26	33	47.347	245	239	243	1	239	1	243	253
26	38	49.573	234	239	236	1	234	1	230	250
26	48	47.347	245	239	243	1	239	1	243	250
26	59	48.347	242	239	240	1	239	1	240	247
26	19	48.133	241	239	238	1	239	1	238	246
26	6	48.523	237	239	235	1	234	1	235	244
26	11	47.917	240	239	238	1	239	1	238	243
26	13	47.863	234	239	236	1	234	1	230	243
26	49	48.101	237	239	235	1	234	1	235	243
26	24	50.826	242	239	240	1	239	1	240	241
26	57	47.347	245	239	243	1	239	1	243	240
26	23	45.041	242	239	240	1	239	1	240	233
26	58	49.174	242	239	240	1	239	1	240	232
26	17	47.347	245	239	244	1	239	1	244	232
26	16	46.581	234	239	234	1	234	1	228	231
26	22	45.607	239	239	236	1	239	1	235	230
26	43	46.502	243	239	242	1	239	1	242	231
26	52	44.681	235	239	235	1	235	1	230	228
26	65	44.351	239	239	236	1	239	1	235	228
26	62	45.188	239	239	233	1	239	1	232	228
26	63	46.914	243	239	242	1	239	1	242	227
26	25	46.502	243	239	240	1	239	1	240	226
26	3	46.091	243	239	242	1	239	1	242	226
26	2	43.802	242	239	240	1	239	1	240	225
26	36	46.025	239	239	238	1	238	1	236	224
26	53	45.339	236	239	237	1	235	1	232	223
26	46	44.958	238	239	239	1	234	1	233	221
26	40	42.678	239	239	236	1	239	1	235	221
26	47	45.339	236	239	236	1	235	1	231	220
26	14	44.672	244	239	242	1	239	1	242	221
26	34	43.333	240	239	236	1	239	1	235	219
26	39	42.797	236	239	237	1	235	1	232	218
26	61	42.797	236	239	236	1	235	1	231	216
26	64	44.958	238	239	235	1	238	1	233	216
26	28	44.017	234	239	237	1	234	1	231	215
26	12	44.033	243	239	240	1	239	1	240	214
27	27	100.000	237	237	237	1	237	1	237	489
27	21	76.050	238	237	238	1	237	1	238	399
27	18	75.630	238	237	238	1	237	1	238	396
27	10	73.109	238	237	238	1	237	1	238	384
27	50	73.529	238	237	238	1	237	1	238	382
27	31	73.529	238	237	237	1	237	1	237	374
27	29	66.807	238	237	238	1	237	1	238	362
27	15	70.588	238	237	238	1	237	1	238	360
27	54	63.866	238	237	238	1	237	1	238	338
27	5	53.509	228	237	238	1	226	1	228	263
27	56	53.750	240	237	239	1	236	1	239	261
27	37	56.332	229	237	236	1	227	1	226	261
27	20	51.464	239	237	239	1	236	1	239	261
27	41	52.720	239	237	239	1	236	1	239	261
27	55	51.037	241	237	239	1	236	1	239	259
27	42	53.712	229	237	237	1	226	1	227	258
27	26	51.867	241	237	239	1	236	1	239	258
27	8	50.420	238	237	239	1	235	1	238	257
27	51	53.712	229	237	239	1	226	1	229	257
27	7	52.720	239	237	240	1	237	1	238	256
27	13	55.263	228	237	236	1	227	1	226	256
27	60	52.193	228	237	238	1	226	1	228	255
27	35	51.489	235	237	238	1	233	1	235	253
27	9	51.754	228	237	238	1	226	1	228	253
27	30	51.304	230	237	238	1	228	1	230	253
27	4	50.877	228	237	238	1	226	1	228	253
27	45	50.209	239	237	239	1	236	1	239	251
27	1	52.193	228	237	238	1	226	1	228	249
27	38	53.509	228	237	236	1	227	1	226	248
27	33	48.770	244	237	243	1	236	1	243	248
27	32	50.439	228	237	238	1	226	1	228	248
27	44	52.402	229	237	241	1	226	1	229	248
27	48	49.590	244	237	243	1	236	1	243	244
27	57	48.361	244	237	243	1	236	1	243	235
27	59	50.000	230	237	240	1	225	1	229	233
27	6	46.320	231	237	235	1	226	1	230	229
27	19	48.035	229	237	238	1	225	1	227	227
27	11	50.000	228	237	238	1	225	1	227	224
27	23	47.391	230	237	240	1	225	1	229	222
27	25	46.352	233	237	240	1	227	1	231	217
27	17	46.610	236	237	244	1	227	1	235	217
27	62	45.378	238	237	233	1	237	1	233	215
27	49	46.753	231	237	235	1	226	1	230	215
27	24	48.291	234	237	240	1	227	1	231	214
27	28	46.552	232	237	237	1	231	1	231	213
27	63	43.830	235	237	242	1	227	1	233	211
27	3	44.672	244	237	242	1	236	1	242	209
27	43	43.777	233	237	242	1	227	1	233	208
27	14	43.621	243	237	242	1	236	1	242	208
27	65	44.538	238	237	236	1	237	1	236	207
27	53	45.374	227	237	237	1	226	1	226	206
27	46	45.833	240	237	239	1	237	1	239	205
27	34	42.437	238	237	236	1	237	1	236	204
27	16	42.017	238	237	234	1	237	1	234	203
27	2	41.810	232	237	240	1	227	1	231	203
27	52	45.374	227	237	235	1	226	1	224	201
27	12	43.103	232	237	240	1	227	1	231	200
27	22	41.176	238	237	236	1	237	1	236	200
27	39	45.815	227	237	237	1	226	1	226	199
27	64	43.697	238	237	235	1	237	1	235	197
27	40	44.167	240	237	236	1	237	1	236	197
27	47	46.696	227	237	236	1	226	1	225	196
27	58	43.038	237	237	240	1	232	1	236	195
27	36	43.333	240	237	238	1	237	1	238	190
27	61	42.358	229	237	236	1	228	1	227	186
28	28	100.000	237	237	237	1	237	1	237	494
28	34	81.545	233	237	236	1	233	1	232	412
28	22	75.527	237	237	236	1	237	1	235	388
28	65	71.861	231	237	236	1	231	1	230	376
28	46	71.548	239	237	239	1	237	1	239	374
28	53	69.198	237	237	237	1	237	1	237	365
28	36	69.456	239	237	238	1	237	1	238	361
28	64	70.464	237	237	235	1	237	1	235	358
28	52	68.776	237	237	235	1	237	1	235	356
28	40	68.354	237	237	236	1	237	1	236	352
28	62	69.397	232	237	233	1	232	1	228	347
28	16	68.354	237	237	234	1	237	1	234	347
28	47	66.245	237	237	236	1	237	1	236	346
28	61	65.401	237	237	236	1	237	1	236	342
28	39	66.667	237	237	237	1	237	1	237	334
28	5	47.234	235	237	238	1	233	1	235	239
28	54	46.552	232	237	238	1	231	1	232	239
28	9	45.494	233	237	238	1	231	1	233	229
28	50	46.552	232	237	238	1	231	1	232	229
28	51	47.917	240	237	239	1	237	1	239	228
28	10	46.154	234	237	238	1	233	1	234	227
28	55	46.250	240	237	239	1	237	1	239	227
28	21	44.828	232	237	238	1	231	1	232	225
28	56	45.417	240	237	239	1	237	1	239	224
28	32	44.492	236	237	238	1	233	1	235	224
28	42	45.726	234	237	237	1	233	1	234	224
28	35	44.206	233	237	238	1	231	1	233	224
28	29	41.631	233	237	238	1	232	1	233	223
28	18	43.966	232	237	238	1	231	1	232	223
28	15	44.118	238	237	238	1	237	1	238	222
28	45	46.250	240	237	239	1	237	1	239	222
28	60	45.494	233	237	238	1	231	1	233	222
28	30	45.299	234	237	238	1	232	1	234	219
28	41	47.234	235	237	239	1	232	1	235	219
28	4	44.206	233	237	238	1	231	1	233	219
28	31	44.828	232	237	237	1	231	1	231	217
28	26	44.017	234	237	239	1	231	1	234	215
28	7	43.966	232	237	240	1	231	1	232	215
28	27	46.552	232	237	237	1	231	1	231	213
28	38	42.735	234	237	236	1	233	1	232	212
28	44	45.299	234	237	241	1	231	1	234	211
28	20	44.167	240	237	239	1	237	1	239	211
28	37	43.348	233	237	236	1	232	1	231	211
28	8	44.017	234	237	239	1	231	1	234	209
28	13	43.590	234	237	236	1	233	1	232	209
28	1	42.735	234	237	238	1	232	1	234	202
28	23	43.220	236	237	240	1	231	1	235	200
28	19	44.017	234	237	238	1	231	1	233	200
28	33	42.259	239	237	243	1	231	1	238	197
28	48	42.798	243	237	243	1	232	1	239	196
28	59	42.373	236	237	240	1	231	1	235	194
28	58	43.460	237	237	240	1	231	1	235	193
28	24	42.373	236	237	240	1	231	1	235	193
28	43	40.833	240	237	242	1	234	1	240	191
28	63	40.329	243	237	242	1	234	1	240	188
28	17	39.331	239	237	244	1	231	1	239	187
28	2	39.331	239	237	240	1	234	1	238	186
28	11	39.744	234	237	238	1	231	1	233	184
28	14	41.494	241	237	242	1	231	1	237	184
28	25	38.397	237	237	240	1	232	1	236	183
28	12	37.975	237	237	240	1	232	1	236	182
28	57	41.841	239	237	243	1	231	1	238	182
28	6	40.506	237	237	235	1	231	1	235	180
28	49	40.084	237	237	235	1	231	1	235	177
28	3	37.500	232	237	242	1	226	1	232	169
29	29	100.000	238	238	238	1	238	1	238	496
29	18	82.773	238	238	238	1	238	1	238	420
29	21	81.092	238	238	238	1	238	1	238	419
29	10	77.731	238	238	238	1	238	1	238	410
29	15	79.412	238	238	238	1	238	1	238	405
29	50	74.790	238	238	238	1	238	1	238	392
29	31	75.210	238	238	237	1	238	1	237	384
29	54	71.429	238	238	238	1	238	1	238	383
29	27	66.807	238	238	237	1	238	1	237	362
29	9	55.263	228	238	238	1	227	1	228	281
29	37	55.882	238	238	236	1	238	1	236	280
29	35	53.648	233	238	238	1	232	1	233	278
29	5	52.991	234	238	238	1	233	1	234	277
29	26	53.782	238	238	239	1	236	1	238	275
29	30	53.419	234	238	238	1	233	1	234	275
29	51	52.941	238	238	239	1	236	1	238	275
29	56	54.622	238	238	239	1	236	1	238	273
29	60	51.477	237	238	238	1	236	1	237	270
29	42	52.991	234	238	237	1	233	1	233	270
29	32	52.137	234	238	238	1	233	1	234	269
29	55	50.420	238	238	239	1	236	1	238	267
29	38	52.941	238	238	236	1	238	1	236	267
29	13	52.941	238	238	236	1	238	1	236	266
29	4	50.633	237	238	238	1	236	1	237	265
29	41	50.420	238	238	239	1	236	1	238	264
29	45	49.580	238	238	239	1	236	1	238	261
29	20	51.092	229	238	239	1	227	1	229	258
29	7	51.477	237	238	240	1	236	1	235	256
29	8	50.855	234	238	239	1	232	1	234	256
29	1	49.153	236	238	238	1	235	1	236	249
29	48	50.617	243	238	243	1	236	1	242	249
29	44	49.345	229	238	241	1	227	1	229	244
29	33	49.356	233	238	243	1	226	1	232	243
29	6	48.052	231	238	235	1	227	1	230	236
29	62	44.206	233	238	233	1	233	1	228	234
29	19	48.246	228	238	238	1	226	1	227	234
29	16	42.857	238	238	234	1	238	1	234	232
29	59	47.826	230	238	240	1	226	1	229	232
29	49	47.619	231	238	235	1	227	1	230	231
29	43	48.498	233	238	242	1	228	1	233	231
29	57	47.737	243	238	243	1	236	1	242	230
29	22	44.958	238	238	236	1	236	1	234	229
29	24	48.750	240	238	240	1	236	1	239	228
29	63	46.781	233	238	242	1	228	1	233	227
29	11	46.930	228	238	238	1	226	1	227	225
29	53	46.256	227	238	237	1	227	1	226	225
29	2	46.983	232	238	240	1	228	1	231	225
29	25	45.417	240	238	240	1	236	1	239	224
29	28	41.631	233	238	237	1	233	1	232	223
29	17	46.091	243	238	244	1	236	1	243	223
29	47	46.930	228	238	236	1	227	1	225	222
29	23	46.087	230	238	240	1	226	1	229	222
29	65	43.220	236	238	236	1	236	1	234	221
29	46	44.978	229	238	239	1	227	1	228	221
29	14	42.975	242	238	242	1	236	1	241	221
29	12	45.000	240	238	240	1	236	1	239	219
29	64	44.538	238	238	235	1	238	1	235	218
29	52	45.374	227	238	235	1	227	1	224	218
29	40	43.103	232	238	236	1	232	1	230	218
29	36	43.333	240	238	238	1	238	1	238	217
29	58	46.250	240	238	240	1	236	1	239	216
29	3	44.813	241	238	242	1	236	1	241	215
29	39	45.259	232	238	237	1	232	1	231	214
29	34	39.407	236	238	236	1	236	1	234	214
29	61	41.379	232	238	236	1	232	1	230	209
3	3	100.000	242	242	242	1	242	1	242	503
3	43	76.860	242	242	242	1	242	1	242	405
3	17	76.230	244	242	244	1	242	1	244	390
3	63	73.140	242	242	242	1	242	1	242	383
3	24	76.033	242	242	240	1	242	1	240	382
3	25	73.554	242	242	240	1	242	1	240	380
3	2	71.901	242	242	240	1	242	1	240	362
3	12	70.248	242	242	240	1	242	1	240	354
3	58	59.091	242	242	240	1	242	1	240	277
3	33	53.878	245	242	243	1	242	1	243	272
3	48	54.694	245	242	243	1	242	1	243	271
3	11	55.785	242	242	238	1	242	1	238	264
3	49	53.165	237	242	235	1	237	1	235	263
3	19	54.959	242	242	238	1	242	1	238	263
3	14	53.689	244	242	242	1	242	1	242	263
3	57	52.653	245	242	243	1	242	1	243	263
3	6	52.743	237	242	235	1	237	1	235	257
3	59	53.719	242	242	240	1	242	1	240	256
3	23	51.653	242	242	240	1	242	1	240	250
3	9	48.347	242	242	238	1	242	1	238	236
3	35	47.521	242	242	238	1	242	1	238	234
3	55	46.914	243	242	239	1	242	1	239	233
3	32	47.934	242	242	238	1	242	1	238	232
3	26	46.091	243	242	239	1	242	1	239	226
3	4	46.694	242	242	238	1	242	1	238	225
3	7	46.473	241	242	240	1	241	1	236	224
3	60	47.521	242	242	238	1	242	1	238	224
3	56	47.131	244	242	239	1	242	1	239	224
3	5	47.107	242	242	238	1	242	1	238	222
3	51	44.856	243	242	239	1	242	1	239	222
3	54	46.281	242	242	238	1	242	1	237	221
3	42	47.934	242	242	237	1	242	1	237	221
3	37	48.523	237	242	236	1	237	1	230	221
3	30	45.041	242	242	238	1	242	1	238	218
3	20	45.267	243	242	239	1	242	1	239	217
3	45	44.856	243	242	239	1	242	1	239	217
3	41	43.621	243	242	239	1	242	1	239	216
3	29	44.813	241	242	238	1	241	1	236	215
3	44	45.643	241	242	241	1	240	1	237	215
3	15	45.455	242	242	238	1	241	1	236	212
3	18	44.856	243	242	238	1	241	1	236	212
3	21	43.154	241	242	238	1	241	1	236	210
3	8	43.568	241	242	239	1	238	1	235	209
3	38	45.798	238	242	236	1	238	1	231	209
3	27	44.672	244	242	237	1	242	1	236	209
3	1	42.975	242	242	238	1	242	1	238	209
3	13	44.538	238	242	236	1	238	1	231	208
3	50	44.033	243	242	238	1	241	1	236	205
3	10	41.909	241	242	238	1	241	1	236	204
3	31	41.494	241	242	237	1	241	1	235	194
3	46	40.083	242	242	239	1	238	1	234	189
3	36	39.004	241	242	238	1	241	1	236	187
3	52	40.773	233	242	235	1	232	1	224	186
3	65	39.669	242	242	236	1	242	1	235	184
3	62	40.083	242	242	233	1	242	1	232	181
3	22	38.430	242	242	236	1	242	1	235	179
3	40	39.485	233	242	236	1	232	1	225	178
3	64	40.517	232	242	235	1	232	1	224	177
3	16	37.344	241	242	234	1	241	1	232	177
3	53	40.586	239	242	237	1	237	1	231	177
3	34	38.017	242	242	236	1	242	1	235	176
3	47	38.525	244	242	236	1	232	1	225	174
3	61	37.131	237	242	236	1	237	1	230	171
3	28	37.500	232	242	237	1	232	1	226	169
3	39	39.076	238	242	237	1	237	1	231	167
30	30	100.000	238	238	238	1	238	1	238	501
30	32	81.092	238	238	238	1	238	1	238	421
30	42	78.571	238	238	237	1	238	1	237	400
30	35	75.630	238	238	238	1	238	1	238	399
30	9	73.950	238	238	238	1	238	1	238	395
30	5	75.210	238	238	238	1	238	1	238	391
30	4	74.370	238	238	238	1	238	1	238	388
30	60	71.849	238	238	238	1	238	1	238	376
30	41	71.967	239	238	239	1	238	1	239	375
30	56	69.038	239	238	239	1	238	1	239	367
30	51	68.619	239	238	239	1	238	1	239	363
30	26	67.782	239	238	239	1	238	1	239	362
30	20	68.619	239	238	239	1	238	1	239	361
30	45	68.333	240	238	239	1	238	1	239	358
30	55	66.109	239	238	239	1	238	1	239	358
30	1	60.084	238	238	238	1	238	1	238	316
30	7	58.898	236	238	240	1	236	1	235	307
30	8	57.500	240	238	239	1	235	1	236	305
30	44	59.402	234	238	241	1	233	1	234	302
30	37	56.170	235	238	236	1	235	1	232	286
30	29	53.419	234	238	238	1	234	1	233	275
30	38	51.931	233	238	236	1	233	1	230	269
30	10	50.855	234	238	238	1	234	1	233	264
30	54	53.509	228	238	238	1	228	1	227	263
30	21	50.870	230	238	238	1	230	1	229	262
30	15	53.648	233	238	238	1	233	1	232	261
30	50	49.145	234	238	238	1	234	1	233	261
30	13	49.356	233	238	236	1	233	1	230	259
30	18	50.215	233	238	238	1	233	1	232	259
30	31	50.215	233	238	237	1	233	1	231	255
30	27	51.304	230	238	237	1	230	1	228	253
30	33	47.131	244	238	243	1	238	1	243	246
30	16	50.427	234	238	234	1	234	1	229	245
30	49	49.576	236	238	235	1	233	1	235	244
30	48	47.131	244	238	243	1	238	1	243	240
30	6	48.729	236	238	235	1	233	1	235	239
30	11	49.372	239	238	238	1	238	1	238	238
30	19	49.372	239	238	238	1	238	1	238	238
30	59	48.963	241	238	240	1	238	1	240	234
30	62	47.436	234	238	233	1	234	1	228	232
30	53	48.085	235	238	237	1	233	1	231	229
30	43	45.868	242	238	242	1	238	1	242	229
30	36	46.581	234	238	238	1	233	1	232	228
30	46	45.726	234	238	239	1	233	1	233	227
30	17	46.721	244	238	244	1	238	1	244	227
30	57	44.262	244	238	243	1	238	1	243	225
30	24	46.473	241	238	240	1	238	1	240	225
30	25	43.983	241	238	240	1	238	1	240	224
30	22	45.798	238	238	236	1	238	1	235	222
30	58	47.899	238	238	240	1	235	1	237	221
30	23	45.228	241	238	240	1	238	1	240	221
30	64	47.863	234	238	235	1	234	1	230	220
30	28	45.299	234	238	237	1	234	1	232	219
30	3	45.041	242	238	242	1	238	1	242	218
30	52	44.017	234	238	235	1	233	1	229	217
30	47	47.162	229	238	236	1	228	1	225	217
30	40	44.444	234	238	236	1	233	1	230	215
30	63	43.802	242	238	242	1	238	1	242	215
30	12	43.154	241	238	240	1	238	1	240	215
30	65	45.188	239	238	236	1	238	1	235	214
30	61	42.735	234	238	236	1	233	1	230	214
30	34	43.277	238	238	236	1	238	1	235	213
30	39	44.635	233	238	237	1	233	1	231	212
30	2	42.324	241	238	240	1	238	1	240	211
30	14	44.033	243	238	242	1	238	1	242	211
31	31	100.000	237	237	237	1	237	1	237	491
31	18	83.613	238	237	238	1	237	1	238	419
31	21	81.933	238	237	238	1	237	1	238	413
31	15	76.891	238	237	238	1	237	1	238	390
31	50	77.311	238	237	238	1	237	1	238	388
31	10	76.050	238	237	238	1	237	1	238	387
31	29	75.210	238	237	238	1	237	1	238	384
31	27	73.529	238	237	237	1	237	1	237	374
31	54	67.227	238	237	238	1	237	1	238	363
31	37	54.430	237	237	236	1	237	1	236	273
31	13	53.586	237	237	236	1	237	1	236	266
31	42	51.542	227	237	237	1	226	1	227	264
31	56	51.709	234	237	239	1	231	1	234	263
31	38	53.586	237	237	236	1	237	1	236	262
31	5	50.644	233	237	238	1	231	1	233	261
31	35	51.502	233	237	238	1	231	1	233	260
31	26	48.963	241	237	239	1	235	1	238	260
31	7	50.000	238	237	240	1	237	1	238	256
31	30	50.215	233	237	238	1	231	1	233	255
31	51	47.899	238	237	239	1	235	1	238	252
31	9	48.246	228	237	238	1	226	1	228	251
31	55	46.581	234	237	239	1	231	1	234	249
31	44	47.257	237	237	241	1	234	1	237	249
31	45	47.436	234	237	239	1	231	1	234	248
31	20	46.639	238	237	239	1	235	1	238	248
31	32	48.069	233	237	238	1	231	1	233	248
31	60	47.660	235	237	238	1	231	1	233	247
31	8	48.472	229	237	239	1	226	1	229	247
31	41	49.145	234	237	239	1	231	1	234	246
31	1	49.561	228	237	238	1	226	1	228	243
31	4	46.352	233	237	238	1	231	1	233	243
31	48	48.148	243	237	243	1	235	1	242	237
31	33	45.267	243	237	243	1	235	1	242	230
31	59	46.025	239	237	240	1	235	1	239	226
31	23	45.188	239	237	240	1	235	1	239	224
31	57	46.502	243	237	243	1	235	1	242	223
31	19	45.374	227	237	238	1	225	1	227	218
31	28	44.828	232	237	237	1	231	1	231	217
31	62	43.515	239	237	233	1	237	1	233	215
31	6	44.783	230	237	235	1	226	1	230	214
31	22	42.857	231	237	236	1	231	1	230	214
31	11	44.304	237	237	238	1	235	1	237	213
31	16	40.506	237	237	234	1	237	1	234	211
31	25	44.156	231	237	240	1	227	1	231	208
31	49	44.348	230	237	235	1	226	1	230	207
31	14	42.149	242	237	242	1	235	1	241	207
31	64	42.616	237	237	235	1	237	1	235	204
31	40	41.350	237	237	236	1	237	1	236	203
31	47	43.805	226	237	236	1	226	1	225	202
31	52	42.920	226	237	235	1	226	1	224	202
31	65	40.426	235	237	236	1	235	1	234	202
31	17	42.678	239	237	244	1	231	1	239	201
31	53	43.534	232	237	237	1	231	1	231	200
31	58	45.992	237	237	240	1	231	1	235	200
31	43	43.348	233	237	242	1	227	1	233	200
31	12	43.290	231	237	240	1	227	1	231	200
31	46	41.250	240	237	239	1	237	1	239	200
31	24	44.397	232	237	240	1	227	1	231	200
31	63	40.773	233	237	242	1	227	1	233	199
31	34	40.254	236	237	236	1	235	1	234	199
31	2	41.277	235	237	240	1	231	1	235	199
31	61	40.928	237	237	236	1	237	1	236	197
31	36	40.000	240	237	238	1	237	1	238	196
31	3	41.494	241	237	242	1	235	1	241	194
31	39	41.810	232	237	237	1	231	1	231	189
32	32	100.000	238	238	238	1	238	1	238	497
32	30	81.092	238	238	238	1	238	1	238	421
32	5	81.513	238	238	238	1	238	1	238	414
32	35	80.672	238	238	238	1	238	1	238	413
32	9	79.832	238	238	238	1	238	1	238	409
32	42	79.412	238	238	237	1	238	1	237	403
32	60	77.311	238	238	238	1	238	1	238	393
32	4	76.891	238	238	238	1	238	1	238	390
32	20	74.786	234	238	239	1	233	1	234	372
32	41	72.803	239	238	239	1	238	1	239	369
32	51	72.574	237	238	239	1	234	1	235	367
32	56	71.130	239	238	239	1	238	1	239	365
32	26	70.293	239	238	239	1	238	1	239	365
32	55	70.293	239	238	239	1	238	1	239	363
32	45	70.711	239	238	239	1	238	1	239	361
32	7	60.593	236	238	240	1	236	1	235	315
32	8	60.504	238	238	239	1	233	1	234	310
32	1	59.244	238	238	238	1	238	1	238	307
32	44	60.593	236	238	241	1	233	1	234	306
32	37	54.894	235	238	236	1	235	1	232	283
32	38	55.794	233	238	236	1	233	1	230	281
32	13	51.502	233	238	236	1	233	1	230	268
32	29	52.137	234	238	238	1	234	1	233	269
32	10	50.213	235	238	238	1	235	1	234	267
32	54	53.070	228	238	238	1	228	1	227	267
32	18	50.644	233	238	238	1	233	1	232	265
32	21	50.439	228	238	238	1	228	1	227	265
32	15	52.790	233	238	238	1	233	1	232	264
32	50	48.927	233	238	238	1	233	1	232	259
32	49	50.424	236	238	235	1	233	1	235	252
32	33	48.536	239	238	243	1	233	1	238	251
32	27	50.439	228	238	237	1	228	1	226	248
32	31	48.069	233	238	237	1	233	1	231	248
32	48	47.541	244	238	243	1	238	1	243	244
32	62	47.863	234	238	233	1	234	1	228	241
32	6	46.186	236	238	235	1	233	1	235	240
32	16	47.436	234	238	234	1	234	1	229	239
32	46	47.881	236	238	239	1	233	1	233	239
32	36	47.234	235	238	238	1	233	1	232	237
32	53	48.498	233	238	237	1	233	1	231	236
32	64	49.145	234	238	235	1	234	1	230	233
32	43	47.107	242	238	242	1	238	1	242	233
32	22	46.639	238	238	236	1	238	1	235	233
32	3	47.934	242	238	242	1	238	1	242	232
32	11	49.145	234	238	238	1	233	1	233	231
32	17	47.541	244	238	244	1	238	1	244	231
32	24	46.888	241	238	240	1	238	1	240	230
32	59	50.211	237	238	240	1	233	1	235	229
32	25	45.455	242	238	240	1	238	1	240	228
32	57	45.188	239	238	243	1	233	1	238	225
32	65	46.639	238	238	236	1	238	1	235	225
32	40	44.770	239	238	236	1	238	1	236	224
32	28	44.492	236	238	237	1	235	1	233	224
32	19	48.718	234	238	238	1	233	1	233	224
32	58	48.729	236	238	240	1	233	1	235	224
32	39	47.210	233	238	237	1	233	1	231	223
32	52	44.635	233	238	235	1	233	1	229	222
32	12	45.041	242	238	240	1	238	1	240	222
32	34	43.697	238	238	236	1	238	1	235	221
32	2	43.568	241	238	240	1	238	1	240	221
32	47	44.828	232	238	236	1	232	1	229	216
32	63	43.802	242	238	242	1	238	1	242	214
32	61	42.489	233	238	236	1	233	1	230	212
32	23	44.068	236	238	240	1	233	1	235	212
32	14	44.958	238	238	242	1	233	1	237	210
33	33	100.000	243	243	243	1	243	1	243	501
33	48	80.658	243	243	243	1	243	1	243	423
33	57	70.370	243	243	243	1	243	1	243	370
33	14	67.078	243	243	242	1	243	1	242	343
33	59	61.728	243	243	240	1	243	1	240	317
33	11	60.082	243	243	238	1	243	1	238	311
33	23	58.848	243	243	240	1	243	1	240	309
33	19	59.671	243	243	238	1	243	1	238	308
33	58	60.246	244	243	240	1	243	1	240	301
33	25	57.202	243	243	240	1	243	1	240	290
33	2	56.379	243	243	240	1	243	1	240	290
33	24	57.613	243	243	240	1	243	1	240	288
33	17	57.490	247	243	244	1	243	1	244	284
33	12	54.733	243	243	240	1	243	1	240	277
33	6	53.361	238	243	235	1	238	1	235	276
33	63	52.245	245	243	242	1	243	1	242	274
33	43	53.061	245	243	242	1	243	1	242	273
33	3	53.878	245	243	242	1	243	1	242	272
33	9	51.639	244	243	238	1	243	1	238	271
33	20	49.796	245	243	239	1	243	1	239	267
33	49	52.101	238	243	235	1	238	1	235	266
33	55	49.388	245	243	239	1	243	1	239	266
33	42	51.639	244	243	237	1	243	1	237	266
33	56	51.020	245	243	239	1	243	1	239	265
33	4	50.820	244	243	238	1	243	1	238	265
33	60	49.590	244	243	238	1	243	1	238	261
33	5	50.000	244	243	238	1	243	1	238	261
33	45	48.163	245	243	239	1	243	1	239	260
33	51	48.571	245	243	239	1	243	1	239	259
33	41	47.347	245	243	239	1	243	1	239	256
33	18	51.073	233	243	238	1	232	1	226	254
33	7	48.148	243	243	240	1	242	1	236	254
33	26	47.347	245	243	239	1	243	1	239	253
33	32	48.536	239	243	238	1	238	1	233	251
33	54	49.180	244	243	238	1	243	1	237	249
33	8	49.174	242	243	239	1	239	1	235	249
33	27	48.770	244	243	237	1	243	1	236	248
33	37	50.413	242	243	236	1	242	1	234	247
33	10	51.502	233	243	238	1	232	1	226	247
33	35	47.131	244	243	238	1	243	1	238	246
33	30	47.131	244	243	238	1	243	1	238	246
33	21	48.927	233	243	238	1	232	1	226	245
33	1	45.902	244	243	238	1	243	1	238	243
33	29	49.356	233	243	238	1	232	1	226	243
33	44	48.361	244	243	241	1	241	1	237	242
33	15	49.383	243	243	238	1	242	1	236	242
33	13	47.934	242	243	236	1	242	1	234	239
33	38	47.107	242	243	236	1	242	1	234	238
33	50	44.856	243	243	238	1	242	1	236	233
33	31	45.267	243	243	237	1	242	1	235	230
33	65	44.262	244	243	236	1	243	1	235	206
33	22	44.262	244	243	236	1	243	1	235	199
33	46	41.909	241	243	239	1	239	1	234	198
33	28	42.259	239	243	237	1	238	1	231	197
33	16	45.000	240	243	234	1	238	1	228	196
33	36	41.803	244	243	238	1	242	1	236	196
33	34	39.754	244	243	236	1	243	1	235	194
33	52	41.949	236	243	235	1	234	1	225	190
33	39	44.167	240	243	237	1	238	1	231	190
33	53	42.083	240	243	237	1	238	1	231	189
33	62	39.344	244	243	233	1	243	1	232	188
33	47	40.586	239	243	236	1	236	1	228	187
33	40	39.357	249	243	236	1	238	1	230	182
33	61	40.417	240	243	236	1	238	1	230	181
33	64	40.816	245	243	235	1	242	1	233	181
34	34	100.000	236	236	236	1	236	1	236	493
34	28	81.545	233	236	237	1	232	1	233	412
34	65	78.059	237	236	236	1	236	1	236	402
34	22	77.215	237	236	236	1	236	1	236	396
34	46	72.222	234	236	239	1	231	1	234	369
34	64	73.504	234	236	235	1	234	1	233	368
34	53	72.727	231	236	237	1	230	1	231	367
34	36	72.574	237	236	238	1	234	1	236	364
34	61	72.727	231	236	236	1	230	1	230	362
34	52	70.435	230	236	235	1	230	1	229	360
34	40	68.220	236	236	236	1	235	1	235	355
34	47	68.122	229	236	236	1	228	1	228	353
34	62	68.511	235	236	233	1	235	1	232	349
34	16	66.667	234	236	234	1	234	1	232	337
34	39	66.234	231	236	237	1	230	1	231	332
34	5	45.798	238	236	238	1	235	1	238	236
34	54	43.277	238	236	238	1	236	1	238	232
34	51	46.444	239	236	239	1	235	1	239	224
34	35	44.538	238	236	238	1	235	1	238	224
34	32	43.697	238	236	238	1	235	1	238	221
34	55	44.351	239	236	239	1	235	1	239	221
34	20	44.351	239	236	239	1	235	1	239	219
34	60	45.378	238	236	238	1	235	1	238	219
34	41	46.091	243	236	239	1	235	1	239	219
34	15	43.220	236	236	238	1	234	1	236	219
34	26	43.333	240	236	239	1	235	1	239	219
34	9	43.697	238	236	238	1	235	1	238	219
34	45	45.188	239	236	239	1	235	1	239	218
34	4	42.857	238	236	238	1	235	1	238	215
34	18	41.525	236	236	238	1	234	1	236	215
34	50	42.918	233	236	238	1	231	1	233	214
34	56	42.678	239	236	239	1	235	1	239	214
34	29	39.407	236	236	238	1	234	1	236	214
34	10	42.373	236	236	238	1	234	1	236	213
34	30	43.277	238	236	238	1	235	1	238	213
34	42	44.118	238	236	237	1	235	1	237	213
34	21	41.102	236	236	238	1	234	1	236	213
34	19	44.770	239	236	238	1	235	1	238	212
34	37	42.797	236	236	236	1	234	1	234	211
34	38	42.373	236	236	236	1	234	1	234	210
34	7	41.453	234	236	240	1	232	1	234	209
34	13	41.949	236	236	236	1	234	1	234	205
34	8	42.017	238	236	239	1	234	1	238	204
34	27	42.437	238	236	237	1	236	1	237	204
34	59	45.267	243	236	240	1	235	1	240	204
34	11	42.678	239	236	238	1	235	1	238	202
34	23	42.739	241	236	240	1	235	1	240	201
34	31	40.254	236	236	237	1	234	1	235	199
34	48	40.984	244	236	243	1	235	1	243	197
34	44	41.880	234	236	241	1	230	1	234	197
34	33	39.754	244	236	243	1	235	1	243	194
34	1	40.773	233	236	238	1	230	1	233	194
34	17	40.574	244	236	244	1	235	1	244	193
34	63	39.095	243	236	242	1	235	1	242	192
34	24	40.249	241	236	240	1	235	1	240	191
34	43	40.741	243	236	242	1	235	1	242	190
34	2	37.037	243	236	240	1	235	1	240	186
34	14	40.329	243	236	242	1	235	1	242	183
34	25	37.860	243	236	240	1	235	1	240	182
34	58	39.004	241	236	240	1	234	1	239	182
34	6	41.909	241	236	235	1	230	1	235	181
34	57	40.164	244	236	243	1	235	1	243	179
34	49	38.819	237	236	235	1	230	1	235	176
34	12	36.214	243	236	240	1	235	1	240	176
34	3	38.017	242	236	242	1	235	1	242	176
35	35	100.000	238	238	238	1	238	1	238	499
35	5	80.672	238	238	238	1	238	1	238	417
35	32	80.672	238	238	238	1	238	1	238	413
35	30	75.630	238	238	238	1	238	1	238	399
35	9	75.210	238	238	238	1	238	1	238	398
35	4	73.950	238	238	238	1	238	1	238	382
35	60	73.529	238	238	238	1	238	1	238	381
35	42	74.895	239	238	237	1	238	1	237	381
35	20	71.548	239	238	239	1	238	1	239	370
35	55	69.038	239	238	239	1	238	1	239	361
35	41	69.456	239	238	239	1	238	1	239	356
35	45	69.038	239	238	239	1	238	1	239	353
35	51	67.364	239	238	239	1	238	1	239	348
35	26	66.527	239	238	239	1	238	1	239	347
35	56	66.527	239	238	239	1	238	1	239	346
35	7	58.475	236	238	240	1	236	1	235	305
35	1	57.563	238	238	238	1	238	1	238	302
35	44	57.917	240	238	241	1	235	1	236	297
35	8	56.170	235	238	239	1	234	1	235	297
35	50	54.468	235	238	238	1	235	1	234	282
35	10	55.263	228	238	238	1	228	1	227	281
35	54	56.140	228	238	238	1	228	1	227	280
35	29	53.648	233	238	238	1	233	1	232	278
35	18	53.191	235	238	238	1	235	1	234	277
35	37	53.648	233	238	236	1	233	1	230	277
35	21	51.915	235	238	238	1	235	1	234	273
35	15	53.617	235	238	238	1	235	1	234	269
35	38	52.991	234	238	236	1	234	1	231	266
35	13	49.573	234	238	236	1	234	1	231	260
35	31	51.502	233	238	237	1	233	1	231	260
35	27	51.489	235	238	237	1	235	1	233	253
35	53	50.215	233	238	237	1	233	1	231	249
35	33	47.131	244	238	243	1	238	1	243	246
35	49	50.424	236	238	235	1	233	1	235	245
35	64	49.785	233	238	235	1	233	1	229	244
35	43	48.760	242	238	242	1	238	1	242	242
35	48	47.131	244	238	243	1	238	1	243	242
35	62	47.210	233	238	233	1	233	1	227	239
35	59	49.793	241	238	240	1	238	1	240	236
35	6	47.458	236	238	235	1	233	1	235	236
35	3	47.521	242	238	242	1	238	1	242	234
35	17	47.951	244	238	244	1	238	1	244	234
35	16	46.781	233	238	234	1	233	1	228	233
35	36	47.280	239	238	238	1	235	1	234	233
35	24	48.347	242	238	240	1	238	1	240	233
35	46	46.414	237	238	239	1	234	1	234	231
35	57	47.541	244	238	243	1	238	1	243	231
35	22	46.352	233	238	236	1	233	1	230	228
35	63	47.521	242	238	242	1	238	1	242	228
35	65	46.639	238	238	236	1	238	1	235	227
35	25	45.868	242	238	240	1	238	1	240	227
35	40	45.064	233	238	236	1	233	1	230	224
35	34	44.538	238	238	236	1	238	1	235	224
35	28	44.206	233	238	237	1	233	1	231	224
35	11	46.862	239	238	238	1	238	1	238	224
35	52	45.494	233	238	235	1	233	1	229	223
35	39	47.210	233	238	237	1	233	1	231	222
35	12	45.868	242	238	240	1	238	1	240	221
35	23	45.228	241	238	240	1	238	1	240	221
35	47	46.491	228	238	236	1	228	1	225	220
35	19	46.862	239	238	238	1	238	1	238	220
35	61	43.777	233	238	236	1	233	1	230	219
35	58	46.639	238	238	240	1	235	1	237	219
35	2	43.802	242	238	240	1	238	1	240	218
35	14	44.444	243	238	242	1	238	1	242	215
36	36	100.000	238	238	238	1	238	1	238	494
36	46	79.498	239	238	239	1	238	1	239	407
36	65	71.730	237	238	236	1	236	1	234	366
36	34	72.574	237	238	236	1	236	1	234	364
36	28	69.456	239	238	237	1	238	1	237	361
36	22	69.620	237	238	236	1	236	1	234	357
36	62	69.874	239	238	233	1	238	1	233	348
36	53	67.782	239	238	237	1	238	1	237	345
36	61	68.240	233	238	236	1	232	1	230	344
36	16	68.619	239	238	234	1	238	1	234	342
36	40	64.017	239	238	236	1	238	1	236	340
36	64	67.083	240	238	235	1	238	1	235	338
36	52	64.017	239	238	235	1	238	1	235	335
36	39	63.180	239	238	237	1	238	1	237	322
36	47	60.166	241	238	236	1	238	1	236	320
36	9	47.934	242	238	238	1	234	1	235	241
36	5	47.863	234	238	238	1	232	1	233	238
36	32	47.234	235	238	238	1	232	1	233	237
36	56	47.699	239	238	239	1	236	1	238	234
36	45	48.536	239	238	239	1	236	1	238	234
36	42	48.085	235	238	237	1	232	1	232	233
36	35	47.280	239	238	238	1	234	1	235	233
36	51	47.280	239	238	239	1	236	1	238	231
36	54	47.500	240	238	238	1	238	1	238	229
36	41	49.372	239	238	239	1	236	1	238	228
36	30	46.581	234	238	238	1	232	1	233	228
36	55	46.444	239	238	239	1	236	1	238	227
36	20	46.444	239	238	239	1	236	1	238	225
36	26	46.025	239	238	239	1	236	1	238	224
36	60	47.059	238	238	238	1	236	1	237	224
36	4	46.473	241	238	238	1	238	1	238	223
36	10	46.154	234	238	238	1	232	1	232	220
36	15	45.000	240	238	238	1	238	1	238	219
36	29	43.333	240	238	238	1	238	1	238	217
36	37	43.515	239	238	236	1	238	1	236	216
36	21	44.583	240	238	238	1	238	1	238	212
36	13	41.423	239	238	236	1	238	1	236	210
36	38	41.004	239	238	236	1	238	1	236	210
36	50	42.975	242	238	238	1	238	1	238	209
36	43	43.333	240	238	242	1	235	1	240	209
36	18	43.096	239	238	238	1	238	1	238	207
36	7	42.979	235	238	240	1	232	1	232	205
36	1	44.492	236	238	238	1	234	1	235	204
36	44	43.882	237	238	241	1	234	1	236	204
36	63	40.833	240	238	242	1	235	1	240	204
36	19	43.697	238	238	238	1	236	1	237	202
36	8	42.979	235	238	239	1	232	1	234	200
36	11	42.437	238	238	238	1	236	1	237	199
36	48	41.803	244	238	243	1	236	1	242	199
36	33	41.803	244	238	243	1	236	1	242	196
36	31	40.000	240	238	237	1	238	1	237	196
36	17	40.329	243	238	244	1	236	1	243	192
36	24	41.079	241	238	240	1	236	1	239	192
36	25	40.249	241	238	240	1	236	1	239	192
36	27	43.333	240	238	237	1	238	1	237	190
36	58	41.322	242	238	240	1	236	1	239	189
36	23	42.083	240	238	240	1	236	1	239	189
36	3	39.004	241	238	242	1	236	1	241	187
36	59	40.833	240	238	240	1	236	1	239	186
36	14	40.984	244	238	242	1	236	1	241	186
36	12	37.759	241	238	240	1	236	1	239	182
36	6	39.076	238	238	235	1	232	1	235	180
36	2	36.667	240	238	240	1	235	1	238	180
36	49	40.756	238	238	235	1	232	1	235	180
36	57	38.525	244	238	243	1	236	1	242	177
37	37	100.000	236	236	236	1	236	1	236	486
37	38	79.237	236	236	236	1	236	1	236	398
37	13	79.237	236	236	236	1	236	1	236	397
37	42	60.086	233	236	237	1	231	1	233	301
37	30	56.170	235	236	238	1	232	1	235	286
37	32	54.894	235	236	238	1	232	1	235	283
37	60	55.274	237	236	238	1	234	1	237	283
37	5	54.894	235	236	238	1	232	1	235	282
37	10	56.303	238	236	238	1	236	1	238	281
37	9	56.118	237	236	238	1	234	1	236	281
37	54	57.563	238	236	238	1	236	1	238	281
37	29	55.882	238	236	238	1	236	1	238	280
37	56	56.303	238	236	239	1	234	1	238	280
37	35	53.648	233	236	238	1	230	1	233	277
37	18	55.462	238	236	238	1	236	1	238	276
37	51	50.840	238	236	239	1	234	1	238	275
37	41	52.101	238	236	239	1	234	1	238	273
37	31	54.430	237	236	237	1	236	1	237	273
37	4	53.165	237	236	238	1	234	1	237	272
37	55	51.681	238	236	239	1	234	1	238	271
37	21	52.941	238	236	238	1	236	1	238	270
37	45	52.521	238	236	239	1	234	1	238	268
37	50	53.814	236	236	238	1	234	1	235	268
37	15	54.274	234	236	238	1	232	1	233	268
37	7	48.739	238	236	240	1	236	1	238	263
37	20	49.160	238	236	239	1	234	1	238	262
37	27	56.332	229	236	237	1	226	1	227	261
37	26	49.580	238	236	239	1	234	1	238	256
37	8	47.881	236	236	239	1	232	1	236	249
37	33	50.413	242	236	243	1	234	1	242	247
37	48	49.174	242	236	243	1	234	1	242	246
37	1	48.291	234	236	238	1	231	1	234	245
37	44	46.581	234	236	241	1	230	1	234	237
37	11	47.257	237	236	238	1	234	1	237	235
37	49	46.186	236	236	235	1	230	1	235	230
37	57	47.521	242	236	243	1	234	1	242	229
37	6	44.915	236	236	235	1	230	1	235	229
37	46	47.009	234	236	239	1	230	1	233	228
37	52	45.339	236	236	235	1	234	1	234	226
37	25	45.833	240	236	240	1	234	1	239	225
37	59	46.444	239	236	240	1	234	1	239	225
37	22	44.255	235	236	236	1	234	1	234	225
37	62	44.726	237	236	233	1	236	1	233	224
37	14	45.643	241	236	242	1	234	1	241	224
37	19	45.148	237	236	238	1	234	1	237	223
37	24	45.607	239	236	240	1	234	1	239	223
37	16	43.882	237	236	234	1	236	1	234	222
37	2	45.532	235	236	240	1	230	1	235	221
37	3	48.523	237	236	242	1	230	1	237	221
37	12	44.770	239	236	240	1	234	1	239	221
37	63	46.835	237	236	242	1	230	1	237	221
37	65	43.830	235	236	236	1	234	1	234	218
37	47	43.231	229	236	236	1	228	1	228	218
37	17	47.561	246	236	244	1	234	1	243	217
37	43	45.992	237	236	242	1	230	1	237	216
37	36	43.515	239	236	238	1	236	1	238	216
37	58	45.267	243	236	240	1	235	1	240	216
37	23	44.770	239	236	240	1	234	1	239	216
37	61	41.991	231	236	236	1	230	1	230	215
37	40	43.363	226	236	236	1	225	1	225	214
37	64	43.460	237	236	235	1	236	1	235	213
37	53	43.534	232	236	237	1	230	1	231	212
37	34	42.797	236	236	236	1	234	1	234	211
37	28	43.348	233	236	237	1	231	1	232	211
37	39	45.259	232	236	237	1	230	1	231	208
38	38	100.000	236	236	236	1	236	1	236	483
38	37	79.237	236	236	236	1	236	1	236	398
38	13	76.695	236	236	236	1	236	1	236	382
38	32	55.794	233	236	238	1	230	1	233	281
38	42	55.603	232	236	237	1	230	1	232	279
38	15	55.882	238	236	238	1	236	1	238	278
38	9	54.701	234	236	238	1	231	1	234	275
38	54	55.882	238	236	238	1	236	1	238	274
38	5	54.506	233	236	238	1	230	1	233	273
38	18	55.462	238	236	238	1	236	1	238	271
38	56	53.782	238	236	239	1	234	1	238	270
38	10	55.042	238	236	238	1	236	1	238	270
38	30	51.931	233	236	238	1	230	1	233	269
38	60	52.743	237	236	238	1	234	1	237	268
38	29	52.941	238	236	238	1	236	1	238	267
38	35	52.991	234	236	238	1	231	1	234	266
38	41	52.521	238	236	239	1	234	1	238	265
38	55	52.101	238	236	239	1	234	1	238	265
38	4	53.165	237	236	238	1	234	1	237	265
38	50	53.975	239	236	238	1	236	1	238	264
38	7	53.219	233	236	240	1	231	1	233	262
38	31	53.586	237	236	237	1	236	1	237	262
38	21	52.101	238	236	238	1	236	1	238	259
38	45	50.420	238	236	239	1	234	1	238	257
38	51	48.739	238	236	239	1	234	1	238	256
38	20	50.000	238	236	239	1	234	1	238	254
38	26	49.573	234	236	239	1	230	1	234	250
38	8	51.489	235	236	239	1	231	1	235	250
38	27	53.509	228	236	237	1	226	1	227	248
38	11	48.945	237	236	238	1	234	1	237	238
38	33	47.107	242	236	243	1	234	1	242	238
38	44	48.718	234	236	241	1	230	1	234	237
38	1	49.367	237	236	238	1	234	1	236	236
38	48	45.041	242	236	243	1	234	1	242	230
38	59	46.444	239	236	240	1	234	1	239	225
38	22	44.681	235	236	236	1	234	1	234	224
38	46	45.106	235	236	239	1	231	1	234	224
38	57	45.455	242	236	243	1	234	1	242	223
38	49	43.830	235	236	235	1	230	1	235	222
38	19	46.025	239	236	238	1	234	1	237	222
38	52	45.726	234	236	235	1	233	1	232	221
38	61	45.455	231	236	236	1	230	1	230	221
38	6	44.681	235	236	235	1	230	1	235	219
38	23	43.933	239	236	240	1	234	1	239	218
38	14	43.983	241	236	242	1	234	1	241	218
38	2	45.339	236	236	240	1	231	1	236	218
38	65	42.553	235	236	236	1	234	1	234	216
38	53	46.383	235	236	237	1	232	1	233	215
38	25	43.750	240	236	240	1	234	1	239	214
38	64	43.038	237	236	235	1	236	1	235	214
38	24	45.188	239	236	240	1	234	1	239	213
38	28	42.735	234	236	237	1	232	1	233	212
38	62	43.290	231	236	233	1	230	1	227	212
38	47	43.478	230	236	236	1	229	1	229	212
38	40	41.772	237	236	236	1	236	1	236	211
38	34	42.373	236	236	236	1	234	1	234	210
38	16	40.506	237	236	234	1	236	1	234	210
38	36	41.004	239	236	238	1	236	1	238	210
38	3	45.798	238	236	242	1	231	1	238	209
38	12	41.667	240	236	240	1	234	1	239	208
38	17	44.715	246	236	244	1	234	1	243	208
38	63	43.933	239	236	242	1	231	1	238	205
38	43	43.697	238	236	242	1	231	1	238	205
38	39	42.308	234	236	237	1	232	1	233	203
38	58	42.562	242	236	240	1	234	1	239	201
39	39	100.000	237	237	237	1	237	1	237	491
39	53	76.793	237	237	237	1	237	1	237	395
39	52	72.574	237	237	235	1	237	1	235	378
39	40	73.077	234	237	236	1	234	1	233	374
39	61	68.776	237	237	236	1	237	1	236	362
39	47	68.776	237	237	236	1	237	1	236	361
39	22	68.354	237	237	236	1	237	1	235	358
39	65	69.264	231	237	236	1	231	1	230	354
39	28	66.667	237	237	237	1	237	1	237	352
39	64	68.776	237	237	235	1	237	1	235	350
39	34	66.234	231	237	236	1	231	1	230	342
39	16	66.667	237	237	234	1	237	1	234	342
39	46	64.378	233	237	239	1	231	1	233	337
39	36	63.180	239	237	238	1	237	1	238	332
39	62	63.713	237	237	233	1	237	1	232	326
39	5	48.927	233	237	238	1	231	1	233	242
39	35	47.210	233	237	238	1	231	1	233	229
39	32	47.210	233	237	238	1	231	1	233	229
39	9	45.923	233	237	238	1	231	1	233	227
39	45	43.830	235	237	239	1	231	1	234	224
39	26	43.220	236	237	239	1	232	1	235	223
39	42	47.009	234	237	237	1	231	1	232	223
39	4	43.777	233	237	238	1	231	1	233	223
39	20	45.726	234	237	239	1	231	1	234	223
39	7	46.781	233	237	240	1	231	1	232	222
39	15	47.059	238	237	238	1	237	1	238	222
39	55	44.915	236	237	239	1	231	1	234	221
39	56	44.628	242	237	239	1	237	1	239	221
39	54	45.374	227	237	238	1	226	1	227	221
39	51	45.726	234	237	239	1	231	1	234	220
39	10	47.845	232	237	238	1	231	1	232	219
39	29	45.259	232	237	238	1	231	1	232	219
39	44	46.383	235	237	241	1	231	1	234	219
39	30	44.635	233	237	238	1	231	1	233	217
39	41	44.583	240	237	239	1	237	1	239	214
39	37	45.259	232	237	236	1	231	1	230	214
39	60	44.206	233	237	238	1	231	1	233	213
39	50	43.534	232	237	238	1	231	1	232	212
39	21	45.690	232	237	238	1	231	1	232	210
39	13	44.872	234	237	236	1	233	1	232	210
39	8	42.735	234	237	239	1	231	1	234	209
39	38	42.308	234	237	236	1	233	1	232	207
39	18	43.966	232	237	238	1	231	1	232	207
39	1	43.348	233	237	238	1	231	1	233	205
39	27	45.259	232	237	237	1	231	1	231	204
39	19	43.590	234	237	238	1	231	1	233	201
39	11	41.453	234	237	238	1	231	1	233	196
39	31	41.810	232	237	237	1	231	1	231	195
39	59	42.373	236	237	240	1	231	1	235	194
39	33	44.167	240	237	243	1	231	1	238	194
39	14	42.857	238	237	242	1	231	1	237	194
39	48	43.154	241	237	243	1	231	1	238	191
39	2	42.017	238	237	240	1	231	1	235	187
39	23	41.525	236	237	240	1	231	1	235	186
39	6	44.118	238	237	235	1	231	1	235	185
39	17	43.515	239	237	244	1	231	1	239	184
39	24	43.277	238	237	240	1	231	1	235	183
39	49	43.933	239	237	235	1	231	1	235	183
39	63	39.916	238	237	242	1	231	1	237	181
39	58	44.726	237	237	240	1	231	1	235	181
39	43	40.756	238	237	242	1	231	1	237	180
39	57	39.837	246	237	243	1	231	1	238	178
39	3	40.336	238	237	242	1	231	1	237	175
39	12	38.983	236	237	240	1	231	1	235	174
39	25	37.712	236	237	240	1	231	1	235	171
4	4	100.000	238	238	238	1	238	1	238	496
4	60	82.353	238	238	238	1	238	1	238	418
4	9	78.571	238	238	238	1	238	1	238	404
4	5	77.731	238	238	238	1	238	1	238	399
4	56	76.151	239	238	239	1	238	1	239	390
4	32	76.891	238	238	238	1	238	1	238	390
4	20	75.732	239	238	239	1	238	1	239	390
4	41	74.895	239	238	239	1	238	1	239	389
4	26	74.895	239	238	239	1	238	1	239	389
4	30	74.370	238	238	238	1	238	1	238	388
4	55	73.222	239	238	239	1	238	1	239	385
4	42	75.630	238	238	237	1	238	1	237	383
4	45	74.477	239	238	239	1	238	1	239	382
4	35	73.950	238	238	238	1	238	1	238	382
4	51	72.803	239	238	239	1	238	1	239	375
4	8	61.277	235	238	239	1	234	1	235	321
4	7	62.025	237	238	240	1	237	1	236	320
4	44	60.169	236	238	241	1	235	1	236	315
4	1	58.824	238	238	238	1	238	1	238	315
4	37	53.165	237	238	236	1	237	1	234	272
4	29	50.633	237	238	238	1	237	1	236	265
4	38	53.165	237	238	236	1	237	1	234	265
4	33	50.820	244	238	243	1	238	1	243	265
4	13	50.633	237	238	236	1	237	1	234	264
4	54	52.632	228	238	238	1	228	1	227	263
4	21	49.123	228	238	238	1	228	1	227	262
4	18	48.085	235	238	238	1	235	1	234	258
4	10	50.000	228	238	238	1	228	1	227	258
4	48	48.361	244	238	243	1	238	1	243	253
4	27	50.877	228	238	237	1	228	1	226	253
4	15	49.145	234	238	238	1	234	1	233	251
4	50	45.992	237	238	238	1	237	1	236	248
4	59	50.207	241	238	240	1	238	1	240	246
4	17	51.230	244	238	244	1	238	1	244	243
4	31	46.352	233	238	237	1	233	1	231	243
4	16	48.069	233	238	234	1	233	1	228	242
4	58	53.306	242	238	240	1	238	1	240	241
4	24	51.440	243	238	240	1	238	1	240	241
4	43	48.760	242	238	242	1	238	1	242	239
4	11	48.954	239	238	238	1	238	1	238	237
4	25	48.133	241	238	240	1	238	1	240	236
4	19	48.750	240	238	238	1	238	1	238	235
4	63	49.174	242	238	242	1	238	1	242	235
4	6	46.186	236	238	235	1	233	1	235	234
4	23	47.718	241	238	240	1	238	1	240	233
4	57	45.902	244	238	243	1	238	1	243	233
4	46	47.257	237	238	239	1	234	1	234	230
4	2	46.888	241	238	240	1	238	1	240	229
4	62	44.958	238	238	233	1	238	1	232	229
4	22	46.444	239	238	236	1	238	1	235	228
4	52	44.872	234	238	235	1	233	1	229	228
4	49	45.763	236	238	235	1	233	1	235	228
4	65	46.025	239	238	236	1	238	1	235	227
4	3	46.694	242	238	242	1	238	1	242	225
4	40	44.206	233	238	236	1	233	1	230	223
4	36	46.473	241	238	238	1	238	1	238	223
4	53	45.923	233	238	237	1	233	1	231	222
4	14	45.679	243	238	242	1	238	1	242	222
4	28	44.206	233	238	237	1	233	1	231	219
4	12	46.058	241	238	240	1	238	1	240	218
4	39	43.777	233	238	237	1	233	1	231	216
4	64	45.726	234	238	235	1	233	1	229	216
4	34	42.857	238	238	236	1	238	1	235	215
4	47	45.022	231	238	236	1	229	1	226	211
4	61	42.308	234	238	236	1	233	1	230	209
40	40	100.000	236	236	236	1	236	1	236	494
40	52	78.390	236	236	235	1	236	1	235	402
40	47	77.542	236	236	236	1	236	1	236	393
40	53	73.932	234	236	237	1	233	1	234	385
40	61	72.034	236	236	236	1	236	1	236	377
40	22	66.809	235	236	236	1	235	1	235	362
40	64	69.915	236	236	235	1	236	1	235	361
40	39	73.077	234	236	237	1	233	1	234	358
40	65	68.261	230	236	236	1	230	1	230	357
40	34	68.220	236	236	236	1	235	1	235	355
40	28	68.354	237	236	237	1	236	1	237	352
40	16	66.102	236	236	234	1	236	1	234	349
40	36	64.017	239	236	238	1	236	1	238	340
40	46	63.180	239	236	239	1	236	1	239	340
40	62	61.864	236	236	233	1	236	1	233	331
40	9	45.494	233	236	238	1	230	1	233	231
40	5	46.781	233	236	238	1	230	1	233	229
40	50	45.378	238	236	238	1	236	1	238	227
40	54	44.958	238	236	238	1	236	1	238	226
40	21	46.639	238	236	238	1	236	1	238	225
40	32	44.770	239	236	238	1	236	1	238	224
40	35	45.064	233	236	238	1	230	1	233	224
40	4	44.206	233	236	238	1	230	1	233	223
40	51	45.607	239	236	239	1	235	1	239	223
40	42	44.828	232	236	237	1	230	1	232	223
40	45	42.678	239	236	239	1	235	1	239	221
40	41	43.933	239	236	239	1	235	1	239	221
40	26	42.678	239	236	239	1	235	1	239	221
40	10	45.798	238	236	238	1	236	1	238	220
40	18	45.798	238	236	238	1	236	1	238	220
40	7	44.493	227	236	240	1	225	1	227	219
40	55	41.423	239	236	239	1	235	1	239	218
40	29	43.103	232	236	238	1	230	1	232	218
40	56	42.259	239	236	239	1	235	1	239	218
40	15	44.538	238	236	238	1	236	1	238	217
40	60	44.206	233	236	238	1	230	1	233	217
40	13	43.038	237	236	236	1	236	1	236	216
40	20	42.678	239	236	239	1	235	1	239	216
40	30	44.444	234	236	238	1	230	1	233	215
40	37	43.363	226	236	236	1	225	1	225	214
40	38	41.772	237	236	236	1	236	1	236	211
40	8	43.162	234	236	239	1	230	1	234	209
40	44	42.735	234	236	241	1	230	1	234	207
40	31	41.350	237	236	237	1	236	1	237	203
40	1	42.544	228	236	238	1	225	1	228	202
40	27	44.167	240	236	237	1	236	1	237	197
40	19	42.017	238	236	238	1	235	1	238	196
40	6	43.154	241	236	235	1	230	1	235	189
40	11	41.026	234	236	238	1	230	1	233	189
40	59	41.702	235	236	240	1	230	1	235	187
40	63	40.948	232	236	242	1	224	1	231	186
40	23	42.373	236	236	240	1	230	1	235	185
40	49	42.437	238	236	235	1	230	1	235	183
40	14	42.241	232	236	242	1	224	1	231	183
40	24	40.851	235	236	240	1	230	1	235	183
40	48	41.736	242	236	243	1	230	1	238	182
40	33	39.357	249	236	243	1	230	1	238	182
40	25	40.086	232	236	240	1	225	1	230	181
40	17	41.250	240	236	244	1	230	1	239	180
40	3	39.485	233	236	242	1	225	1	232	178
40	43	39.485	233	236	242	1	225	1	232	177
40	2	39.496	238	236	240	1	230	1	235	177
40	12	37.872	235	236	240	1	230	1	235	176
40	58	41.350	237	236	240	1	230	1	235	174
40	57	40.000	235	236	243	1	226	1	234	169
41	41	100.000	239	239	239	1	239	1	239	499
41	20	78.661	239	239	239	1	239	1	239	411
41	26	78.243	239	239	239	1	239	1	239	410
41	56	77.824	239	239	239	1	239	1	239	407
41	55	75.732	239	239	239	1	239	1	239	401
41	45	76.569	239	239	239	1	239	1	239	400
41	51	76.987	239	239	239	1	239	1	239	399
41	60	76.569	239	239	238	1	239	1	238	389
41	4	74.895	239	239	238	1	239	1	238	389
41	9	74.477	239	239	238	1	239	1	238	383
41	42	73.222	239	239	237	1	239	1	237	383
41	30	71.967	239	239	238	1	239	1	238	375
41	32	72.803	239	239	238	1	239	1	238	369
41	5	71.967	239	239	238	1	239	1	238	368
41	35	69.456	239	239	238	1	239	1	238	356
41	44	63.136	236	239	241	1	236	1	236	329
41	8	61.538	234	239	239	1	234	1	234	324
41	1	61.925	239	239	238	1	239	1	238	323
41	7	62.393	234	239	240	1	234	1	232	320
41	37	52.101	238	239	236	1	238	1	234	273
41	10	54.585	229	239	238	1	229	1	227	268
41	38	52.521	238	239	236	1	238	1	234	265
41	29	50.420	238	239	238	1	238	1	236	264
41	21	52.402	229	239	238	1	229	1	227	263
41	50	50.847	236	239	238	1	236	1	234	261
41	27	52.720	239	239	237	1	239	1	236	261
41	33	47.347	245	239	243	1	239	1	243	256
41	48	49.796	245	239	243	1	239	1	243	256
41	13	49.160	238	239	236	1	238	1	234	256
41	18	49.160	238	239	238	1	238	1	236	255
41	54	51.092	229	239	238	1	229	1	227	254
41	15	51.667	240	239	238	1	238	1	236	253
41	59	50.617	243	239	240	1	239	1	240	248
41	31	49.145	234	239	237	1	234	1	231	246
41	19	51.452	241	239	238	1	239	1	238	246
41	11	50.833	240	239	238	1	239	1	238	245
41	57	47.561	246	239	243	1	239	1	243	241
41	16	49.160	238	239	234	1	238	1	232	240
41	23	47.521	242	239	240	1	239	1	240	239
41	6	46.414	237	239	235	1	234	1	235	238
41	62	48.117	239	239	233	1	239	1	232	236
41	22	47.699	239	239	236	1	239	1	235	234
41	49	44.726	237	239	235	1	234	1	235	231
41	25	46.914	243	239	240	1	239	1	240	231
41	64	48.739	238	239	235	1	238	1	233	229
41	36	49.372	239	239	238	1	238	1	236	228
41	2	44.262	244	239	240	1	239	1	240	227
41	46	47.436	234	239	239	1	234	1	233	227
41	17	46.721	244	239	244	1	239	1	244	226
41	58	48.760	242	239	240	1	239	1	240	226
41	52	45.833	240	239	235	1	239	1	235	225
41	43	47.755	245	239	242	1	239	1	242	225
41	24	47.107	242	239	240	1	239	1	240	224
41	65	46.025	239	239	236	1	239	1	235	224
41	63	46.091	243	239	242	1	239	1	242	223
41	53	47.234	235	239	237	1	234	1	231	222
41	40	43.933	239	239	236	1	239	1	235	221
41	12	44.672	244	239	240	1	239	1	240	221
41	34	46.091	243	239	236	1	239	1	235	219
41	28	47.234	235	239	237	1	235	1	232	219
41	14	44.672	244	239	242	1	239	1	242	219
41	47	45.726	234	239	236	1	233	1	229	216
41	3	43.621	243	239	242	1	239	1	242	216
41	61	45.299	234	239	236	1	234	1	230	212
41	39	44.872	234	239	237	1	234	1	231	209
42	42	100.000	237	237	237	1	237	1	237	496
42	9	81.092	238	237	238	1	237	1	238	416
42	5	81.513	238	237	238	1	237	1	238	406
42	32	79.412	238	237	238	1	237	1	238	403
42	60	80.672	238	237	238	1	237	1	238	402
42	30	78.571	238	237	238	1	237	1	238	400
42	4	75.630	238	237	238	1	237	1	238	383
42	41	73.222	239	237	239	1	237	1	239	383
42	56	75.314	239	237	239	1	237	1	239	382
42	35	74.895	239	237	238	1	237	1	238	381
42	26	72.803	239	237	239	1	237	1	239	378
42	20	73.640	239	237	239	1	237	1	239	377
42	51	73.222	239	237	239	1	237	1	239	374
42	55	71.548	239	237	239	1	237	1	239	366
42	45	69.874	239	237	239	1	237	1	239	359
42	8	62.393	234	237	239	1	232	1	234	319
42	44	63.248	234	237	241	1	232	1	234	317
42	7	60.169	236	237	240	1	236	1	236	310
42	1	59.244	238	237	238	1	237	1	238	304
42	37	60.086	233	237	236	1	233	1	231	301
42	38	55.603	232	237	236	1	232	1	230	279
42	13	53.448	232	237	236	1	232	1	230	275
42	21	53.070	228	237	238	1	227	1	227	270
42	29	52.991	234	237	238	1	233	1	233	270
42	18	53.947	228	237	238	1	227	1	227	269
42	10	51.064	235	237	238	1	234	1	234	269
42	54	54.077	233	237	238	1	232	1	232	268
42	50	53.509	228	237	238	1	227	1	227	268
42	15	54.077	233	237	238	1	232	1	232	266
42	33	51.639	244	237	243	1	237	1	243	266
42	31	51.542	227	237	237	1	227	1	226	264
42	27	53.712	229	237	237	1	227	1	226	258
42	48	50.000	244	237	243	1	237	1	243	252
42	6	48.729	236	237	235	1	232	1	235	246
42	57	49.180	244	237	243	1	237	1	243	245
42	59	49.587	242	237	240	1	237	1	240	241
42	11	49.791	239	237	238	1	237	1	238	239
42	19	47.699	239	237	238	1	237	1	238	235
42	49	48.305	236	237	235	1	232	1	235	234
42	46	47.660	235	237	239	1	232	1	233	234
42	36	48.085	235	237	238	1	232	1	232	233
42	22	47.257	237	237	236	1	237	1	235	233
42	16	45.923	233	237	234	1	233	1	229	232
42	43	48.347	242	237	242	1	237	1	242	230
42	65	46.414	237	237	236	1	237	1	235	229
42	17	49.590	244	237	244	1	237	1	244	229
42	24	48.548	241	237	240	1	237	1	240	228
42	25	48.347	242	237	240	1	237	1	240	228
42	14	48.560	243	237	242	1	237	1	242	228
42	62	46.352	233	237	233	1	233	1	228	227
42	58	51.055	237	237	240	1	233	1	236	227
42	52	46.522	230	237	235	1	230	1	227	226
42	23	46.058	241	237	240	1	237	1	240	226
42	12	47.934	242	237	240	1	237	1	240	226
42	53	47.414	232	237	237	1	232	1	231	225
42	28	45.726	234	237	237	1	234	1	233	224
42	63	48.760	242	237	242	1	237	1	242	223
42	2	46.281	242	237	240	1	237	1	240	223
42	40	44.828	232	237	236	1	232	1	230	223
42	3	47.934	242	237	242	1	237	1	242	221
42	64	45.726	234	237	235	1	234	1	231	219
42	39	47.009	234	237	237	1	232	1	231	216
42	47	44.978	229	237	236	1	228	1	226	214
42	34	44.118	238	237	236	1	237	1	235	213
42	61	43.966	232	237	236	1	232	1	230	213
43	43	100.000	242	242	242	1	242	1	242	504
43	63	77.686	242	242	242	1	242	1	242	416
43	17	76.639	244	242	244	1	242	1	244	406
43	3	76.860	242	242	242	1	242	1	242	405
43	25	74.380	242	242	240	1	242	1	240	387
43	24	73.140	242	242	240	1	242	1	240	386
43	2	71.901	242	242	240	1	242	1	240	372
43	12	68.595	242	242	240	1	242	1	240	362
43	58	60.251	239	242	240	1	239	1	237	296
43	33	53.061	245	242	243	1	242	1	243	273
43	48	52.653	245	242	243	1	242	1	243	271
43	57	51.837	245	242	243	1	242	1	243	267
43	14	52.049	244	242	242	1	242	1	242	261
43	11	52.893	242	242	238	1	242	1	238	260
43	49	50.211	237	242	235	1	237	1	235	259
43	19	52.066	242	242	238	1	242	1	238	259
43	6	50.633	237	242	235	1	237	1	235	252
43	59	50.826	242	242	240	1	242	1	240	249
43	9	49.587	242	242	238	1	242	1	238	249
43	35	48.760	242	242	238	1	242	1	238	242
43	4	48.760	242	242	238	1	242	1	238	239
43	23	48.347	242	242	240	1	242	1	240	239
43	51	48.560	243	242	239	1	242	1	239	236
43	55	47.737	243	242	239	1	242	1	239	236
43	56	48.560	243	242	239	1	242	1	239	235
43	32	47.107	242	242	238	1	242	1	238	233
43	60	48.760	242	242	238	1	242	1	238	233
43	5	47.107	242	242	238	1	242	1	238	233
43	29	48.498	233	242	238	1	233	1	228	231
43	26	46.502	243	242	239	1	242	1	239	231
43	42	48.347	242	242	237	1	242	1	237	230
43	30	45.868	242	242	238	1	242	1	238	229
43	54	46.835	237	242	238	1	237	1	232	226
43	41	47.755	245	242	239	1	242	1	239	225
43	7	46.639	238	242	240	1	238	1	233	224
43	45	46.914	243	242	239	1	242	1	239	224
43	20	46.502	243	242	239	1	242	1	239	224
43	21	46.352	233	242	238	1	233	1	228	223
43	18	44.770	239	242	238	1	239	1	234	219
43	1	46.444	239	242	238	1	239	1	235	219
43	15	46.058	241	242	238	1	240	1	235	218
43	37	45.992	237	242	236	1	237	1	230	216
43	10	45.148	237	242	238	1	237	1	232	215
43	8	46.025	239	242	239	1	238	1	235	215
43	50	45.607	239	242	238	1	238	1	233	215
43	44	46.721	244	242	241	1	240	1	237	213
43	36	43.333	240	242	238	1	240	1	235	209
43	27	43.777	233	242	237	1	233	1	227	208
43	38	43.697	238	242	236	1	238	1	231	205
43	13	42.678	239	242	236	1	238	1	231	204
43	46	43.496	246	242	239	1	240	1	236	201
43	31	43.348	233	242	237	1	233	1	227	200
43	65	42.798	243	242	236	1	242	1	235	194
43	22	42.798	243	242	236	1	242	1	235	194
43	28	40.833	240	242	237	1	240	1	234	191
43	62	40.496	242	242	233	1	242	1	232	191
43	16	42.616	237	242	234	1	237	1	228	191
43	34	40.741	243	242	236	1	242	1	235	190
43	52	42.308	234	242	235	1	232	1	224	184
43	53	41.423	239	242	237	1	237	1	231	184
43	64	42.083	240	242	235	1	240	1	232	180
43	47	40.000	235	242	236	1	235	1	228	179
43	40	39.485	233	242	236	1	232	1	225	177
43	39	40.756	238	242	237	1	237	1	231	174
43	61	39.419	241	242	236	1	237	1	230	173
44	44	100.000	241	241	241	1	241	1	241	499
44	8	79.060	234	241	239	1	234	1	234	399
44	7	73.504	234	241	240	1	234	1	232	367
44	1	70.339	236	241	238	1	236	1	235	353
44	41	63.136	236	241	239	1	236	1	236	329
44	51	64.557	237	241	239	1	237	1	237	327
44	55	60.759	237	241	239	1	237	1	237	322
44	56	60.338	237	241	239	1	237	1	237	321
44	20	61.181	237	241	239	1	237	1	237	319
44	9	61.441	236	241	238	1	236	1	235	319
44	42	63.248	234	241	237	1	234	1	232	317
44	5	62.393	234	241	238	1	234	1	233	317
44	26	62.393	234	241	239	1	234	1	234	315
44	4	60.169	236	241	238	1	236	1	235	315
44	45	61.181	237	241	239	1	237	1	237	315
44	60	61.017	236	241	238	1	236	1	235	314
44	32	60.593	236	241	238	1	234	1	233	306
44	30	59.402	234	241	238	1	234	1	233	302
44	35	57.917	240	241	238	1	236	1	235	297
44	31	47.257	237	241	237	1	237	1	234	249
44	21	50.218	229	241	238	1	229	1	227	248
44	27	52.402	229	241	237	1	229	1	226	248
44	18	48.291	234	241	238	1	234	1	232	247
44	50	49.573	234	241	238	1	234	1	232	246
44	29	49.345	229	241	238	1	229	1	227	244
44	10	49.782	229	241	238	1	229	1	227	244
44	33	48.361	244	241	243	1	237	1	241	242
44	54	47.059	238	241	238	1	237	1	235	239
44	37	46.581	234	241	236	1	234	1	230	237
44	38	48.718	234	241	236	1	234	1	230	237
44	57	46.914	243	241	243	1	237	1	241	233
44	16	47.863	234	241	234	1	234	1	228	233
44	15	48.261	230	241	238	1	229	1	227	233
44	48	47.303	241	241	243	1	234	1	238	232
44	13	45.299	234	241	236	1	234	1	230	228
44	59	47.303	241	241	240	1	237	1	238	227
44	65	48.291	234	241	236	1	234	1	230	225
44	6	46.414	237	241	235	1	234	1	235	224
44	19	45.000	240	241	238	1	236	1	235	223
44	11	45.798	238	241	238	1	237	1	236	222
44	23	46.721	244	241	240	1	237	1	238	222
44	62	45.299	234	241	233	1	234	1	227	221
44	22	46.809	235	241	236	1	234	1	230	217
44	17	46.694	242	241	244	1	236	1	241	217
44	58	46.862	239	241	240	1	236	1	237	216
44	3	45.643	241	241	242	1	237	1	240	215
44	24	46.444	239	241	240	1	236	1	237	214
44	52	43.590	234	241	235	1	234	1	229	213
44	43	46.721	244	241	242	1	237	1	240	213
44	53	46.809	235	241	237	1	234	1	231	212
44	39	46.383	235	241	237	1	234	1	231	212
44	28	45.299	234	241	237	1	234	1	231	211
44	46	42.553	235	241	239	1	234	1	233	209
44	49	43.038	237	241	235	1	234	1	235	208
44	40	42.735	234	241	236	1	234	1	230	207
44	63	44.398	241	241	242	1	237	1	240	207
44	25	45.188	239	241	240	1	236	1	237	207
44	64	44.017	234	241	235	1	234	1	229	207
44	47	45.022	231	241	236	1	230	1	226	206
44	14	42.975	242	241	242	1	237	1	240	204
44	2	43.333	240	241	240	1	237	1	238	204
44	36	43.882	237	241	238	1	236	1	234	204
44	61	41.453	234	241	236	1	234	1	230	198
44	34	41.880	234	241	236	1	234	1	230	197
44	12	42.259	239	241	240	1	236	1	237	192
45	45	100.000	239	239	239	1	239	1	239	497
45	55	79.916	239	239	239	1	239	1	239	414
45	20	80.335	239	239	239	1	239	1	239	412
45	56	76.569	239	239	239	1	239	1	239	402
45	41	76.569	239	239	239	1	239	1	239	400
45	51	76.987	239	239	239	1	239	1	239	397
45	26	73.222	239	239	239	1	239	1	239	384
45	60	75.314	239	239	238	1	239	1	238	384
45	4	74.477	239	239	238	1	239	1	238	382
45	5	73.640	239	239	238	1	239	1	238	375
45	9	72.803	239	239	238	1	239	1	238	372
45	32	70.711	239	239	238	1	239	1	238	361
45	42	69.874	239	239	237	1	239	1	237	359
45	30	68.333	240	239	238	1	239	1	238	358
45	35	69.038	239	239	238	1	239	1	238	353
45	44	61.181	237	239	241	1	237	1	237	315
45	8	59.402	234	239	239	1	234	1	234	313
45	7	59.149	235	239	240	1	235	1	233	304
45	1	59.583	240	239	238	1	239	1	238	302
45	37	52.521	238	239	236	1	238	1	234	268
45	29	49.580	238	239	238	1	238	1	236	261
45	33	48.163	245	239	243	1	239	1	243	260
45	10	51.092	229	239	238	1	229	1	227	260
45	54	51.681	238	239	238	1	238	1	233	259
45	21	51.092	229	239	238	1	229	1	227	259
45	18	48.319	238	239	238	1	238	1	236	259
45	38	50.420	238	239	236	1	238	1	234	257
45	48	47.755	245	239	243	1	239	1	243	257
45	50	50.000	236	239	238	1	236	1	234	256
45	13	50.840	238	239	236	1	238	1	234	255
45	27	50.209	239	239	237	1	239	1	236	251
45	59	50.000	242	239	240	1	239	1	240	251
45	31	47.436	234	239	237	1	234	1	231	248
45	57	48.163	245	239	243	1	239	1	243	249
45	15	47.899	238	239	238	1	238	1	236	247
45	16	48.319	238	239	234	1	238	1	232	246
45	23	46.694	242	239	240	1	239	1	240	241
45	19	47.718	241	239	238	1	239	1	238	238
45	25	47.934	242	239	240	1	239	1	240	235
45	11	47.917	240	239	238	1	239	1	238	235
45	52	46.667	240	239	235	1	239	1	235	235
45	36	48.536	239	239	238	1	238	1	236	234
45	53	47.934	242	239	237	1	239	1	237	233
45	22	46.862	239	239	236	1	239	1	235	233
45	2	45.041	242	239	240	1	239	1	240	232
45	24	48.347	242	239	240	1	239	1	240	231
45	64	46.218	238	239	235	1	238	1	233	229
45	46	46.025	239	239	239	1	238	1	237	229
45	62	44.770	239	239	233	1	239	1	232	228
45	14	45.902	244	239	242	1	239	1	242	227
45	17	47.773	247	239	244	1	239	1	244	226
45	43	46.914	243	239	242	1	239	1	242	224
45	63	46.091	243	239	242	1	239	1	242	223
45	28	46.250	240	239	237	1	239	1	237	222
45	65	44.770	239	239	236	1	239	1	235	221
45	12	45.455	242	239	240	1	239	1	240	221
45	40	42.678	239	239	236	1	239	1	235	221
45	58	47.107	242	239	240	1	239	1	240	221
45	47	45.652	230	239	236	1	230	1	226	220
45	39	44.255	235	239	237	1	234	1	231	218
45	34	45.188	239	239	236	1	239	1	235	218
45	6	44.118	238	239	235	1	234	1	235	217
45	3	44.856	243	239	242	1	239	1	242	217
45	49	44.118	238	239	235	1	234	1	235	215
45	61	42.308	234	239	236	1	234	1	230	211
46	46	100.000	239	239	239	1	239	1	239	499
46	36	79.498	239	239	238	1	239	1	238	407
46	28	71.548	239	239	237	1	239	1	237	374
46	34	72.222	234	239	236	1	234	1	231	369
46	65	68.376	234	239	236	1	234	1	231	361
46	22	68.670	233	239	236	1	233	1	230	353
46	62	69.038	239	239	233	1	239	1	233	347
46	61	66.094	233	239	236	1	233	1	230	347
46	52	67.100	231	239	235	1	231	1	227	345
46	64	66.109	239	239	235	1	239	1	235	342
46	16	66.667	240	239	234	1	239	1	234	340
46	40	63.180	239	239	236	1	239	1	236	340
46	53	64.378	233	239	237	1	233	1	231	336
46	47	61.207	232	239	236	1	232	1	229	330
46	39	64.378	233	239	237	1	233	1	231	323
46	9	48.936	235	239	238	1	234	1	234	246
46	32	47.881	236	239	238	1	233	1	233	239
46	54	47.083	240	239	238	1	239	1	238	236
46	42	47.660	235	239	237	1	233	1	232	234
46	51	46.444	239	239	239	1	237	1	238	234
46	5	46.383	235	239	238	1	233	1	233	233
46	60	50.213	235	239	238	1	233	1	233	233
46	35	46.414	237	239	238	1	234	1	234	231
46	4	47.257	237	239	238	1	234	1	234	230
46	45	46.025	239	239	239	1	237	1	238	229
46	56	44.398	241	239	239	1	237	1	238	229
46	37	47.009	234	239	236	1	233	1	230	228
46	55	44.770	239	239	239	1	237	1	238	227
46	30	45.726	234	239	238	1	233	1	233	227
46	41	47.436	234	239	239	1	233	1	234	227
46	20	45.228	241	239	239	1	237	1	238	227
46	38	45.106	235	239	236	1	234	1	231	224
46	15	46.250	240	239	238	1	239	1	238	222
46	26	44.958	238	239	239	1	233	1	234	221
46	29	44.978	229	239	238	1	228	1	227	221
46	10	45.000	240	239	238	1	239	1	238	218
46	13	45.106	235	239	236	1	234	1	231	218
46	7	43.983	241	239	240	1	239	1	238	218
46	18	44.167	240	239	238	1	239	1	238	216
46	21	43.750	240	239	238	1	239	1	238	214
46	50	43.621	243	239	238	1	239	1	238	211
46	44	42.553	235	239	241	1	233	1	234	209
46	8	40.909	242	239	239	1	238	1	239	207
46	27	45.833	240	239	237	1	239	1	237	205
46	1	42.979	235	239	238	1	233	1	233	202
46	43	43.496	246	239	242	1	236	1	240	201
46	31	41.250	240	239	237	1	239	1	237	200
46	33	41.909	241	239	243	1	234	1	239	198
46	63	40.496	242	239	242	1	236	1	240	197
46	17	42.324	241	239	244	1	234	1	240	196
46	19	42.797	236	239	238	1	234	1	234	195
46	48	40.417	240	239	243	1	233	1	238	192
46	11	41.102	236	239	238	1	234	1	234	191
46	24	40.909	242	239	240	1	234	1	236	190
46	3	40.083	242	239	242	1	234	1	238	189
46	23	40.336	238	239	240	1	234	1	236	187
46	25	40.249	241	239	240	1	233	1	235	185
46	49	40.167	239	239	235	1	233	1	235	184
46	12	38.494	239	239	240	1	233	1	235	183
46	58	42.213	244	239	240	1	234	1	236	182
46	59	39.076	238	239	240	1	234	1	236	180
46	6	39.256	242	239	235	1	233	1	235	178
46	2	37.860	243	239	240	1	236	1	238	178
46	14	39.669	242	239	242	1	234	1	238	177
46	57	39.419	241	239	243	1	234	1	239	176
47	47	100.000	236	236	236	1	236	1	236	490
47	52	78.390	236	236	235	1	236	1	235	398
47	40	77.542	236	236	236	1	236	1	236	393
47	53	70.464	237	236	237	1	236	1	237	369
47	61	67.797	236	236	236	1	236	1	236	355
47	34	68.122	229	236	236	1	228	1	228	353
47	39	68.776	237	236	237	1	236	1	237	348
47	28	66.245	237	236	237	1	236	1	237	346
47	22	65.789	228	236	236	1	228	1	228	345
47	65	65.789	228	236	236	1	228	1	228	344
47	64	64.557	237	236	235	1	236	1	235	338
47	46	61.207	232	236	239	1	229	1	232	330
47	36	60.166	241	236	238	1	236	1	238	320
47	16	61.404	228	236	234	1	228	1	226	313
47	62	60.088	228	236	233	1	228	1	225	310
47	54	49.345	229	236	238	1	225	1	227	237
47	51	47.639	233	236	239	1	228	1	232	226
47	29	46.930	228	236	238	1	225	1	227	222
47	9	46.320	231	236	238	1	226	1	229	222
47	7	46.256	227	236	240	1	225	1	227	221
47	20	46.320	231	236	239	1	226	1	230	221
47	26	45.339	236	236	239	1	231	1	235	220
47	5	46.288	229	236	238	1	226	1	229	220
47	35	46.491	228	236	238	1	225	1	228	220
47	45	45.652	230	236	239	1	226	1	230	220
47	37	43.231	229	236	236	1	228	1	228	218
47	55	44.589	231	236	239	1	226	1	230	218
47	50	47.368	228	236	238	1	225	1	227	217
47	30	47.162	229	236	238	1	225	1	228	217
47	15	47.368	228	236	238	1	225	1	227	216
47	41	45.726	234	236	239	1	229	1	233	216
47	32	44.828	232	236	238	1	229	1	232	216
47	10	48.246	228	236	238	1	225	1	227	215
47	21	47.826	230	236	238	1	225	1	227	214
47	42	44.978	229	236	237	1	226	1	228	214
47	13	44.156	231	236	236	1	229	1	229	213
47	18	47.391	230	236	238	1	225	1	227	213
47	56	44.156	231	236	239	1	226	1	230	213
47	38	43.478	230	236	236	1	229	1	229	212
47	4	45.022	231	236	238	1	226	1	229	211
47	60	44.589	231	236	238	1	226	1	229	206
47	44	45.022	231	236	241	1	226	1	230	206
47	1	44.737	228	236	238	1	225	1	228	203
47	31	43.805	226	236	237	1	225	1	226	202
47	8	40.693	231	236	239	1	226	1	230	196
47	27	46.696	227	236	237	1	225	1	226	196
47	48	44.167	240	236	243	1	229	1	237	196
47	63	42.616	237	236	242	1	228	1	235	194
47	59	43.882	237	236	240	1	228	1	233	194
47	19	42.489	233	236	238	1	229	1	232	193
47	11	42.489	233	236	238	1	229	1	232	189
47	23	42.735	234	236	240	1	228	1	233	189
47	33	40.586	239	236	243	1	228	1	236	187
47	6	40.167	239	236	235	1	229	1	234	182
47	17	39.916	238	236	244	1	229	1	238	181
47	14	41.631	233	236	242	1	224	1	231	181
47	24	40.678	236	236	240	1	229	1	234	181
47	2	40.343	233	236	240	1	225	1	230	181
47	43	40.000	235	236	242	1	228	1	235	179
47	49	39.574	235	236	235	1	229	1	234	178
47	25	39.056	233	236	240	1	225	1	230	178
47	58	41.202	233	236	240	1	225	1	230	176
47	12	38.528	231	236	240	1	225	1	230	174
47	3	38.525	244	236	242	1	225	1	232	174
47	57	39.919	248	236	243	1	228	1	236	171
48	48	100.000	243	243	243	1	243	1	243	501
48	33	80.658	243	243	243	1	243	1	243	423
48	57	72.840	243	243	243	1	243	1	243	379
48	14	64.198	243	243	242	1	243	1	242	336
48	59	61.728	243	243	240	1	243	1	240	311
48	11	61.728	243	243	238	1	243	1	238	311
48	19	60.905	243	243	238	1	243	1	238	305
48	23	59.259	243	243	240	1	243	1	240	301
48	58	59.671	243	243	240	1	243	1	240	291
48	25	55.967	243	243	240	1	243	1	240	289
48	24	55.967	243	243	240	1	243	1	240	283
48	17	56.680	247	243	244	1	243	1	244	282
48	2	53.909	243	243	240	1	243	1	240	278
48	12	54.321	243	243	240	1	243	1	240	275
48	49	53.782	238	243	235	1	238	1	235	272
48	43	52.653	245	243	242	1	243	1	242	271
48	3	54.694	245	243	242	1	243	1	242	271
48	6	52.521	238	243	235	1	238	1	235	271
48	63	52.245	245	243	242	1	243	1	242	270
48	56	51.429	245	243	239	1	243	1	239	263
48	60	50.000	244	243	238	1	243	1	238	263
48	51	50.204	245	243	239	1	243	1	239	262
48	18	51.440	243	243	238	1	242	1	236	262
48	55	47.755	245	243	239	1	243	1	239	259
48	20	49.796	245	243	239	1	243	1	239	259
48	21	52.361	233	243	238	1	232	1	226	257
48	45	47.755	245	243	239	1	243	1	239	257
48	9	49.180	244	243	238	1	243	1	238	257
48	41	49.796	245	243	239	1	243	1	239	256
48	10	54.077	233	243	238	1	232	1	226	254
48	4	48.361	244	243	238	1	243	1	238	253
48	42	50.000	244	243	237	1	243	1	237	252
48	26	47.347	245	243	239	1	243	1	239	250
48	29	50.617	243	243	238	1	242	1	236	249
48	54	47.541	244	243	238	1	243	1	237	248
48	7	49.167	240	243	240	1	239	1	233	248
48	5	47.541	244	243	238	1	243	1	238	248
48	37	49.174	242	243	236	1	242	1	234	246
48	27	49.590	244	243	237	1	243	1	236	244
48	32	47.541	244	243	238	1	243	1	238	244
48	15	50.617	243	243	238	1	242	1	236	243
48	35	47.131	244	243	238	1	243	1	238	242
48	1	47.131	244	243	238	1	243	1	238	241
48	30	47.131	244	243	238	1	243	1	238	240
48	50	47.325	243	243	238	1	242	1	236	238
48	31	48.148	243	243	237	1	242	1	235	237
48	8	47.303	241	243	239	1	238	1	234	235
48	13	47.107	242	243	236	1	242	1	234	232
48	44	47.303	241	243	241	1	238	1	234	232
48	38	45.041	242	243	236	1	242	1	234	230
48	65	43.443	244	243	236	1	243	1	235	201
48	36	41.803	244	243	238	1	242	1	236	199
48	22	43.443	244	243	236	1	243	1	235	198
48	34	40.984	244	243	236	1	243	1	235	197
48	28	42.798	243	243	237	1	239	1	232	196
48	47	44.167	240	243	236	1	237	1	229	196
48	52	43.496	246	243	235	1	243	1	235	195
48	53	43.154	241	243	237	1	238	1	231	192
48	46	40.417	240	243	239	1	238	1	233	192
48	16	43.568	241	243	234	1	239	1	229	191
48	62	39.344	244	243	233	1	243	1	232	190
48	64	41.975	243	243	235	1	242	1	233	186
48	39	43.154	241	243	237	1	238	1	231	185
48	61	40.833	240	243	236	1	238	1	230	184
48	40	41.736	242	243	236	1	238	1	230	182
49	49	100.000	235	235	235	1	235	1	235	489
49	6	81.702	235	235	235	1	235	1	235	417
49	24	54.468	235	235	240	1	235	1	235	273
49	48	53.782	238	235	243	1	235	1	238	272
49	11	55.932	236	235	238	1	235	1	233	271
49	33	52.101	238	235	243	1	235	1	238	266
49	3	53.165	237	235	242	1	235	1	237	263
49	19	53.814	236	235	238	1	235	1	233	263
49	43	50.211	237	235	242	1	235	1	237	259
49	17	52.301	239	235	244	1	235	1	239	258
49	59	53.617	235	235	240	1	235	1	235	253
49	32	50.424	236	235	238	1	235	1	233	252
49	12	47.660	235	235	240	1	235	1	235	252
49	25	47.234	235	235	240	1	235	1	235	250
49	57	49.580	238	235	243	1	235	1	238	248
49	35	50.424	236	235	238	1	235	1	233	245
49	2	47.660	235	235	240	1	235	1	235	244
49	30	49.576	236	235	238	1	235	1	233	244
49	26	48.101	237	235	239	1	235	1	234	243
49	23	50.638	235	235	240	1	235	1	235	243
49	58	51.915	235	235	240	1	235	1	235	242
49	63	47.257	237	235	242	1	235	1	237	240
49	5	48.305	236	235	238	1	235	1	233	239
49	14	47.479	238	235	242	1	235	1	237	235
49	42	48.305	236	235	237	1	235	1	232	234
49	10	48.052	231	235	238	1	230	1	227	232
49	29	47.619	231	235	238	1	230	1	227	231
49	41	44.726	237	235	239	1	235	1	234	231
49	37	46.186	236	235	236	1	235	1	230	230
49	9	44.915	236	235	238	1	235	1	233	229
49	4	45.763	236	235	238	1	235	1	233	228
49	18	47.619	231	235	238	1	230	1	227	227
49	20	45.570	237	235	239	1	235	1	234	226
49	60	44.915	236	235	238	1	235	1	233	226
49	51	43.882	237	235	239	1	235	1	234	226
49	55	44.304	237	235	239	1	235	1	234	225
49	13	46.383	235	235	236	1	235	1	230	225
49	50	46.753	231	235	238	1	230	1	227	224
49	56	45.148	237	235	239	1	235	1	234	224
49	21	45.455	231	235	238	1	230	1	227	223
49	38	43.830	235	235	236	1	235	1	230	222
49	15	47.186	231	235	238	1	230	1	227	222
49	7	45.339	236	235	240	1	235	1	232	220
49	54	47.619	231	235	238	1	230	1	227	219
49	8	44.304	237	235	239	1	235	1	234	216
49	27	46.753	231	235	237	1	230	1	226	215
49	45	44.118	238	235	239	1	235	1	234	215
49	44	43.038	237	235	241	1	235	1	234	208
49	31	44.348	230	235	237	1	230	1	226	207
49	1	42.373	236	235	238	1	235	1	233	207
49	53	42.857	238	235	237	1	235	1	231	187
49	46	40.167	239	235	239	1	235	1	233	184
49	40	42.437	238	235	236	1	235	1	230	183
49	64	41.350	237	235	235	1	235	1	229	180
49	36	40.756	238	235	238	1	235	1	232	180
49	65	40.000	235	235	236	1	235	1	230	179
49	47	39.574	235	235	236	1	234	1	229	178
49	61	37.712	236	235	236	1	235	1	230	178
49	52	40.426	235	235	235	1	233	1	227	177
49	28	40.084	237	235	237	1	235	1	231	177
49	39	43.933	239	235	237	1	235	1	231	176
49	34	38.819	237	235	236	1	235	1	230	176
49	22	37.712	236	235	236	1	235	1	230	175
49	62	40.084	237	235	233	1	235	1	227	175
49	16	38.397	237	235	234	1	235	1	228	167
5	5	100.000	238	238	238	1	238	1	238	496
5	35	80.672	238	238	238	1	238	1	238	417
5	32	81.513	238	238	238	1	238	1	238	414
5	42	81.513	238	238	237	1	238	1	237	406
5	9	78.992	238	238	238	1	238	1	238	404
5	4	77.731	238	238	238	1	238	1	238	399
5	30	75.210	238	238	238	1	238	1	238	391
5	60	77.311	238	238	238	1	238	1	238	388
5	20	77.778	234	238	239	1	233	1	234	385
5	51	74.477	239	238	239	1	238	1	239	379
5	55	73.640	239	238	239	1	238	1	239	378
5	56	72.803	239	238	239	1	238	1	239	375
5	45	73.640	239	238	239	1	238	1	239	375
5	26	72.385	239	238	239	1	238	1	239	374
5	41	71.967	239	238	239	1	238	1	239	368
5	8	64.103	234	238	239	1	233	1	234	327
5	7	61.181	237	238	240	1	237	1	236	317
5	44	62.393	234	238	241	1	233	1	234	317
5	1	56.723	238	238	238	1	238	1	238	304
5	37	54.894	235	238	236	1	235	1	232	282
5	54	55.702	228	238	238	1	228	1	227	281
5	29	52.991	234	238	238	1	234	1	233	277
5	18	53.648	233	238	238	1	233	1	232	276
5	21	53.070	228	238	238	1	228	1	227	274
5	38	54.506	233	238	236	1	233	1	230	273
5	10	51.489	235	238	238	1	235	1	234	273
5	15	54.825	228	238	238	1	228	1	227	273
5	50	51.931	233	238	238	1	233	1	232	268
5	13	51.502	233	238	236	1	233	1	230	265
5	27	53.509	228	238	237	1	228	1	226	263
5	33	50.000	244	238	243	1	238	1	243	261
5	31	50.644	233	238	237	1	233	1	231	261
5	59	51.867	241	238	240	1	238	1	240	251
5	6	49.153	236	238	235	1	233	1	235	250
5	53	51.502	233	238	237	1	233	1	231	250
5	48	47.541	244	238	243	1	238	1	243	248
5	65	49.160	238	238	236	1	238	1	235	246
5	22	48.319	238	238	236	1	238	1	235	242
5	28	47.234	235	238	237	1	235	1	233	239
5	11	50.209	239	238	238	1	238	1	238	239
5	49	48.305	236	238	235	1	233	1	235	239
5	16	47.009	234	238	234	1	234	1	229	238
5	36	47.863	234	238	238	1	233	1	232	238
5	17	50.000	244	238	244	1	238	1	244	238
5	52	47.639	233	238	235	1	233	1	229	237
5	39	48.927	233	238	237	1	233	1	231	237
5	34	45.798	238	238	236	1	238	1	235	236
5	62	46.581	234	238	233	1	234	1	228	235
5	58	51.695	236	238	240	1	233	1	235	235
5	46	46.383	235	238	239	1	233	1	233	233
5	64	48.085	235	238	235	1	235	1	231	233
5	43	47.107	242	238	242	1	238	1	242	233
5	19	48.750	240	238	238	1	238	1	238	231
5	40	46.781	233	238	236	1	233	1	230	229
5	23	46.888	241	238	240	1	238	1	240	229
5	25	47.521	242	238	240	1	238	1	240	229
5	24	48.133	241	238	240	1	238	1	240	229
5	2	45.643	241	238	240	1	238	1	240	228
5	14	47.737	243	238	242	1	238	1	242	227
5	57	45.082	244	238	243	1	238	1	243	226
5	3	47.107	242	238	242	1	238	1	242	222
5	63	46.281	242	238	242	1	238	1	242	222
5	47	46.288	229	238	236	1	229	1	226	220
5	61	43.777	233	238	236	1	233	1	230	219
5	12	46.281	242	238	240	1	238	1	240	218
50	50	100.000	238	238	238	1	238	1	238	496
50	21	81.092	238	238	238	1	238	1	238	418
50	18	81.092	238	238	238	1	238	1	238	417
50	10	76.050	238	238	238	1	238	1	238	398
50	29	74.790	238	238	238	1	238	1	238	392
50	31	77.311	238	238	237	1	238	1	237	388
50	27	73.529	238	238	237	1	238	1	237	382
50	15	75.210	238	238	238	1	238	1	238	380
50	54	68.067	238	238	238	1	238	1	238	354
50	35	54.468	235	238	238	1	234	1	235	282
50	26	52.119	236	238	239	1	234	1	236	271
50	56	52.966	236	238	239	1	234	1	236	270
50	13	54.202	238	238	236	1	238	1	236	269
50	37	53.814	236	238	236	1	235	1	234	268
50	20	51.695	236	238	239	1	234	1	236	268
50	5	51.931	233	238	238	1	232	1	233	268
50	42	53.509	228	238	237	1	227	1	227	268
50	9	49.153	236	238	238	1	235	1	236	265
50	38	53.975	239	238	236	1	238	1	236	264
50	41	50.847	236	238	239	1	234	1	236	261
50	30	49.145	234	238	238	1	233	1	234	261
50	51	50.847	236	238	239	1	234	1	236	261
50	55	50.000	236	238	239	1	234	1	236	260
50	32	48.927	233	238	238	1	232	1	233	259
50	60	48.101	237	238	238	1	236	1	237	257
50	45	50.000	236	238	239	1	234	1	236	256
50	7	52.282	241	238	240	1	238	1	238	254
50	8	48.954	239	238	239	1	237	1	239	249
50	4	45.992	237	238	238	1	236	1	237	248
50	1	48.305	236	238	238	1	235	1	236	246
50	44	49.573	234	238	241	1	232	1	234	246
50	48	47.325	243	238	243	1	236	1	242	238
50	6	47.619	231	238	235	1	227	1	230	237
50	33	44.856	243	238	243	1	236	1	242	233
50	62	44.118	238	238	233	1	238	1	233	231
50	57	48.927	233	238	243	1	226	1	232	229
50	28	46.552	232	238	237	1	232	1	231	229
50	53	46.121	232	238	237	1	232	1	231	229
50	22	45.064	233	238	236	1	233	1	231	227
50	40	45.378	238	238	236	1	238	1	236	227
50	19	46.930	228	238	238	1	226	1	227	224
50	49	46.753	231	238	235	1	227	1	230	224
50	16	42.017	238	238	234	1	238	1	234	223
50	65	44.492	236	238	236	1	236	1	234	221
50	59	45.652	230	238	240	1	226	1	229	221
50	64	44.118	238	238	235	1	238	1	235	218
50	52	45.532	235	238	235	1	233	1	232	218
50	47	47.368	228	238	236	1	227	1	225	217
50	25	44.583	240	238	240	1	236	1	239	217
50	24	47.083	240	238	240	1	236	1	239	216
50	11	46.053	228	238	238	1	226	1	227	216
50	43	45.607	239	238	242	1	233	1	238	215
50	34	42.918	233	238	236	1	233	1	231	214
50	63	43.933	239	238	242	1	234	1	239	212
50	46	43.621	243	238	239	1	238	1	239	211
50	23	44.348	230	238	240	1	226	1	229	209
50	36	42.975	242	238	238	1	238	1	238	209
50	17	44.082	245	238	244	1	236	1	243	209
50	2	43.038	237	238	240	1	233	1	236	208
50	39	43.534	232	238	237	1	232	1	231	206
50	61	42.672	232	238	236	1	232	1	230	205
50	3	44.033	243	238	242	1	236	1	241	205
50	14	40.909	242	238	242	1	236	1	241	204
50	12	43.750	240	238	240	1	236	1	239	203
50	58	44.167	240	238	240	1	236	1	239	202
51	51	100.000	239	239	239	1	239	1	239	501
51	56	79.079	239	239	239	1	239	1	239	414
51	41	76.987	239	239	239	1	239	1	239	399
51	45	76.987	239	239	239	1	239	1	239	397
51	26	77.406	239	239	239	1	239	1	239	396
51	20	77.406	239	239	239	1	239	1	239	395
51	55	72.803	239	239	239	1	239	1	239	383
51	5	74.477	239	239	238	1	239	1	238	379
51	60	74.477	239	239	238	1	239	1	238	378
51	9	73.640	239	239	238	1	239	1	238	376
51	4	72.803	239	239	238	1	239	1	238	375
51	42	73.222	239	239	237	1	239	1	237	374
51	32	72.574	237	239	238	1	235	1	234	367
51	30	68.619	239	239	238	1	239	1	238	363
51	35	67.364	239	239	238	1	239	1	238	348
51	44	64.557	237	239	241	1	237	1	237	327
51	8	62.821	234	239	239	1	234	1	234	323
51	7	60.426	235	239	240	1	235	1	233	309
51	1	58.898	236	239	238	1	236	1	235	304
51	37	50.840	238	239	236	1	238	1	234	275
51	29	52.941	238	239	238	1	238	1	236	275
51	21	54.148	229	239	238	1	229	1	227	270
51	15	52.941	238	239	238	1	238	1	236	268
51	54	49.791	239	239	238	1	239	1	237	265
51	10	51.965	229	239	238	1	229	1	227	263
51	48	50.204	245	239	243	1	239	1	243	262
51	50	50.847	236	239	238	1	236	1	234	261
51	18	49.160	238	239	238	1	238	1	236	259
51	33	48.571	245	239	243	1	239	1	243	259
51	27	53.712	229	239	237	1	229	1	226	257
51	38	48.739	238	239	236	1	238	1	234	256
51	13	47.899	238	239	236	1	238	1	234	254
51	31	47.899	238	239	237	1	238	1	235	252
51	57	48.980	245	239	243	1	239	1	243	250
51	16	49.580	238	239	234	1	238	1	232	246
51	59	50.413	242	239	240	1	239	1	240	246
51	22	50.209	239	239	236	1	239	1	235	241
51	62	47.699	239	239	233	1	239	1	232	239
51	23	47.107	242	239	240	1	239	1	240	237
51	43	48.560	243	239	242	1	239	1	242	236
51	25	48.148	243	239	240	1	239	1	240	234
51	46	46.444	239	239	239	1	238	1	237	234
51	19	47.951	244	239	238	1	239	1	238	234
51	6	44.726	237	239	235	1	234	1	235	233
51	24	49.174	242	239	240	1	239	1	240	233
51	64	48.739	238	239	235	1	238	1	233	232
51	11	47.083	240	239	238	1	239	1	238	231
51	36	47.280	239	239	238	1	238	1	236	231
51	65	47.699	239	239	236	1	239	1	235	231
51	63	47.737	243	239	242	1	239	1	242	231
51	52	47.917	240	239	235	1	239	1	235	229
51	17	48.374	246	239	244	1	239	1	244	229
51	2	44.628	242	239	240	1	239	1	240	229
51	28	47.917	240	239	237	1	239	1	237	228
51	49	43.882	237	239	235	1	234	1	235	226
51	47	47.639	233	239	236	1	232	1	228	226
51	53	47.917	240	239	237	1	239	1	237	225
51	34	46.444	239	239	236	1	239	1	235	224
51	40	45.607	239	239	236	1	239	1	235	223
51	12	46.091	243	239	240	1	239	1	240	223
51	14	45.902	244	239	242	1	239	1	242	222
51	3	44.856	243	239	242	1	239	1	242	222
51	58	47.107	242	239	240	1	238	1	239	219
51	39	45.726	234	239	237	1	234	1	231	214
51	61	43.590	234	239	236	1	234	1	230	212
52	52	100.000	235	235	235	1	235	1	235	488
52	40	78.390	236	235	236	1	235	1	236	402
52	47	78.390	236	235	236	1	235	1	236	398
52	53	73.840	237	235	237	1	235	1	237	374
52	22	71.967	239	235	236	1	235	1	235	369
52	65	69.068	236	235	236	1	235	1	235	365
52	61	70.339	236	235	236	1	235	1	236	364
52	64	69.362	235	235	235	1	235	1	235	363
52	39	72.574	237	235	237	1	235	1	237	363
52	34	70.435	230	235	236	1	229	1	230	360
52	28	68.776	237	235	237	1	235	1	237	356
52	46	67.100	231	235	239	1	227	1	231	345
52	62	67.249	229	235	233	1	229	1	227	335
52	36	64.017	239	235	238	1	235	1	238	335
52	16	62.979	235	235	234	1	235	1	234	331
52	5	47.639	233	235	238	1	229	1	233	237
52	45	46.667	240	235	239	1	235	1	239	235
52	54	45.815	227	235	238	1	224	1	227	232
52	55	45.833	240	235	239	1	235	1	239	232
52	56	45.833	240	235	239	1	235	1	239	231
52	7	48.101	237	235	240	1	234	1	235	229
52	51	47.917	240	235	239	1	235	1	239	229
52	9	46.983	232	235	238	1	227	1	231	228
52	26	44.681	235	235	239	1	230	1	235	228
52	4	44.872	234	235	238	1	229	1	233	228
52	37	45.339	236	235	236	1	234	1	234	226
52	42	46.522	230	235	237	1	227	1	230	226
52	20	44.872	234	235	239	1	229	1	234	226
52	41	45.833	240	235	239	1	235	1	239	225
52	13	45.726	234	235	236	1	232	1	233	224
52	35	45.494	233	235	238	1	229	1	233	223
52	32	44.635	233	235	238	1	229	1	233	222
52	38	45.726	234	235	236	1	232	1	233	221
52	60	46.835	237	235	238	1	229	1	233	221
52	29	45.374	227	235	238	1	224	1	227	218
52	50	45.532	235	235	238	1	232	1	233	218
52	30	44.017	234	235	238	1	229	1	233	217
52	15	46.696	227	235	238	1	224	1	227	216
52	10	46.288	229	235	238	1	226	1	229	216
52	18	45.852	229	235	238	1	224	1	227	214
52	21	44.978	229	235	238	1	224	1	227	213
52	44	43.590	234	235	241	1	229	1	234	213
52	8	42.241	232	235	239	1	227	1	232	209
52	31	42.920	226	235	237	1	224	1	226	202
52	1	44.635	233	235	238	1	229	1	233	202
52	27	45.374	227	235	237	1	224	1	226	201
52	19	42.060	233	235	238	1	229	1	233	196
52	59	44.397	232	235	240	1	225	1	231	196
52	48	43.496	246	235	243	1	235	1	243	195
52	2	42.616	237	235	240	1	229	1	235	194
52	63	42.241	232	235	242	1	223	1	231	194
52	11	43.162	234	235	238	1	229	1	233	191
52	14	43.534	232	235	242	1	223	1	231	191
52	33	41.949	236	235	243	1	225	1	234	190
52	24	42.194	237	235	240	1	229	1	235	189
52	23	43.534	232	235	240	1	225	1	231	189
52	17	41.250	240	235	244	1	229	1	239	188
52	3	40.773	233	235	242	1	224	1	232	186
52	43	42.308	234	235	242	1	224	1	232	184
52	58	42.437	238	235	240	1	229	1	235	184
52	25	40.000	235	235	240	1	227	1	233	184
52	6	42.437	238	235	235	1	227	1	233	182
52	12	38.528	231	235	240	1	224	1	230	178
52	49	40.426	235	235	235	1	227	1	233	177
52	57	40.417	240	235	243	1	228	1	238	176
53	53	100.000	237	237	237	1	237	1	237	493
53	40	73.932	234	237	236	1	234	1	233	385
53	39	76.793	237	237	237	1	237	1	237	377
53	61	72.574	237	237	236	1	237	1	236	376
53	52	73.840	237	237	235	1	237	1	235	374
53	47	70.464	237	237	236	1	237	1	236	369
53	34	72.727	231	237	236	1	231	1	230	367
53	28	69.198	237	237	237	1	237	1	237	365
53	64	71.730	237	237	235	1	237	1	235	363
53	22	70.886	237	237	236	1	237	1	235	363
53	65	67.532	231	237	236	1	231	1	230	347
53	36	67.782	239	237	238	1	237	1	238	345
53	16	65.823	237	237	234	1	237	1	234	338
53	46	64.378	233	237	239	1	231	1	233	336
53	62	65.385	234	237	233	1	234	1	230	330
53	5	51.502	233	237	238	1	231	1	233	250
53	35	50.215	233	237	238	1	231	1	233	249
53	32	48.498	233	237	238	1	231	1	233	236
53	9	48.069	233	237	238	1	231	1	233	235
53	45	47.934	242	237	239	1	237	1	239	233
53	20	47.863	234	237	239	1	231	1	234	231
53	30	48.085	235	237	238	1	231	1	233	229
53	50	46.121	232	237	238	1	231	1	232	229
53	15	47.479	238	237	238	1	237	1	238	229
53	54	44.053	227	237	238	1	226	1	227	228
53	10	47.845	232	237	238	1	231	1	232	227
53	60	46.781	233	237	238	1	231	1	233	226
53	51	47.917	240	237	239	1	237	1	239	225
53	42	47.414	232	237	237	1	231	1	232	225
53	56	46.058	241	237	239	1	237	1	239	225
53	29	46.256	227	237	238	1	226	1	227	225
53	55	46.809	235	237	239	1	231	1	234	225
53	26	45.339	236	237	239	1	232	1	235	223
53	4	45.923	233	237	238	1	231	1	233	222
53	41	47.234	235	237	239	1	231	1	234	222
53	7	46.121	232	237	240	1	231	1	232	221
53	13	45.726	234	237	236	1	233	1	232	219
53	21	46.696	227	237	238	1	226	1	227	219
53	18	45.259	232	237	238	1	231	1	232	218
53	38	46.383	235	237	236	1	233	1	232	215
53	44	46.809	235	237	241	1	231	1	234	212
53	37	43.534	232	237	236	1	231	1	230	212
53	1	45.064	233	237	238	1	231	1	233	211
53	8	45.299	234	237	239	1	231	1	234	207
53	27	45.374	227	237	237	1	226	1	226	206
53	19	42.308	234	237	238	1	231	1	233	203
53	31	43.534	232	237	237	1	231	1	231	200
53	11	42.735	234	237	238	1	231	1	233	199
53	14	43.933	239	237	242	1	231	1	237	197
53	59	43.220	236	237	240	1	231	1	235	194
53	24	42.797	236	237	240	1	231	1	235	193
53	48	43.154	241	237	243	1	231	1	238	192
53	33	42.083	240	237	243	1	231	1	238	189
53	58	43.882	237	237	240	1	231	1	235	189
53	23	41.949	236	237	240	1	231	1	235	189
53	6	43.277	238	237	235	1	231	1	235	189
53	49	42.857	238	237	235	1	231	1	235	187
53	63	40.756	238	237	242	1	231	1	237	186
53	17	41.423	239	237	244	1	231	1	239	185
53	43	41.423	239	237	242	1	231	1	237	184
53	2	41.176	238	237	240	1	231	1	235	184
53	12	38.983	236	237	240	1	231	1	235	183
53	25	39.831	236	237	240	1	231	1	235	181
53	3	40.586	239	237	242	1	231	1	237	177
53	57	40.000	240	237	243	1	231	1	238	176
54	54	100.000	238	238	238	1	238	1	238	495
54	15	73.529	238	238	238	1	238	1	238	389
54	29	71.429	238	238	238	1	238	1	238	383
54	18	71.849	238	238	238	1	238	1	238	379
54	10	71.429	238	238	238	1	238	1	238	375
54	21	69.748	238	238	238	1	238	1	238	374
54	31	67.227	238	238	237	1	238	1	237	363
54	50	68.067	238	238	238	1	238	1	238	354
54	27	63.866	238	238	237	1	238	1	237	338
54	5	55.702	228	238	238	1	227	1	228	281
54	37	57.563	238	238	236	1	238	1	236	281
54	35	56.140	228	238	238	1	227	1	228	280
54	38	55.882	238	238	236	1	238	1	236	274
54	9	53.219	233	238	238	1	232	1	233	273
54	13	54.202	238	238	236	1	238	1	236	272
54	26	51.883	239	238	239	1	237	1	239	271
54	42	54.077	233	238	237	1	232	1	232	268
54	32	53.070	228	238	238	1	227	1	228	267
54	51	49.791	239	238	239	1	237	1	239	265
54	4	52.632	228	238	238	1	227	1	228	263
54	30	53.509	228	238	238	1	227	1	228	263
54	55	52.838	229	238	239	1	227	1	229	260
54	60	51.754	228	238	238	1	227	1	228	259
54	45	51.681	238	238	239	1	233	1	238	259
54	56	51.528	229	238	239	1	227	1	229	258
54	41	51.092	229	238	239	1	227	1	229	254
54	20	50.218	229	238	239	1	227	1	229	253
54	33	49.180	244	238	243	1	237	1	243	249
54	48	47.541	244	238	243	1	237	1	243	248
54	7	48.927	233	238	240	1	232	1	232	248
54	1	48.927	233	238	238	1	232	1	233	247
54	59	48.548	241	238	240	1	237	1	240	243
54	8	49.565	230	238	239	1	227	1	229	242
54	62	48.333	240	238	233	1	238	1	233	241
54	44	47.059	238	238	241	1	235	1	237	239
54	28	46.552	232	238	237	1	232	1	231	239
54	16	47.059	238	238	234	1	238	1	234	237
54	47	49.345	229	238	236	1	227	1	225	237
54	46	47.083	240	238	239	1	238	1	239	236
54	57	48.770	244	238	243	1	237	1	243	234
54	11	48.117	239	238	238	1	237	1	238	233
54	22	43.697	238	238	236	1	238	1	236	233
54	52	45.815	227	238	235	1	227	1	224	232
54	34	43.277	238	238	236	1	238	1	236	232
54	19	48.536	239	238	238	1	237	1	238	232
54	23	46.888	241	238	240	1	237	1	240	231
54	63	47.679	237	238	242	1	232	1	237	231
54	65	43.277	238	238	236	1	238	1	236	230
54	6	48.936	235	238	235	1	227	1	230	230
54	36	47.500	240	238	238	1	238	1	238	229
54	53	44.053	227	238	237	1	227	1	226	228
54	14	45.267	243	238	242	1	237	1	242	228
54	24	47.718	241	238	240	1	237	1	240	226
54	40	44.958	238	238	236	1	238	1	236	226
54	43	46.835	237	238	242	1	232	1	237	226
54	17	46.311	244	238	244	1	237	1	244	224
54	25	43.983	241	238	240	1	237	1	240	223
54	2	46.610	236	238	240	1	232	1	235	222
54	3	46.281	242	238	242	1	237	1	242	221
54	64	44.118	238	238	235	1	238	1	235	221
54	49	47.619	231	238	235	1	227	1	230	219
54	58	48.305	236	238	240	1	232	1	235	218
54	12	44.398	241	238	240	1	237	1	240	218
54	61	42.731	227	238	236	1	227	1	225	216
54	39	44.934	227	238	237	1	227	1	226	211
55	55	100.000	239	239	239	1	239	1	239	497
55	20	79.079	239	239	239	1	239	1	239	416
55	45	79.916	239	239	239	1	239	1	239	414
55	41	75.732	239	239	239	1	239	1	239	401
55	56	76.569	239	239	239	1	239	1	239	400
55	26	72.803	239	239	239	1	239	1	239	387
55	4	73.222	239	239	238	1	239	1	238	385
55	51	72.803	239	239	239	1	239	1	239	383
55	5	73.640	239	239	238	1	239	1	238	378
55	60	72.385	239	239	238	1	239	1	238	378
55	9	72.385	239	239	238	1	239	1	238	374
55	42	71.548	239	239	237	1	239	1	237	366
55	32	70.293	239	239	238	1	239	1	238	363
55	35	69.038	239	239	238	1	239	1	238	361
55	30	66.109	239	239	238	1	239	1	238	358
55	8	61.538	234	239	239	1	234	1	234	325
55	44	60.759	237	239	241	1	237	1	237	322
55	7	60.684	234	239	240	1	234	1	232	317
55	1	59.746	236	239	238	1	236	1	235	311
55	37	51.681	238	239	236	1	238	1	234	271
55	29	50.420	238	239	238	1	238	1	236	267
55	33	49.388	245	239	243	1	239	1	243	266
55	18	49.580	238	239	238	1	238	1	236	266
55	38	52.101	238	239	236	1	238	1	234	265
55	21	50.655	229	239	238	1	229	1	227	263
55	50	50.000	236	239	238	1	236	1	234	260
55	54	52.838	229	239	238	1	229	1	227	260
55	27	51.037	241	239	237	1	239	1	236	259
55	13	48.739	238	239	236	1	238	1	234	259
55	10	50.218	229	239	238	1	229	1	227	259
55	48	47.755	245	239	243	1	239	1	243	259
55	31	46.581	234	239	237	1	234	1	231	249
55	15	48.319	238	239	238	1	238	1	236	248
55	25	49.174	242	239	240	1	239	1	240	247
55	59	49.794	243	239	240	1	239	1	240	247
55	57	48.583	247	239	243	1	239	1	243	244
55	23	46.502	243	239	240	1	239	1	240	240
55	2	46.281	242	239	240	1	239	1	240	238
55	17	48.571	245	239	244	1	239	1	244	237
55	11	47.917	240	239	238	1	239	1	238	237
55	19	47.303	241	239	238	1	239	1	238	236
55	43	47.737	243	239	242	1	239	1	242	236
55	16	46.218	238	239	234	1	238	1	232	235
55	64	46.218	238	239	235	1	238	1	233	233
55	24	47.521	242	239	240	1	239	1	240	233
55	3	46.914	243	239	242	1	239	1	242	233
55	12	45.455	242	239	240	1	239	1	240	232
55	52	45.833	240	239	235	1	239	1	235	232
55	63	47.325	243	239	242	1	239	1	242	231
55	22	46.444	239	239	236	1	239	1	235	230
55	58	49.174	242	239	240	1	239	1	240	229
55	6	45.148	237	239	235	1	234	1	235	229
55	46	44.770	239	239	239	1	238	1	237	227
55	36	46.444	239	239	238	1	238	1	236	227
55	28	46.250	240	239	237	1	239	1	237	227
55	62	44.351	239	239	233	1	239	1	232	226
55	65	45.188	239	239	236	1	239	1	235	226
55	49	44.304	237	239	235	1	234	1	235	225
55	53	46.809	235	239	237	1	234	1	231	225
55	14	44.262	244	239	242	1	239	1	242	222
55	34	44.351	239	239	236	1	239	1	235	221
55	61	43.162	234	239	236	1	234	1	230	220
55	40	41.423	239	239	236	1	239	1	235	218
55	47	44.589	231	239	236	1	230	1	226	218
55	39	44.915	236	239	237	1	234	1	231	216
56	56	100.000	239	239	239	1	239	1	239	496
56	51	79.079	239	239	239	1	239	1	239	414
56	41	77.824	239	239	239	1	239	1	239	407
56	45	76.569	239	239	239	1	239	1	239	402
56	20	77.406	239	239	239	1	239	1	239	400
56	55	76.569	239	239	239	1	239	1	239	400
56	26	76.987	239	239	239	1	239	1	239	395
56	4	76.151	239	239	238	1	239	1	238	390
56	60	75.314	239	239	238	1	239	1	238	383
56	42	75.314	239	239	237	1	239	1	237	382
56	9	74.059	239	239	238	1	239	1	238	379
56	5	72.803	239	239	238	1	239	1	238	375
56	30	69.038	239	239	238	1	239	1	238	367
56	32	71.130	239	239	238	1	239	1	238	365
56	35	66.527	239	239	238	1	239	1	238	346
56	8	61.538	234	239	239	1	234	1	234	322
56	44	60.338	237	239	241	1	237	1	237	321
56	1	60.669	239	239	238	1	239	1	238	317
56	7	61.702	235	239	240	1	235	1	233	312
56	37	56.303	238	239	236	1	238	1	234	280
56	21	55.459	229	239	238	1	229	1	227	276
56	29	54.622	238	239	238	1	238	1	236	273
56	38	53.782	238	239	236	1	238	1	234	270
56	50	52.966	236	239	238	1	236	1	234	270
56	10	54.585	229	239	238	1	229	1	227	270
56	18	52.101	238	239	238	1	238	1	236	269
56	13	52.521	238	239	236	1	238	1	234	267
56	33	51.020	245	239	243	1	239	1	243	265
56	48	51.429	245	239	243	1	239	1	243	263
56	31	51.709	234	239	237	1	234	1	231	263
56	27	53.750	240	239	237	1	239	1	236	261
56	15	51.681	238	239	238	1	238	1	236	260
56	54	51.528	229	239	238	1	229	1	227	258
56	59	52.066	242	239	240	1	239	1	240	255
56	57	51.020	245	239	243	1	239	1	243	255
56	11	51.250	240	239	238	1	239	1	238	250
56	23	49.180	244	239	240	1	239	1	240	246
56	22	48.536	239	239	236	1	239	1	235	242
56	16	47.479	238	239	234	1	238	1	232	241
56	19	47.917	240	239	238	1	239	1	238	240
56	25	49.383	243	239	240	1	239	1	240	239
56	2	47.521	242	239	240	1	239	1	240	238
56	12	49.383	243	239	240	1	239	1	240	236
56	43	48.560	243	239	242	1	239	1	242	235
56	36	47.699	239	239	238	1	238	1	236	234
56	62	45.607	239	239	233	1	239	1	232	233
56	58	50.826	242	239	240	1	239	1	240	232
56	52	45.833	240	239	235	1	239	1	235	231
56	63	48.560	243	239	242	1	239	1	242	230
56	46	44.398	241	239	239	1	238	1	237	229
56	6	45.148	237	239	235	1	234	1	235	227
56	24	48.347	242	239	240	1	239	1	240	227
56	53	46.058	241	239	237	1	239	1	237	225
56	28	45.417	240	239	237	1	239	1	237	224
56	17	48.980	245	239	244	1	239	1	244	224
56	49	45.148	237	239	235	1	234	1	235	224
56	3	47.131	244	239	242	1	239	1	242	224
56	14	46.721	244	239	242	1	239	1	242	223
56	65	43.933	239	239	236	1	239	1	235	223
56	64	45.378	238	239	235	1	238	1	233	221
56	40	42.259	239	239	236	1	239	1	235	218
56	39	44.915	236	239	237	1	234	1	231	216
56	34	42.678	239	239	236	1	239	1	235	214
56	61	43.162	234	239	236	1	234	1	230	213
56	47	44.156	231	239	236	1	230	1	226	213
57	57	100.000	243	243	243	1	243	1	243	504
57	48	72.840	243	243	243	1	243	1	243	379
57	33	70.370	243	243	243	1	243	1	243	370
57	14	66.255	243	243	242	1	243	1	242	343
57	59	61.728	243	243	240	1	243	1	240	317
57	23	59.671	243	243	240	1	243	1	240	305
57	19	58.436	243	243	238	1	243	1	238	302
57	11	57.613	243	243	238	1	243	1	238	299
57	24	55.144	243	243	240	1	243	1	240	280
57	25	54.321	243	243	240	1	243	1	240	277
57	17	56.680	247	243	244	1	243	1	244	276
57	2	53.909	243	243	240	1	243	1	240	273
57	12	53.909	243	243	240	1	243	1	240	268
57	43	51.837	245	243	242	1	243	1	242	267
57	58	55.967	243	243	240	1	243	1	240	266
57	63	53.469	245	243	242	1	243	1	242	266
57	3	52.653	245	243	242	1	243	1	242	263
57	56	51.020	245	243	239	1	243	1	239	255
57	6	49.580	238	243	235	1	238	1	235	253
57	9	49.180	244	243	238	1	243	1	238	252
57	51	48.980	245	243	239	1	243	1	239	250
57	45	48.163	245	243	239	1	243	1	239	249
57	60	47.541	244	243	238	1	243	1	238	248
57	49	49.580	238	243	235	1	238	1	235	248
57	42	49.180	244	243	237	1	243	1	237	245
57	55	48.583	247	243	239	1	243	1	239	244
57	41	47.561	246	243	239	1	243	1	239	241
57	26	47.347	245	243	239	1	243	1	239	240
57	21	50.215	233	243	238	1	232	1	226	240
57	20	46.939	245	243	239	1	243	1	239	240
57	18	49.785	233	243	238	1	232	1	226	238
57	10	51.046	239	243	238	1	238	1	232	236
57	27	48.361	244	243	237	1	243	1	236	235
57	54	48.770	244	243	238	1	243	1	237	234
57	44	46.914	243	243	241	1	241	1	237	233
57	4	45.902	244	243	238	1	243	1	238	233
57	35	47.541	244	243	238	1	243	1	238	231
57	29	47.737	243	243	238	1	242	1	236	230
57	37	47.521	242	243	236	1	242	1	234	229
57	50	48.927	233	243	238	1	232	1	226	229
57	8	44.856	243	243	239	1	239	1	235	228
57	7	44.033	243	243	240	1	242	1	236	226
57	5	45.082	244	243	238	1	243	1	238	226
57	15	48.927	233	243	238	1	232	1	226	226
57	30	44.262	244	243	238	1	243	1	238	225
57	32	45.188	239	243	238	1	238	1	233	225
57	13	45.868	242	243	236	1	242	1	234	224
57	38	45.455	242	243	236	1	242	1	234	223
57	31	46.502	243	243	237	1	242	1	235	223
57	1	42.623	244	243	238	1	243	1	238	216
57	16	42.678	239	243	234	1	238	1	228	187
57	28	41.841	239	243	237	1	238	1	231	182
57	34	40.164	244	243	236	1	243	1	235	179
57	65	40.574	244	243	236	1	243	1	235	178
57	36	38.525	244	243	238	1	242	1	236	177
57	53	40.000	240	243	237	1	238	1	231	176
57	46	39.419	241	243	239	1	239	1	234	176
57	52	40.417	240	243	235	1	238	1	228	176
57	62	36.885	244	243	233	1	243	1	232	174
57	39	39.837	246	243	237	1	238	1	231	172
57	22	38.934	244	243	236	1	243	1	235	171
57	47	39.919	248	243	236	1	236	1	228	171
57	40	40.000	235	243	236	1	234	1	226	169
57	64	39.506	243	243	235	1	242	1	233	164
57	61	38.333	240	243	236	1	238	1	230	160
58	58	100.000	240	240	240	1	240	1	240	498
58	17	65.984	244	240	244	1	240	1	244	334
58	24	62.917	240	240	240	1	240	1	240	323
58	25	62.083	240	240	240	1	240	1	240	318
58	33	60.246	244	240	243	1	240	1	243	312
58	43	60.251	239	240	242	1	237	1	239	308
58	2	60.338	237	240	240	1	237	1	237	307
58	63	59.414	239	240	242	1	237	1	239	304
58	12	58.750	240	240	240	1	240	1	240	303
58	48	59.671	243	240	243	1	240	1	243	302
58	14	59.259	243	240	242	1	240	1	242	296
58	3	59.091	242	240	242	1	240	1	242	294
58	19	59.414	239	240	238	1	239	1	237	291
58	11	58.333	240	240	238	1	240	1	238	283
58	57	55.967	243	240	243	1	240	1	243	277
58	23	56.667	240	240	240	1	240	1	240	271
58	59	55.649	239	240	240	1	239	1	239	271
58	6	51.064	235	240	235	1	235	1	235	255
58	49	51.915	235	240	235	1	235	1	235	253
58	4	53.306	242	240	238	1	240	1	238	249
58	7	50.000	240	240	240	1	239	1	236	245
58	5	51.695	236	240	238	1	235	1	233	245
58	9	48.954	239	240	238	1	238	1	236	243
58	56	50.826	242	240	239	1	240	1	239	242
58	26	49.174	242	240	239	1	240	1	239	241
58	55	49.174	242	240	239	1	240	1	239	238
58	42	51.271	236	240	237	1	235	1	232	235
58	41	48.760	242	240	239	1	240	1	239	234
58	32	48.729	236	240	238	1	235	1	233	231
58	60	48.548	241	240	238	1	240	1	238	231
58	54	48.305	236	240	238	1	235	1	232	229
58	30	47.899	238	240	238	1	237	1	235	229
58	51	47.107	242	240	239	1	239	1	238	229
58	45	47.107	242	240	239	1	240	1	239	229
58	20	48.760	242	240	239	1	239	1	238	228
58	35	46.639	238	240	238	1	237	1	235	226
58	18	46.639	238	240	238	1	237	1	234	226
58	29	46.250	240	240	238	1	239	1	236	225
58	21	46.414	237	240	238	1	236	1	233	225
58	1	45.188	239	240	238	1	238	1	236	224
58	37	45.267	243	240	236	1	240	1	235	223
58	10	46.835	237	240	238	1	236	1	233	223
58	44	46.862	239	240	241	1	237	1	236	222
58	8	45.607	239	240	239	1	236	1	235	217
58	15	45.992	237	240	238	1	236	1	233	213
58	31	45.992	237	240	237	1	235	1	231	209
58	50	44.167	240	240	238	1	239	1	236	209
58	38	42.562	242	240	236	1	239	1	234	209
58	13	41.564	243	240	236	1	240	1	235	205
58	27	42.857	238	240	237	1	237	1	233	204
58	28	43.882	237	240	237	1	235	1	231	201
58	65	41.667	240	240	236	1	239	1	234	199
58	36	41.322	242	240	238	1	239	1	236	196
58	53	43.882	237	240	237	1	235	1	231	196
58	52	42.437	238	240	235	1	235	1	229	192
58	16	42.437	238	240	234	1	236	1	229	191
58	22	41.079	241	240	236	1	240	1	235	191
58	46	42.213	244	240	239	1	236	1	234	188
58	34	39.004	241	240	236	1	239	1	234	187
58	47	41.202	233	240	236	1	230	1	225	182
58	39	43.882	237	240	237	1	235	1	231	182
58	62	40.506	237	240	233	1	236	1	228	181
58	64	40.833	240	240	235	1	239	1	233	181
58	61	39.916	238	240	236	1	235	1	230	181
58	40	41.423	239	240	236	1	235	1	230	180
59	59	100.000	240	240	240	1	240	1	240	492
59	23	80.000	240	240	240	1	240	1	240	410
59	19	78.750	240	240	238	1	240	1	238	390
59	11	78.750	240	240	238	1	240	1	238	390
59	14	66.529	242	240	242	1	240	1	242	328
59	57	61.728	243	240	243	1	240	1	243	317
59	33	61.728	243	240	243	1	240	1	243	317
59	48	61.728	243	240	243	1	240	1	243	311
59	2	54.583	240	240	240	1	240	1	240	277
59	24	56.250	240	240	240	1	240	1	240	275
59	25	53.333	240	240	240	1	240	1	240	271
59	12	54.583	240	240	240	1	240	1	240	266
59	63	53.306	242	240	242	1	240	1	242	266
59	17	54.918	244	240	244	1	240	1	244	265
59	58	55.649	239	240	240	1	239	1	239	257
59	3	53.719	242	240	242	1	240	1	242	256
59	6	51.915	235	240	235	1	235	1	235	255
59	56	52.066	242	240	239	1	240	1	239	255
59	49	53.617	235	240	235	1	235	1	235	253
59	5	51.867	241	240	238	1	240	1	238	251
59	45	50.000	242	240	239	1	240	1	239	251
59	43	50.826	242	240	242	1	240	1	242	249
59	20	50.826	242	240	239	1	240	1	239	248
59	41	50.617	243	240	239	1	240	1	239	248
59	55	49.794	243	240	239	1	240	1	239	247
59	26	48.347	242	240	239	1	240	1	239	247
59	51	50.413	242	240	239	1	240	1	239	246
59	4	50.207	241	240	238	1	240	1	238	246
59	54	48.548	241	240	238	1	240	1	237	243
59	9	48.963	241	240	238	1	240	1	238	243
59	60	49.378	241	240	238	1	240	1	238	242
59	42	49.587	242	240	237	1	240	1	237	241
59	8	48.954	239	240	239	1	236	1	235	238
59	15	50.417	240	240	238	1	239	1	236	237
59	35	49.793	241	240	238	1	240	1	238	236
59	30	48.963	241	240	238	1	240	1	238	234
59	21	48.261	230	240	238	1	229	1	226	233
59	27	50.000	230	240	237	1	229	1	225	233
59	29	47.826	230	240	238	1	229	1	226	232
59	10	48.696	230	240	238	1	229	1	226	231
59	32	50.211	237	240	238	1	235	1	233	229
59	7	45.992	237	240	240	1	236	1	233	227
59	44	47.303	241	240	241	1	238	1	237	227
59	31	46.025	239	240	237	1	239	1	235	226
59	18	46.522	230	240	238	1	229	1	226	226
59	37	46.444	239	240	236	1	239	1	234	225
59	38	46.444	239	240	236	1	239	1	234	225
59	13	44.351	239	240	236	1	239	1	234	223
59	50	45.652	230	240	238	1	229	1	226	221
59	65	46.888	241	240	236	1	240	1	235	216
59	1	43.568	241	240	238	1	240	1	238	211
59	22	43.750	240	240	236	1	240	1	235	206
59	34	45.267	243	240	236	1	240	1	235	204
59	52	44.397	232	240	235	1	231	1	225	196
59	28	42.373	236	240	237	1	235	1	231	194
59	53	43.220	236	240	237	1	235	1	231	194
59	47	43.882	237	240	236	1	233	1	228	194
59	64	43.096	239	240	235	1	239	1	233	191
59	39	41.525	236	240	237	1	235	1	231	188
59	62	39.184	245	240	233	1	240	1	232	187
59	40	41.702	235	240	236	1	235	1	230	187
59	16	40.851	235	240	234	1	235	1	228	186
59	36	40.833	240	240	238	1	239	1	236	186
59	61	39.574	235	240	236	1	235	1	230	181
59	46	39.076	238	240	239	1	236	1	234	180
6	6	100.000	235	235	235	1	235	1	235	488
6	49	81.702	235	235	235	1	235	1	235	417
6	33	53.361	238	235	243	1	235	1	238	276
6	24	54.894	235	235	240	1	235	1	235	274
6	25	51.915	235	235	240	1	235	1	235	271
6	48	52.521	238	235	243	1	235	1	238	271
6	11	54.661	236	235	238	1	235	1	233	269
6	17	53.975	239	235	244	1	235	1	239	266
6	19	53.390	236	235	238	1	235	1	233	265
6	2	51.064	235	235	240	1	235	1	235	259
6	12	49.787	235	235	240	1	235	1	235	259
6	3	52.743	237	235	242	1	235	1	237	257
6	59	51.915	235	235	240	1	235	1	235	255
6	63	50.211	237	235	242	1	235	1	237	253
6	57	49.580	238	235	243	1	235	1	238	253
6	43	50.633	237	235	242	1	235	1	237	252
6	5	49.153	236	235	238	1	235	1	233	250
6	42	48.729	236	235	237	1	235	1	232	246
6	23	49.787	235	235	240	1	235	1	235	245
6	26	48.523	237	235	239	1	235	1	234	244
6	58	51.064	235	235	240	1	235	1	235	244
6	32	46.186	236	235	238	1	235	1	233	240
6	30	48.729	236	235	238	1	235	1	233	239
6	41	46.414	237	235	239	1	235	1	234	238
6	9	44.915	236	235	238	1	235	1	233	237
6	50	47.619	231	235	238	1	230	1	227	237
6	29	48.052	231	235	238	1	230	1	227	236
6	35	47.458	236	235	238	1	235	1	233	236
6	14	45.992	237	235	242	1	235	1	237	235
6	4	46.186	236	235	238	1	235	1	233	234
6	10	48.052	231	235	238	1	230	1	227	234
6	20	46.835	237	235	239	1	235	1	234	234
6	60	45.339	236	235	238	1	235	1	233	233
6	51	44.726	237	235	239	1	235	1	234	233
6	15	48.069	233	235	238	1	230	1	227	232
6	21	47.619	231	235	238	1	230	1	227	231
6	13	46.809	235	235	236	1	235	1	230	230
6	54	48.936	235	235	238	1	230	1	227	230
6	27	46.320	231	235	237	1	230	1	226	229
6	18	48.052	231	235	238	1	230	1	227	229
6	37	44.915	236	235	236	1	235	1	230	229
6	55	45.148	237	235	239	1	235	1	234	229
6	56	45.148	237	235	239	1	235	1	234	227
6	44	46.414	237	235	241	1	235	1	234	224
6	7	46.218	238	235	240	1	235	1	232	223
6	8	45.570	237	235	239	1	235	1	234	222
6	38	44.681	235	235	236	1	235	1	230	219
6	45	44.118	238	235	239	1	235	1	234	217
6	31	44.783	230	235	237	1	230	1	226	214
6	1	42.373	236	235	238	1	235	1	233	211
6	40	43.154	241	235	236	1	235	1	230	189
6	53	43.277	238	235	237	1	235	1	231	189
6	65	40.851	235	235	236	1	235	1	230	187
6	52	42.437	238	235	235	1	233	1	227	182
6	47	40.167	239	235	236	1	234	1	229	182
6	22	40.254	236	235	236	1	235	1	230	182
6	34	41.909	241	235	236	1	235	1	230	181
6	28	40.506	237	235	237	1	235	1	231	180
6	36	39.076	238	235	238	1	235	1	232	180
6	46	39.256	242	235	239	1	235	1	233	178
6	64	40.928	237	235	235	1	235	1	229	177
6	39	44.118	238	235	237	1	235	1	231	177
6	61	38.750	240	235	236	1	235	1	230	174
6	62	38.136	236	235	233	1	235	1	227	173
6	16	39.241	237	235	234	1	235	1	228	171
60	60	100.000	238	238	238	1	238	1	238	498
60	4	82.353	238	238	238	1	238	1	238	418
60	9	79.412	238	238	238	1	238	1	238	407
60	42	80.672	238	238	237	1	238	1	237	402
60	32	77.311	238	238	238	1	238	1	238	393
60	20	77.824	239	238	239	1	238	1	239	392
60	41	76.569	239	238	239	1	238	1	239	389
60	5	77.311	238	238	238	1	238	1	238	388
60	45	75.314	239	238	239	1	238	1	239	384
60	56	75.314	239	238	239	1	238	1	239	383
60	35	73.529	238	238	238	1	238	1	238	381
60	51	74.477	239	238	239	1	238	1	239	378
60	55	72.385	239	238	239	1	238	1	239	378
60	30	71.849	238	238	238	1	238	1	238	376
60	26	73.222	239	238	239	1	238	1	239	374
60	8	61.966	234	238	239	1	233	1	234	325
60	44	61.017	236	238	241	1	235	1	236	314
60	7	58.577	239	238	240	1	237	1	236	308
60	1	56.723	238	238	238	1	238	1	238	301
60	37	55.274	237	238	236	1	237	1	234	283
60	13	52.321	237	238	236	1	237	1	234	272
60	29	51.477	237	238	238	1	237	1	236	270
60	38	52.743	237	238	236	1	237	1	234	268
60	18	51.064	235	238	238	1	235	1	234	266
60	21	51.316	228	238	238	1	228	1	227	264
60	48	50.000	244	238	243	1	238	1	243	263
60	33	49.590	244	238	243	1	238	1	243	261
60	54	51.754	228	238	238	1	228	1	227	259
60	10	50.000	228	238	238	1	228	1	227	259
60	50	48.101	237	238	238	1	237	1	236	257
60	15	51.073	233	238	238	1	233	1	232	256
60	27	52.193	228	238	237	1	228	1	226	255
60	57	47.541	244	238	243	1	238	1	243	248
60	31	47.660	235	238	237	1	233	1	231	247
60	59	49.378	241	238	240	1	238	1	240	242
60	25	48.133	241	238	240	1	238	1	240	235
60	24	49.378	241	238	240	1	238	1	240	235
60	6	45.339	236	238	235	1	233	1	235	233
60	43	48.760	242	238	242	1	238	1	242	233
60	46	50.213	235	238	239	1	233	1	233	233
60	17	49.180	244	238	244	1	238	1	244	232
60	11	47.699	239	238	238	1	238	1	238	231
60	23	46.058	241	238	240	1	238	1	240	231
60	16	47.436	234	238	234	1	234	1	229	230
60	12	47.718	241	238	240	1	238	1	240	229
60	22	48.117	239	238	236	1	238	1	235	228
60	53	46.781	233	238	237	1	233	1	231	226
60	19	47.280	239	238	238	1	238	1	238	226
60	49	44.915	236	238	235	1	233	1	235	226
60	62	45.378	238	238	233	1	238	1	232	226
60	14	46.502	243	238	242	1	238	1	242	225
60	3	47.521	242	238	242	1	238	1	242	224
60	36	47.059	238	238	238	1	237	1	236	224
60	2	45.643	241	238	240	1	238	1	240	224
60	63	46.694	242	238	242	1	238	1	242	224
60	58	48.548	241	238	240	1	238	1	240	223
60	28	45.494	233	238	237	1	233	1	231	222
60	52	46.835	237	238	235	1	233	1	229	221
60	65	46.444	239	238	236	1	238	1	235	219
60	34	45.378	238	238	236	1	238	1	235	219
60	40	44.206	233	238	236	1	233	1	230	217
60	64	47.679	237	238	235	1	237	1	233	216
60	61	43.162	234	238	236	1	233	1	230	208
60	47	44.589	231	238	236	1	229	1	226	206
60	39	44.206	233	238	237	1	233	1	231	206
61	61	100.000	236	236	236	1	236	1	236	489
61	40	72.034	236	236	236	1	236	1	236	377
61	53	72.574	237	236	237	1	236	1	237	376
61	52	70.339	236	236	235	1	236	1	235	364
61	34	72.727	231	236	236	1	230	1	230	362
61	22	71.304	230	236	236	1	230	1	230	361
61	65	69.130	230	236	236	1	230	1	230	358
61	47	67.797	236	236	236	1	236	1	236	355
61	64	67.797	236	236	235	1	236	1	235	352
61	46	66.094	233	236	239	1	230	1	233	347
61	39	68.776	237	236	237	1	236	1	237	345
61	36	68.240	233	236	238	1	230	1	232	344
61	28	65.401	237	236	237	1	236	1	237	342
61	16	64.831	236	236	234	1	236	1	234	333
61	62	62.712	236	236	233	1	236	1	233	323
61	38	45.455	231	236	236	1	230	1	230	221
61	55	43.162	234	236	239	1	230	1	234	220
61	5	43.777	233	236	238	1	230	1	233	219
61	35	43.777	233	236	238	1	230	1	233	219
61	54	42.731	227	236	238	1	225	1	227	216
61	26	42.797	236	236	239	1	231	1	235	216
61	37	41.991	231	236	236	1	230	1	230	215
61	30	42.735	234	236	238	1	230	1	233	214
61	56	43.162	234	236	239	1	230	1	234	213
61	42	43.966	232	236	237	1	230	1	232	213
61	7	45.259	232	236	240	1	230	1	232	213
61	41	45.299	234	236	239	1	230	1	234	212
61	20	42.308	234	236	239	1	230	1	234	212
61	10	44.828	232	236	238	1	230	1	232	212
61	51	43.590	234	236	239	1	230	1	234	212
61	9	43.348	233	236	238	1	230	1	233	212
61	32	42.489	233	236	238	1	230	1	233	212
61	45	42.308	234	236	239	1	230	1	234	211
61	18	43.103	232	236	238	1	230	1	232	210
61	4	42.308	234	236	238	1	230	1	233	209
61	29	41.379	232	236	238	1	230	1	232	209
61	15	43.277	238	236	238	1	236	1	238	209
61	60	43.162	234	236	238	1	230	1	233	208
61	50	42.672	232	236	238	1	230	1	232	205
61	21	42.241	232	236	238	1	230	1	232	205
61	13	40.693	231	236	236	1	230	1	230	204
61	19	42.308	234	236	238	1	230	1	233	198
61	11	42.308	234	236	238	1	230	1	233	198
61	44	41.453	234	236	241	1	230	1	234	198
61	31	40.928	237	236	237	1	236	1	237	197
61	8	41.026	234	236	239	1	230	1	234	197
61	1	43.348	233	236	238	1	230	1	233	196
61	27	42.358	229	236	237	1	227	1	228	186
61	12	39.662	237	236	240	1	230	1	235	185
61	63	40.084	237	236	242	1	230	1	237	185
61	48	40.833	240	236	243	1	230	1	238	184
61	24	40.506	237	236	240	1	230	1	235	181
61	59	39.574	235	236	240	1	230	1	235	181
61	33	40.417	240	236	243	1	230	1	238	181
61	25	40.928	237	236	240	1	230	1	235	181
61	17	39.749	239	236	244	1	230	1	239	180
61	49	37.712	236	236	235	1	230	1	235	178
61	14	41.423	239	236	242	1	230	1	237	179
61	23	38.983	236	236	240	1	230	1	235	177
61	2	40.084	237	236	240	1	230	1	235	177
61	6	38.750	240	236	235	1	230	1	235	174
61	58	39.916	238	236	240	1	230	1	235	173
61	43	39.419	241	236	242	1	230	1	237	173
61	3	37.131	237	236	242	1	230	1	237	171
61	57	38.333	240	236	243	1	230	1	238	160
62	62	100.000	233	233	233	1	233	1	233	489
62	16	75.641	234	233	234	1	233	1	234	389
62	22	71.064	235	233	236	1	232	1	235	361
62	65	68.511	235	233	236	1	232	1	235	351
62	34	68.511	235	233	236	1	232	1	235	349
62	36	69.874	239	233	238	1	233	1	238	348
62	28	69.397	232	233	237	1	228	1	232	347
62	46	69.038	239	233	239	1	233	1	239	347
62	64	68.085	235	233	235	1	233	1	235	342
62	52	67.249	229	233	235	1	227	1	229	335
62	40	61.864	236	233	236	1	233	1	236	331
62	53	65.385	234	233	237	1	230	1	234	330
62	61	62.712	236	233	236	1	233	1	236	323
62	39	63.713	237	233	237	1	232	1	237	313
62	47	60.088	228	233	236	1	225	1	228	310
62	54	48.333	240	233	238	1	233	1	238	241
62	32	47.863	234	233	238	1	228	1	234	241
62	51	47.699	239	233	239	1	232	1	239	239
62	35	47.210	233	233	238	1	227	1	233	239
62	41	48.117	239	233	239	1	232	1	239	236
62	5	46.581	234	233	238	1	228	1	234	235
62	29	44.206	233	233	238	1	228	1	233	234
62	56	45.607	239	233	239	1	232	1	239	233
62	10	46.218	238	233	238	1	233	1	238	233
62	30	47.436	234	233	238	1	228	1	234	232
62	9	45.494	233	233	238	1	227	1	233	232
62	50	44.118	238	233	238	1	233	1	238	231
62	4	44.958	238	233	238	1	232	1	238	229
62	15	47.280	239	233	238	1	233	1	238	228
62	45	44.770	239	233	239	1	232	1	239	228
62	26	45.188	239	233	239	1	232	1	239	228
62	42	46.352	233	233	237	1	228	1	233	227
62	18	43.697	238	233	238	1	233	1	238	226
62	55	44.351	239	233	239	1	232	1	239	226
62	60	45.378	238	233	238	1	232	1	238	226
62	37	44.726	237	233	236	1	233	1	236	224
62	21	42.857	238	233	238	1	233	1	238	221
62	20	43.096	239	233	239	1	232	1	239	221
62	44	45.299	234	233	241	1	227	1	234	221
62	7	44.538	238	233	240	1	233	1	238	220
62	8	44.872	234	233	239	1	227	1	234	215
62	27	45.378	238	233	237	1	233	1	237	215
62	31	43.515	239	233	237	1	233	1	237	215
62	1	45.726	234	233	238	1	228	1	234	214
62	13	42.857	231	233	236	1	227	1	230	213
62	38	43.290	231	233	236	1	227	1	230	212
62	43	40.496	242	233	242	1	232	1	242	191
62	19	39.834	241	233	238	1	232	1	238	191
62	48	39.344	244	233	243	1	232	1	243	190
62	63	40.909	242	233	242	1	232	1	242	190
62	33	39.344	244	233	243	1	232	1	243	188
62	59	39.184	245	233	240	1	232	1	240	187
62	11	39.256	242	233	238	1	232	1	238	184
62	23	40.164	244	233	240	1	232	1	240	184
62	17	38.525	244	233	244	1	232	1	244	182
62	3	40.083	242	233	242	1	232	1	242	181
62	58	40.506	237	233	240	1	228	1	236	175
62	49	40.084	237	233	235	1	227	1	235	175
62	25	35.537	242	233	240	1	232	1	240	174
62	57	36.885	244	233	243	1	232	1	243	174
62	2	36.364	253	233	240	1	232	1	240	174
62	6	38.136	236	233	235	1	227	1	235	173
62	14	38.115	244	233	242	1	232	1	242	173
62	24	37.917	240	233	240	1	232	1	240	172
62	12	37.344	241	233	240	1	232	1	240	171
63	63	100.000	242	242	242	1	242	1	242	504
63	43	77.686	242	242	242	1	242	1	242	416
63	17	72.951	244	242	244	1	242	1	244	386
63	3	73.140	242	242	242	1	242	1	242	383
63	25	70.661	242	242	240	1	242	1	240	376
63	2	70.248	242	242	240	1	242	1	240	370
63	24	70.661	242	242	240	1	242	1	240	364
63	12	69.008	242	242	240	1	242	1	240	361
63	58	59.414	239	242	240	1	239	1	237	290
63	33	52.245	245	242	243	1	242	1	243	274
63	48	52.245	245	242	243	1	242	1	243	270
63	59	53.306	242	242	240	1	242	1	240	266
63	57	53.469	245	242	243	1	242	1	243	266
63	19	52.893	242	242	238	1	242	1	238	265
63	11	52.479	242	242	238	1	242	1	238	263
63	23	50.413	242	242	240	1	242	1	240	254
63	6	50.211	237	242	235	1	237	1	235	253
63	14	50.000	244	242	242	1	242	1	242	249
63	9	50.000	242	242	238	1	242	1	238	241
63	49	47.257	237	242	235	1	237	1	235	240
63	4	49.174	242	242	238	1	242	1	238	235
63	55	47.325	243	242	239	1	242	1	239	231
63	54	47.679	237	242	238	1	237	1	232	231
63	51	47.737	243	242	239	1	242	1	239	231
63	56	48.560	243	242	239	1	242	1	239	230
63	35	47.521	242	242	238	1	242	1	238	228
63	29	46.781	233	242	238	1	233	1	228	227
63	26	46.914	243	242	239	1	242	1	239	227
63	60	46.694	242	242	238	1	242	1	238	224
63	42	48.760	242	242	237	1	242	1	237	223
63	45	46.091	243	242	239	1	242	1	239	223
63	41	46.091	243	242	239	1	242	1	239	223
63	5	46.281	242	242	238	1	242	1	238	222
63	37	46.835	237	242	236	1	237	1	230	221
63	7	46.250	240	242	240	1	238	1	233	221
63	18	44.206	233	242	238	1	233	1	228	219
63	21	44.872	234	242	238	1	233	1	228	219
63	10	43.882	237	242	238	1	237	1	232	217
63	20	45.267	243	242	239	1	242	1	239	216
63	30	43.802	242	242	238	1	242	1	238	215
63	15	44.167	240	242	238	1	240	1	235	214
63	32	43.802	242	242	238	1	242	1	238	214
63	50	43.933	239	242	238	1	239	1	234	212
63	27	43.830	235	242	237	1	233	1	227	211
63	44	44.398	241	242	241	1	240	1	237	207
63	1	44.672	244	242	238	1	242	1	238	207
63	13	41.597	238	242	236	1	238	1	231	207
63	38	43.933	239	242	236	1	238	1	231	205
63	8	43.333	240	242	239	1	238	1	235	204
63	36	40.833	240	242	238	1	240	1	235	204
63	31	40.773	233	242	237	1	233	1	227	199
63	46	40.496	242	242	239	1	240	1	236	197
63	52	42.241	232	242	235	1	231	1	223	194
63	47	42.616	237	242	236	1	235	1	228	194
63	34	39.095	243	242	236	1	242	1	235	192
63	65	38.683	243	242	236	1	242	1	235	190
63	62	40.909	242	242	233	1	242	1	232	190
63	16	40.417	240	242	234	1	237	1	228	189
63	28	40.329	243	242	237	1	240	1	234	188
63	22	40.741	243	242	236	1	242	1	235	187
63	40	40.948	232	242	236	1	231	1	224	186
63	53	40.756	238	242	237	1	237	1	231	186
63	61	40.084	237	242	236	1	237	1	230	185
63	64	39.256	242	242	235	1	240	1	232	176
63	39	39.076	238	242	237	1	237	1	231	173
64	64	100.000	235	235	235	1	235	1	235	486
64	65	74.894	235	235	236	1	233	1	234	370
64	34	73.504	234	235	236	1	233	1	234	368
64	22	72.222	234	235	236	1	233	1	234	367
64	53	71.730	237	235	237	1	235	1	237	363
64	52	69.362	235	235	235	1	235	1	235	363
64	40	69.915	236	235	236	1	235	1	236	361
64	28	70.464	237	235	237	1	235	1	237	358
64	61	67.797	236	235	236	1	235	1	236	352
64	62	68.085	235	235	233	1	235	1	233	342
64	46	66.109	239	235	239	1	235	1	239	342
64	47	64.557	237	235	236	1	235	1	236	338
64	36	67.083	240	235	238	1	235	1	238	338
64	16	65.532	235	235	234	1	235	1	234	336
64	39	68.776	237	235	237	1	235	1	237	333
64	35	49.785	233	235	238	1	229	1	233	244
64	32	49.145	234	235	238	1	230	1	234	233
64	55	46.218	238	235	239	1	233	1	238	233
64	5	48.085	235	235	238	1	231	1	235	233
64	51	48.739	238	235	239	1	233	1	238	232
64	45	46.218	238	235	239	1	233	1	238	229
64	41	48.739	238	235	239	1	233	1	238	229
64	9	47.639	233	235	238	1	229	1	233	228
64	20	47.899	238	235	239	1	233	1	238	228
64	56	45.378	238	235	239	1	233	1	238	221
64	54	44.118	238	235	238	1	235	1	238	221
64	30	47.863	234	235	238	1	230	1	234	220
64	42	45.726	234	235	237	1	231	1	234	219
64	29	44.538	238	235	238	1	235	1	238	218
64	50	44.118	238	235	238	1	235	1	238	218
64	15	45.378	238	235	238	1	235	1	238	217
64	60	47.679	237	235	238	1	233	1	237	216
64	26	44.958	238	235	239	1	233	1	238	216
64	4	45.726	234	235	238	1	229	1	233	216
64	7	44.206	233	235	240	1	230	1	233	214
64	21	44.118	238	235	238	1	235	1	238	214
64	38	43.038	237	235	236	1	235	1	236	214
64	37	43.460	237	235	236	1	235	1	236	213
64	10	44.958	238	235	238	1	235	1	238	213
64	18	43.277	238	235	238	1	235	1	238	211
64	13	43.038	237	235	236	1	235	1	236	209
64	44	44.017	234	235	241	1	229	1	234	207
64	1	44.444	234	235	238	1	230	1	234	206
64	31	42.616	237	235	237	1	235	1	237	204
64	27	43.697	238	235	237	1	235	1	237	197
64	19	42.616	237	235	238	1	233	1	237	196
64	8	41.026	234	235	239	1	229	1	234	195
64	59	43.096	239	235	240	1	233	1	239	191
64	11	41.772	237	235	238	1	233	1	237	191
64	23	40.586	239	235	240	1	233	1	239	189
64	48	41.975	243	235	243	1	233	1	242	186
64	33	40.816	245	235	243	1	233	1	242	181
64	49	41.350	237	235	235	1	229	1	235	180
64	43	42.083	240	235	242	1	232	1	240	180
64	6	40.928	237	235	235	1	229	1	235	177
64	3	40.517	232	235	242	1	224	1	232	177
64	63	39.256	242	235	242	1	232	1	240	176
64	17	39.130	253	235	244	1	229	1	239	175
64	12	37.657	239	235	240	1	233	1	239	175
64	24	39.149	235	235	240	1	229	1	235	175
64	58	40.833	240	235	240	1	233	1	239	174
64	14	41.322	242	235	242	1	233	1	241	174
64	2	36.555	238	235	240	1	232	1	238	170
64	25	37.917	240	235	240	1	233	1	239	167
64	57	39.506	243	235	243	1	233	1	242	164
65	65	100.000	236	236	236	1	236	1	236	491
65	22	81.780	236	236	236	1	236	1	236	422
65	34	78.059	237	236	236	1	236	1	236	402
65	28	71.861	231	236	237	1	230	1	231	376
65	64	74.894	235	236	235	1	234	1	233	370
65	36	71.730	237	236	238	1	234	1	236	366
65	52	69.068	236	236	235	1	235	1	235	365
65	46	68.376	234	236	239	1	231	1	234	361
65	61	69.130	230	236	236	1	230	1	230	358
65	40	68.261	230	236	236	1	230	1	230	357
65	16	69.264	231	236	234	1	231	1	229	352
65	62	68.511	235	236	233	1	235	1	232	351
65	53	67.532	231	236	237	1	230	1	231	347
65	47	65.789	228	236	236	1	228	1	228	344
65	39	69.264	231	236	237	1	230	1	231	342
65	5	49.160	238	236	238	1	235	1	238	246
65	51	47.699	239	236	239	1	235	1	239	231
65	54	43.277	238	236	238	1	236	1	238	230
65	7	46.781	233	236	240	1	231	1	233	230
65	42	46.414	237	236	237	1	235	1	237	229
65	26	44.351	239	236	239	1	235	1	239	228
65	35	46.639	238	236	238	1	235	1	238	227
65	4	46.025	239	236	238	1	235	1	238	227
65	55	45.188	239	236	239	1	235	1	239	226
65	44	48.291	234	236	241	1	230	1	234	225
65	32	46.639	238	236	238	1	235	1	238	225
65	9	45.188	239	236	238	1	235	1	238	224
65	41	46.025	239	236	239	1	235	1	239	224
65	56	43.933	239	236	239	1	235	1	239	223
65	50	44.492	236	236	238	1	234	1	236	221
65	29	43.220	236	236	238	1	234	1	236	221
65	45	44.770	239	236	239	1	235	1	239	221
65	20	43.933	239	236	239	1	235	1	239	219
65	60	46.444	239	236	238	1	235	1	238	219
65	15	44.068	236	236	238	1	234	1	236	219
65	37	43.830	235	236	236	1	234	1	234	218
65	10	45.064	233	236	238	1	231	1	233	218
65	8	44.681	235	236	239	1	231	1	235	218
65	19	45.798	238	236	238	1	235	1	238	218
65	38	42.553	235	236	236	1	234	1	234	216
65	59	46.888	241	236	240	1	235	1	240	216
65	21	43.162	234	236	238	1	232	1	234	215
65	30	45.188	239	236	238	1	235	1	238	214
65	13	43.830	235	236	236	1	234	1	234	214
65	23	46.058	241	236	240	1	235	1	240	213
65	18	41.880	234	236	238	1	232	1	234	211
65	11	44.118	238	236	238	1	235	1	238	207
65	27	44.538	238	236	237	1	236	1	237	207
65	33	44.262	244	236	243	1	235	1	243	206
65	1	44.538	238	236	238	1	235	1	238	204
65	31	40.426	235	236	237	1	234	1	235	202
65	48	43.443	244	236	243	1	235	1	243	201
65	14	44.444	243	236	242	1	235	1	242	199
65	17	40.078	257	236	244	1	235	1	244	194
65	43	42.798	243	236	242	1	235	1	242	194
65	24	41.322	242	236	240	1	235	1	240	194
65	58	41.667	240	236	240	1	234	1	239	190
65	63	38.683	243	236	242	1	235	1	242	190
65	6	40.851	235	236	235	1	230	1	235	187
65	2	38.843	242	236	240	1	235	1	240	186
65	3	39.669	242	236	242	1	235	1	242	184
65	25	38.843	242	236	240	1	235	1	240	180
65	49	40.000	235	236	235	1	230	1	235	179
65	57	40.574	244	236	243	1	235	1	243	178
65	12	37.449	243	236	240	1	235	1	240	177
7	7	100.000	240	240	240	1	240	1	240	497
7	1	77.542	236	240	238	1	235	1	236	388
7	8	78.243	239	240	239	1	237	1	239	386
7	44	73.504	234	240	241	1	232	1	234	367
7	4	62.025	237	240	238	1	236	1	237	320
7	41	62.393	234	240	239	1	232	1	234	320
7	5	61.181	237	240	238	1	236	1	237	317
7	55	60.684	234	240	239	1	232	1	234	317
7	32	60.593	236	240	238	1	235	1	236	315
7	56	61.702	235	240	239	1	233	1	235	312
7	9	60.169	236	240	238	1	235	1	236	312
7	20	60.851	235	240	239	1	233	1	235	311
7	42	60.169	236	240	237	1	236	1	236	310
7	51	60.426	235	240	239	1	233	1	235	309
7	60	58.577	239	240	238	1	236	1	237	308
7	30	58.898	236	240	238	1	235	1	236	307
7	26	60.851	235	240	239	1	232	1	234	306
7	35	58.475	236	240	238	1	235	1	236	305
7	45	59.149	235	240	239	1	233	1	235	304
7	21	53.419	234	240	238	1	233	1	233	264
7	37	48.739	238	240	236	1	238	1	236	263
7	38	53.219	233	240	236	1	233	1	231	262
7	18	51.046	239	240	238	1	238	1	238	259
7	27	52.720	239	240	237	1	238	1	237	256
7	31	50.000	238	240	237	1	238	1	237	256
7	29	51.477	237	240	238	1	235	1	236	256
7	13	49.785	233	240	236	1	233	1	231	255
7	50	52.282	241	240	238	1	238	1	238	254
7	33	48.148	243	240	243	1	236	1	242	254
7	10	52.193	228	240	238	1	227	1	227	249
7	54	48.927	233	240	238	1	232	1	232	248
7	48	49.167	240	240	243	1	233	1	239	248
7	15	48.536	239	240	238	1	238	1	238	246
7	58	50.000	240	240	240	1	236	1	239	239
7	22	49.573	234	240	236	1	234	1	232	237
7	65	46.781	233	240	236	1	233	1	231	230
7	52	48.101	237	240	235	1	235	1	234	229
7	11	46.639	238	240	238	1	236	1	237	228
7	25	46.667	240	240	240	1	236	1	239	228
7	59	45.992	237	240	240	1	233	1	236	227
7	17	45.902	244	240	244	1	236	1	243	227
7	57	44.033	243	240	243	1	236	1	242	226
7	3	46.473	241	240	242	1	236	1	241	224
7	43	46.639	238	240	242	1	233	1	238	224
7	6	46.218	238	240	235	1	232	1	235	223
7	24	46.473	241	240	240	1	236	1	239	223
7	16	44.118	238	240	234	1	238	1	234	223
7	53	46.121	232	240	237	1	232	1	231	221
7	63	46.250	240	240	242	1	233	1	238	221
7	47	46.256	227	240	236	1	227	1	225	221
7	62	44.538	238	240	233	1	238	1	233	220
7	49	45.339	236	240	235	1	232	1	235	220
7	40	44.493	227	240	236	1	227	1	225	219
7	19	43.568	241	240	238	1	240	1	238	219
7	46	43.983	241	240	239	1	238	1	239	218
7	2	45.798	238	240	240	1	233	1	236	218
7	39	46.781	233	240	237	1	232	1	231	216
7	23	42.500	240	240	240	1	236	1	239	215
7	28	43.966	232	240	237	1	232	1	231	215
7	64	44.206	233	240	235	1	233	1	230	214
7	61	45.259	232	240	236	1	232	1	230	213
7	34	41.453	234	240	236	1	234	1	232	209
7	12	41.667	240	240	240	1	236	1	239	207
7	36	42.979	235	240	238	1	232	1	232	205
7	14	40.909	242	240	242	1	236	1	241	204
8	8	100.000	239	239	239	1	239	1	239	496
8	44	79.060	234	239	241	1	234	1	234	399
8	7	78.243	239	239	240	1	239	1	237	386
8	1	71.795	234	239	238	1	234	1	233	357
8	5	64.103	234	239	238	1	234	1	233	327
8	55	61.538	234	239	239	1	234	1	234	325
8	60	61.966	234	239	238	1	234	1	233	325
8	9	61.702	235	239	238	1	235	1	234	325
8	41	61.538	234	239	239	1	234	1	234	324
8	51	62.821	234	239	239	1	234	1	234	323
8	56	61.538	234	239	239	1	234	1	234	322
8	4	61.277	235	239	238	1	235	1	234	321
8	42	62.393	234	239	237	1	234	1	232	319
8	20	61.538	234	239	239	1	234	1	234	318
8	26	61.111	234	239	239	1	234	1	234	317
8	45	59.402	234	239	239	1	234	1	234	313
8	32	60.504	238	239	238	1	234	1	233	310
8	30	57.500	240	239	238	1	236	1	235	305
8	35	56.170	235	239	238	1	235	1	234	297
8	21	51.667	240	239	238	1	238	1	236	263
8	18	50.000	240	239	238	1	238	1	236	258
8	27	50.420	238	239	237	1	238	1	235	257
8	29	50.855	234	239	238	1	234	1	232	256
8	10	50.000	238	239	238	1	238	1	236	253
8	38	51.489	235	239	236	1	235	1	231	250
8	37	47.881	236	239	236	1	236	1	232	249
8	13	48.936	235	239	236	1	235	1	231	249
8	33	49.174	242	239	243	1	235	1	239	249
8	50	48.954	239	239	238	1	239	1	237	249
8	31	48.472	229	239	237	1	229	1	226	247
8	15	49.153	236	239	238	1	235	1	233	242
8	54	49.565	230	239	238	1	229	1	227	242
8	59	48.954	239	239	240	1	235	1	236	238
8	48	47.303	241	239	243	1	234	1	238	235
8	57	44.856	243	239	243	1	235	1	239	228
8	16	45.299	234	239	234	1	234	1	228	223
8	6	45.570	237	239	235	1	234	1	235	222
8	23	44.770	239	239	240	1	235	1	236	221
8	11	45.992	237	239	238	1	235	1	234	221
8	19	44.726	237	239	238	1	235	1	234	219
8	65	44.681	235	239	236	1	235	1	231	218
8	49	44.304	237	239	235	1	234	1	235	216
8	62	44.872	234	239	233	1	234	1	227	215
8	43	46.025	239	239	242	1	235	1	238	215
8	25	45.570	237	239	240	1	234	1	235	215
8	22	44.872	234	239	236	1	234	1	230	213
8	17	44.813	241	239	244	1	235	1	240	213
8	58	45.607	239	239	240	1	235	1	236	211
8	3	43.568	241	239	242	1	235	1	238	209
8	52	42.241	232	239	235	1	232	1	227	209
8	28	44.017	234	239	237	1	234	1	231	209
8	40	43.162	234	239	236	1	234	1	230	209
8	2	44.770	239	239	240	1	235	1	236	208
8	24	44.958	238	239	240	1	235	1	236	208
8	46	40.909	242	239	239	1	239	1	238	207
8	53	45.299	234	239	237	1	234	1	231	207
8	34	42.017	238	239	236	1	238	1	234	204
8	63	43.333	240	239	242	1	235	1	238	204
8	39	42.735	234	239	237	1	234	1	231	204
8	14	43.154	241	239	242	1	235	1	238	202
8	36	42.979	235	239	238	1	234	1	232	200
8	61	41.026	234	239	236	1	234	1	230	197
8	47	40.693	231	239	236	1	230	1	226	196
8	12	42.149	242	239	240	1	234	1	235	195
8	64	41.026	234	239	235	1	234	1	229	195
9	9	100.000	238	238	238	1	238	1	238	496
9	42	81.092	238	238	237	1	238	1	237	416
9	32	79.832	238	238	238	1	238	1	238	409
9	60	79.412	238	238	238	1	238	1	238	407
9	5	78.992	238	238	238	1	238	1	238	404
9	4	78.571	238	238	238	1	238	1	238	404
9	35	75.210	238	238	238	1	238	1	238	398
9	30	73.950	238	238	238	1	238	1	238	395
9	41	74.477	239	238	239	1	238	1	239	383
9	56	74.059	239	238	239	1	238	1	239	379
9	51	73.640	239	238	239	1	238	1	239	376
9	55	72.385	239	238	239	1	238	1	239	374
9	45	72.803	239	238	239	1	238	1	239	372
9	26	72.803	239	238	239	1	238	1	239	371
9	20	71.967	239	238	239	1	238	1	239	371
9	8	61.702	235	238	239	1	234	1	235	325
9	44	61.441	236	238	241	1	235	1	236	319
9	1	57.983	238	238	238	1	238	1	238	312
9	7	60.169	236	238	240	1	236	1	235	312
9	37	56.118	237	238	236	1	236	1	234	281
9	29	55.263	228	238	238	1	228	1	227	281
9	38	54.701	234	238	236	1	234	1	231	275
9	54	53.219	233	238	238	1	233	1	232	273
9	21	50.213	235	238	238	1	235	1	234	272
9	33	51.639	244	238	243	1	238	1	243	271
9	10	51.316	228	238	238	1	228	1	227	270
9	18	51.064	235	238	238	1	235	1	234	269
9	13	51.282	234	238	236	1	234	1	231	266
9	50	49.153	236	238	238	1	236	1	235	265
9	15	51.915	235	238	238	1	235	1	234	262
9	48	49.180	244	238	243	1	238	1	243	257
9	27	51.754	228	238	237	1	228	1	226	253
9	57	49.180	244	238	243	1	238	1	243	252
9	31	48.246	228	238	237	1	228	1	226	251
9	43	49.587	242	238	242	1	238	1	242	249
9	46	48.936	235	238	239	1	234	1	234	246
9	59	48.963	241	238	240	1	238	1	240	243
9	16	48.069	233	238	234	1	233	1	228	242
9	36	47.934	242	238	238	1	235	1	234	241
9	63	50.000	242	238	242	1	238	1	242	241
9	11	47.280	239	238	238	1	238	1	238	238
9	17	47.541	244	238	244	1	238	1	244	237
9	6	44.915	236	238	235	1	233	1	235	237
9	3	48.347	242	238	242	1	238	1	242	236
9	53	48.069	233	238	237	1	233	1	231	235
9	58	48.954	239	238	240	1	236	1	238	235
9	22	48.069	233	238	236	1	233	1	230	233
9	23	45.228	241	238	240	1	238	1	240	233
9	25	46.888	241	238	240	1	238	1	240	233
9	24	48.133	241	238	240	1	238	1	240	232
9	62	45.494	233	238	233	1	233	1	227	232
9	40	45.494	233	238	236	1	233	1	230	231
9	19	46.444	239	238	238	1	238	1	238	230
9	28	45.494	233	238	237	1	233	1	231	229
9	49	44.915	236	238	235	1	233	1	235	229
9	14	46.914	243	238	242	1	238	1	242	229
9	52	46.983	232	238	235	1	231	1	227	228
9	64	47.639	233	238	235	1	233	1	229	228
9	65	45.188	239	238	236	1	238	1	235	224
9	2	44.398	241	238	240	1	238	1	240	223
9	12	45.228	241	238	240	1	238	1	240	222
9	47	46.320	231	238	236	1	229	1	226	222
9	39	45.923	233	238	237	1	233	1	231	221
9	34	43.697	238	238	236	1	238	1	235	219
9	61	43.348	233	238	236	1	233	1	230	212
