1	1	100.000	305	305	305	1	305	1	305	635
1	14	100.000	291	305	291	1	291	1	291	607
1	42	67.007	294	305	294	2	291	2	294	411
1	13	64.164	293	305	305	2	293	6	298	407
1	20	62.712	295	305	295	2	291	2	295	402
1	25	63.729	295	305	296	2	291	2	296	400
1	11	63.014	292	305	298	2	288	2	293	395
1	72	61.246	289	305	296	2	289	6	293	385
1	97	60.702	285	305	288	9	291	4	288	381
1	67	59.386	293	305	295	2	290	2	294	375
1	115	60.616	292	305	296	2	288	2	293	375
1	5	61.356	295	305	297	2	290	2	296	372
1	110	58.703	293	305	295	2	290	2	294	370
1	83	58.844	294	305	296	2	290	2	295	367
1	40	60.000	285	305	288	6	290	2	286	363
1	93	59.107	291	305	297	2	290	6	296	357
1	2	59.107	291	305	297	2	290	6	296	357
1	116	59.450	291	305	296	2	290	6	295	357
1	120	52.740	292	305	285	3	290	2	284	287
1	63	47.038	287	305	283	9	291	4	283	245
1	45	45.548	292	305	283	3	291	2	283	241
1	103	45.486	288	305	283	8	291	3	283	241
1	105	44.948	287	305	283	8	291	5	282	239
1	127	46.048	291	305	283	3	290	3	283	238
1	104	45.329	289	305	283	6	291	4	283	236
1	118	45.196	281	305	284	14	291	9	283	235
1	126	44.792	288	305	283	8	291	3	283	234
1	52	44.291	289	305	284	6	291	4	283	233
1	69	43.151	292	305	283	3	291	2	283	227
1	119	45.788	273	305	274	22	290	12	273	224
1	35	42.857	287	305	282	8	291	3	282	221
1	74	44.118	272	305	274	24	291	14	274	219
1	73	43.403	288	305	275	8	290	3	274	218
1	21	43.003	293	305	280	1	290	1	279	215
1	87	44.403	268	305	313	16	266	9	273	213
1	4	44.015	259	305	309	24	267	19	272	200
1	94	43.023	258	305	271	24	266	19	271	196
1	33	39.338	272	305	296	2	266	1	259	189
1	101	40.067	297	305	292	1	288	1	280	186
1	50	39.847	261	305	294	12	266	3	257	184
1	123	36.237	287	305	294	12	288	3	284	183
1	58	40.078	257	305	309	24	266	30	285	183
1	64	38.849	278	305	300	2	266	6	276	182
1	6	40.000	255	305	303	26	266	25	279	182
1	128	39.789	284	305	290	21	293	7	284	181
1	48	37.500	288	305	289	12	290	3	282	181
1	112	39.350	277	305	286	1	269	1	258	181
1	80	38.768	276	305	298	4	267	4	276	181
1	3	37.993	279	305	301	4	267	2	280	180
1	7	38.255	298	305	283	3	291	2	283	179
1	17	41.667	276	305	289	4	270	3	262	178
1	66	35.889	287	305	296	12	288	3	284	179
1	37	39.636	275	305	300	4	269	3	261	179
1	53	37.786	262	305	295	12	266	3	258	177
1	71	40.794	277	305	295	7	266	1	272	177
1	12	35.986	289	305	293	12	290	3	286	177
1	54	39.057	297	305	278	3	291	2	278	177
1	16	41.155	277	305	292	1	267	1	260	176
1	39	40.794	277	305	292	1	267	1	259	176
1	23	39.419	241	305	304	40	266	41	281	176
1	106	41.304	276	305	284	22	284	6	269	175
1	125	38.276	290	305	292	17	294	3	285	176
1	100	37.184	277	305	296	4	267	2	274	175
1	111	40.304	263	305	276	39	291	21	276	175
1	29	39.928	278	305	287	24	291	7	276	175
1	81	40.559	286	305	286	16	290	1	275	175
1	79	40.809	272	305	281	4	266	3	258	174
1	46	37.545	277	305	294	2	266	7	271	174
1	15	39.404	302	305	281	3	290	2	277	174
1	68	36.655	281	305	298	6	277	1	271	174
1	84	38.721	297	305	281	4	291	3	281	173
1	122	36.986	292	305	290	6	290	1	283	173
1	57	40.840	262	305	294	16	267	1	256	173
1	91	38.043	276	305	298	4	266	4	275	173
1	102	36.678	289	305	293	12	290	3	286	172
1	31	37.338	308	305	298	4	294	3	287	172
1	95	38.435	294	305	291	7	290	6	281	171
1	41	39.273	275	305	288	4	267	3	259	171
1	9	40.000	295	305	292	4	289	3	279	171
1	121	41.406	256	305	279	24	269	6	255	170
1	56	38.983	236	305	299	41	266	32	262	171
1	76	37.584	298	305	281	4	291	3	281	170
1	65	40.000	255	305	287	21	266	5	253	169
1	117	38.870	301	305	282	3	292	2	280	169
1	107	40.074	272	305	281	4	266	3	258	169
1	44	36.789	299	305	282	3	291	2	282	169
1	34	35.439	285	305	288	12	290	3	281	169
1	75	37.692	260	305	291	12	266	3	256	168
1	96	40.530	264	305	287	37	288	25	278	168
1	59	36.398	261	305	294	12	266	3	258	168
1	61	40.254	236	305	295	41	266	32	261	168
1	129	35.789	285	305	289	12	290	3	282	168
1	10	39.216	255	305	307	27	266	33	284	168
1	32	39.453	256	305	303	27	267	31	281	168
1	47	35.606	264	305	299	12	266	3	260	167
1	28	37.627	295	305	292	7	289	6	279	166
1	55	36.242	298	305	297	1	288	1	279	166
1	18	40.167	239	305	261	41	266	1	238	164
1	86	38.321	274	305	281	4	267	3	259	165
1	92	35.294	289	305	293	12	290	3	286	165
1	70	35.417	288	305	288	15	290	6	287	165
1	22	36.242	298	305	281	3	291	2	281	164
1	26	36.395	294	305	292	6	290	1	285	164
1	24	35.461	282	305	273	12	293	3	262	164
1	77	36.000	275	305	273	12	284	3	257	164
1	108	39.004	241	305	284	40	266	23	262	164
1	43	36.879	282	305	273	12	290	4	266	163
1	8	35.401	274	305	302	8	266	6	279	162
1	90	36.996	273	305	281	4	267	3	259	160
1	36	34.448	299	305	293	9	290	3	292	160
1	88	36.822	258	305	272	12	269	3	241	159
1	62	35.739	291	305	287	15	290	6	286	159
1	38	39.700	267	305	276	1	266	2	241	157
1	49	37.918	269	305	278	1	269	2	244	157
1	114	36.122	263	305	272	12	274	3	246	155
1	19	35.986	289	305	288	15	290	6	287	155
1	82	38.235	238	305	274	37	274	28	247	155
1	30	33.962	265	305	274	12	276	3	248	153
1	98	34.981	263	305	272	12	274	3	246	152
1	85	34.457	267	305	274	12	278	3	250	151
1	89	33.962	265	305	272	12	276	3	248	150
1	109	34.109	258	305	273	12	269	3	241	150
1	124	34.496	258	305	272	12	269	3	241	150
1	51	36.330	267	305	275	1	266	1	240	148
1	27	33.333	270	305	271	12	281	3	253	147
1	60	34.495	287	305	274	1	284	1	257	147
1	78	32.941	255	305	274	12	266	3	237	144
1	99	32.222	270	305	275	12	281	3	254	144
10	10	100.000	307	307	307	1	307	1	307	633
10	32	81.877	309	307	303	1	307	1	303	517
10	23	71.753	308	307	304	2	307	3	304	453
10	58	68.489	311	307	309	1	307	1	309	445
10	108	72.569	288	307	284	23	307	1	284	436
10	8	70.323	310	307	302	1	307	1	302	435
10	3	68.932	309	307	301	2	307	6	301	434
10	6	68.896	299	307	303	1	299	1	294	429
10	64	61.039	308	307	300	1	307	3	300	385
10	46	63.823	293	307	294	1	291	1	278	374
10	80	58.117	308	307	298	1	307	3	298	367
10	100	58.766	308	307	296	1	307	1	296	366
10	91	56.494	308	307	298	1	307	3	298	353
10	71	58.644	295	307	295	1	292	1	280	349
10	18	61.847	249	307	261	44	291	1	245	326
10	128	50.746	268	307	290	28	288	8	260	255
10	121	51.969	254	307	279	37	284	15	252	253
10	117	53.815	249	307	282	37	284	22	256	253
10	29	50.558	269	307	287	28	288	5	257	252
10	111	50.186	269	307	276	28	288	5	257	251
10	57	50.189	265	307	294	30	288	9	259	251
10	81	47.727	264	307	286	28	284	5	253	249
10	37	51.181	254	307	300	36	284	21	258	249
10	106	49.416	257	307	284	39	292	19	259	248
10	28	52.191	251	307	292	37	284	22	258	248
10	84	51.600	250	307	281	37	284	22	258	246
10	9	50.391	256	307	292	34	284	19	258	246
10	44	51.600	250	307	282	37	284	22	259	245
10	86	51.373	255	307	281	36	288	21	262	244
10	65	49.446	271	307	287	27	292	5	262	244
10	95	48.864	264	307	291	34	291	19	267	243
10	76	47.253	273	307	281	37	306	22	281	241
10	55	50.593	253	307	297	37	284	22	259	242
10	31	49.802	253	307	298	37	284	22	258	242
10	15	50.400	250	307	281	37	284	22	255	240
10	54	50.000	250	307	278	37	284	22	255	238
10	96	49.425	261	307	287	27	284	10	258	239
10	7	48.235	255	307	283	36	288	21	261	239
10	79	48.221	253	307	281	37	284	22	258	238
10	22	47.037	270	307	281	19	284	2	258	238
10	101	47.674	258	307	292	37	291	22	266	238
10	90	47.876	259	307	281	37	292	22	267	237
10	17	46.718	259	307	289	37	292	22	267	236
10	112	48.263	259	307	286	37	292	22	264	236
10	125	47.328	262	307	292	30	284	10	256	236
10	70	41.479	311	307	288	1	307	1	288	234
10	41	48.819	254	307	288	36	284	21	258	234
10	16	46.154	260	307	292	37	291	22	267	234
10	107	48.413	252	307	281	35	284	20	258	233
10	39	48.450	258	307	292	37	291	22	266	233
10	19	46.570	277	307	288	34	307	22	288	232
10	92	45.556	270	307	293	31	295	17	273	230
10	36	45.149	268	307	293	28	288	15	272	226
10	61	47.490	259	307	295	30	284	16	261	225
10	33	44.358	257	307	296	31	284	17	259	224
10	66	43.846	260	307	296	31	284	17	259	221
10	53	41.812	287	307	295	2	284	3	258	221
10	12	41.463	287	307	293	2	284	3	259	220
10	47	43.651	252	307	299	33	284	21	260	219
10	62	43.478	276	307	287	27	298	14	279	219
10	102	44.048	252	307	293	33	284	21	259	218
10	50	44.048	252	307	294	33	284	21	257	217
10	56	44.747	257	307	299	31	284	17	262	215
10	48	42.692	260	307	289	31	284	17	255	212
10	75	41.343	283	307	291	33	306	21	284	212
10	129	43.750	256	307	289	31	284	17	256	209
10	123	42.412	257	307	294	31	284	17	259	209
10	68	43.265	245	307	298	40	284	28	260	209
10	59	41.667	288	307	294	2	284	3	258	206
10	127	45.455	253	307	283	33	280	24	256	205
10	122	41.923	260	307	290	31	284	17	256	204
10	126	44.358	257	307	283	33	284	23	259	203
10	34	41.406	256	307	288	31	284	17	255	202
10	26	43.462	260	307	292	31	284	17	258	202
10	87	41.445	263	307	313	29	284	18	273	201
10	94	42.857	245	307	271	43	284	35	271	199
10	4	41.538	260	307	309	43	298	35	286	200
10	105	39.456	294	307	283	2	288	5	268	199
10	104	37.419	310	307	283	1	306	5	281	197
10	103	41.343	283	307	283	2	284	7	259	196
10	115	40.550	291	307	296	2	284	4	270	197
10	120	39.338	272	307	285	26	284	2	261	195
10	35	40.784	255	307	282	33	284	22	258	194
10	118	40.449	267	307	284	33	288	22	269	193
10	82	40.234	256	307	274	31	284	17	239	192
10	63	44.015	259	307	283	33	284	23	259	192
10	24	41.016	256	307	273	31	284	17	239	190
10	109	39.844	256	307	273	31	284	17	238	190
10	97	42.739	241	307	288	44	284	37	262	190
10	20	40.000	290	307	295	1	284	3	271	189
10	69	41.923	260	307	283	33	284	23	259	188
10	52	38.909	275	307	284	33	303	22	278	187
10	40	39.792	289	307	288	2	284	4	262	187
10	11	39.024	287	307	298	2	284	4	270	187
10	88	37.456	283	307	272	31	307	17	265	186
10	45	41.245	257	307	283	33	284	22	258	186
10	114	40.625	256	307	272	31	284	17	238	185
10	43	37.011	281	307	273	31	306	18	265	184
10	119	39.844	256	307	274	28	280	12	246	184
10	77	39.453	256	307	273	31	284	17	239	184
10	42	40.141	284	307	294	2	284	4	268	184
10	83	38.062	289	307	296	2	284	4	270	184
10	67	41.176	255	307	295	33	284	30	269	183
10	124	37.891	256	307	272	31	284	17	238	182
10	74	39.464	261	307	274	29	284	13	250	182
10	78	38.132	257	307	274	31	284	17	237	182
10	5	37.979	287	307	297	2	284	4	271	181
10	38	37.918	269	307	276	31	294	19	254	181
10	73	39.922	258	307	275	30	284	14	251	180
10	13	37.979	287	307	305	1	284	3	271	181
10	25	37.801	291	307	296	2	284	4	270	179
10	72	38.811	286	307	296	2	284	8	269	179
10	27	36.101	277	307	271	31	302	17	259	178
10	98	37.891	256	307	272	31	284	17	238	177
10	51	36.567	268	307	275	31	293	18	252	177
10	99	37.500	256	307	275	31	284	17	239	176
10	116	41.152	243	307	296	42	284	42	270	176
10	30	39.453	256	307	274	31	284	17	238	175
10	85	36.496	274	307	274	31	299	17	256	173
10	49	35.897	273	307	278	31	298	19	258	172
10	110	36.585	287	307	295	2	284	4	269	171
10	89	36.576	257	307	272	30	284	16	238	170
10	93	35.430	302	307	297	2	298	4	286	171
10	2	35.430	302	307	297	2	298	4	286	171
10	60	36.719	256	307	274	31	284	18	240	168
10	14	39.216	255	307	291	33	284	27	266	168
10	1	39.216	255	307	305	33	284	27	266	168
10	21	36.806	288	307	280	1	284	6	255	162
100	100	100.000	296	296	296	1	296	1	296	614
100	46	77.365	296	296	294	1	296	1	294	486
100	91	74.662	296	296	298	1	296	3	298	486
100	80	73.986	296	296	298	1	296	3	298	479
100	71	72.635	296	296	295	1	296	1	295	457
100	18	73.180	261	296	261	36	296	1	261	416
100	23	60.726	303	296	304	2	296	3	304	368
100	32	58.553	304	296	303	1	296	1	303	366
100	10	58.766	308	296	307	1	296	1	307	366
100	6	59.211	304	296	303	1	296	1	303	364
100	58	58.446	296	296	309	1	284	1	296	356
100	108	60.806	273	296	284	17	283	1	272	345
100	3	58.657	283	296	301	2	281	6	287	339
100	64	58.719	281	296	300	1	279	3	282	335
100	8	57.770	296	296	302	2	296	10	302	334
100	95	53.208	265	296	291	11	273	4	259	273
100	117	51.471	272	296	282	13	280	6	264	269
100	28	51.866	268	296	292	12	277	5	262	268
100	84	48.639	294	296	281	4	295	2	280	265
100	76	50.178	281	296	281	4	281	2	267	265
100	9	52.471	263	296	292	13	273	6	258	265
100	17	48.529	272	296	289	13	281	6	267	264
100	31	49.301	286	296	298	13	295	6	280	264
100	106	51.515	264	296	284	21	281	9	259	263
100	121	50.746	268	296	279	21	286	7	265	261
100	128	52.239	268	296	290	11	276	1	259	261
100	112	50.368	272	296	286	13	281	6	264	261
100	44	48.364	275	296	282	2	274	3	260	259
100	39	50.549	273	296	292	11	280	4	266	258
100	16	47.601	271	296	292	13	280	6	267	257
100	101	48.339	271	296	292	13	280	6	266	257
100	81	49.434	265	296	286	20	281	7	262	256
100	29	51.351	259	296	287	21	276	8	256	255
100	7	50.187	267	296	283	11	273	4	257	255
100	111	51.737	259	296	276	21	276	8	256	254
100	22	48.669	263	296	281	13	273	6	258	254
100	15	48.540	274	296	281	2	273	3	255	254
100	54	47.810	274	296	278	2	273	3	255	254
100	57	50.391	256	296	294	21	274	10	256	253
100	41	48.763	283	296	288	2	281	3	267	252
100	55	49.254	268	296	297	13	277	6	263	252
100	37	50.373	268	296	300	13	277	6	262	251
100	86	48.679	265	296	281	13	275	6	260	250
100	107	47.909	263	296	281	17	277	10	262	249
100	79	49.049	263	296	281	13	273	6	258	248
100	70	46.713	289	296	288	1	283	1	274	248
100	65	50.781	256	296	287	21	273	9	253	247
100	125	45.704	291	296	292	7	295	3	278	246
100	90	46.970	264	296	281	13	274	6	259	243
100	96	49.458	277	296	287	21	293	14	278	243
100	53	45.745	282	296	295	2	281	3	267	236
100	50	46.290	283	296	294	2	281	3	266	235
100	19	43.522	301	296	288	1	296	1	288	234
100	12	45.390	282	296	293	2	281	3	268	232
100	33	44.853	272	296	296	2	273	3	259	231
100	36	43.902	287	296	293	1	277	1	274	231
100	66	44.128	281	296	296	2	281	3	268	230
100	62	43.189	301	296	287	1	296	1	287	228
100	92	45.421	273	296	293	2	273	3	259	224
100	123	43.463	283	296	294	2	282	3	269	224
100	68	48.361	244	296	298	32	273	28	260	224
100	26	44.014	284	296	292	2	281	3	267	219
100	47	46.667	255	296	299	21	273	17	260	218
100	56	46.591	264	296	299	13	273	9	262	216
100	59	43.310	284	296	294	2	281	3	267	214
100	102	43.015	272	296	293	2	273	3	259	214
100	75	41.608	286	296	291	2	286	3	270	214
100	77	41.758	273	296	273	2	274	3	240	213
100	24	40.780	282	296	273	2	282	3	249	213
100	48	43.590	273	296	289	2	273	3	255	213
100	61	42.966	263	296	295	13	273	9	261	211
100	129	46.875	256	296	289	21	273	17	256	210
100	34	42.647	272	296	288	2	273	3	255	209
100	85	41.455	275	296	274	2	276	3	241	208
100	109	40.714	280	296	273	2	280	3	246	205
100	82	40.234	256	296	274	21	276	17	242	203
100	114	39.116	294	296	272	2	294	3	258	202
100	126	41.155	277	296	283	1	274	6	260	201
100	122	43.478	253	296	290	21	273	17	256	201
100	103	40.074	272	296	283	2	273	3	259	201
100	120	42.857	280	296	285	2	277	7	265	200
100	43	39.852	271	296	273	21	286	18	258	199
100	99	39.636	275	296	275	2	276	3	242	199
100	78	38.828	273	296	274	2	274	3	238	198
100	89	36.842	285	296	272	2	285	3	251	198
100	104	40.580	276	296	283	1	274	5	259	198
100	98	39.493	276	296	272	2	277	3	242	198
100	87	40.234	256	296	313	35	277	35	285	199
100	88	40.727	275	296	272	2	276	3	241	196
100	27	37.809	283	296	271	2	283	3	249	196
100	51	41.569	255	296	275	21	273	18	240	196
100	30	41.825	263	296	274	21	282	17	248	194
100	94	43.902	246	296	271	35	273	35	271	193
100	4	42.745	255	296	309	35	281	35	280	193
100	35	40.000	275	296	282	1	273	6	258	192
100	42	42.449	245	296	294	30	274	38	269	192
100	69	39.711	277	296	283	4	276	5	262	191
100	20	41.343	283	296	295	1	274	3	272	192
100	124	37.895	285	296	272	2	285	3	251	191
100	73	40.511	274	296	275	4	276	2	254	191
100	60	41.016	256	296	274	21	276	18	243	190
100	97	39.706	272	296	288	3	274	4	263	190
100	115	39.286	280	296	296	2	274	4	271	189
100	40	39.273	275	296	288	2	274	4	263	188
100	105	38.406	276	296	283	2	277	5	261	187
100	49	38.202	267	296	278	21	284	19	255	187
100	45	40.000	275	296	283	1	274	6	259	186
100	127	37.801	291	296	283	2	292	4	272	186
100	63	38.182	275	296	283	3	273	4	259	185
100	67	36.700	297	296	295	2	295	12	294	185
100	118	38.267	277	296	284	7	279	3	264	185
100	11	37.458	299	296	298	2	292	4	289	184
100	116	38.435	294	296	296	2	291	8	288	183
100	38	38.828	273	296	276	2	274	9	242	182
100	83	40.816	245	296	296	34	277	42	274	182
100	52	36.900	271	296	284	4	274	4	259	181
100	13	36.594	276	296	305	2	277	12	275	178
100	110	37.193	285	296	295	4	277	2	273	178
100	14	37.184	277	296	291	2	274	4	267	176
100	1	37.184	277	296	305	2	274	4	267	175
100	119	38.290	269	296	274	8	276	5	253	174
100	74	39.676	247	296	274	30	276	25	253	173
100	5	35.932	295	296	297	2	283	4	282	174
100	72	35.395	291	296	296	2	290	8	286	172
100	25	38.340	253	296	296	25	274	34	271	172
100	93	35.052	291	296	297	2	284	4	283	164
100	2	35.052	291	296	297	2	284	4	283	164
100	21	35.870	276	296	280	1	276	6	258	150
101	101	100.000	292	292	292	1	292	1	292	611
101	17	77.622	286	292	289	1	286	1	286	481
101	39	75.945	291	292	292	1	291	1	291	463
101	16	74.653	288	292	292	1	287	1	288	459
101	79	76.000	275	292	281	5	279	5	279	450
101	107	73.993	273	292	281	7	279	7	279	449
101	112	71.875	288	292	286	1	288	1	285	444
101	41	72.527	273	292	288	6	278	6	278	439
101	54	75.547	274	292	278	6	279	6	276	436
101	9	69.580	286	292	292	6	291	6	291	431
101	76	72.000	275	292	281	5	279	5	279	429
101	7	72.202	277	292	283	3	279	3	278	429
101	117	74.088	274	292	282	6	279	6	277	429
101	95	68.621	290	292	291	2	289	2	291	428
101	22	72.894	273	292	281	6	278	6	278	427
101	15	72.364	275	292	281	5	279	5	276	427
101	55	70.251	279	292	297	1	278	1	279	424
101	84	70.438	274	292	281	5	278	5	278	422
101	106	71.898	274	292	284	14	287	9	279	419
101	31	70.696	273	292	298	6	278	6	278	419
101	86	71.168	274	292	281	5	278	5	278	417
101	28	67.368	285	292	292	6	290	6	290	413
101	65	70.111	271	292	287	12	282	7	277	411
101	90	70.073	274	292	281	5	278	5	278	411
101	44	69.818	275	292	282	6	279	6	280	410
101	128	69.925	266	292	290	14	278	11	276	409
101	37	68.100	279	292	300	1	278	1	278	406
101	57	70.301	266	292	294	14	278	10	275	400
101	81	68.165	267	292	286	13	278	7	273	397
101	111	68.165	267	292	276	14	279	8	274	390
101	29	68.165	267	292	287	14	279	8	274	391
101	121	68.030	269	292	279	11	278	4	272	384
101	125	64.894	282	292	292	14	292	11	292	379
101	96	67.416	267	292	287	14	278	14	278	370
101	80	50.542	277	292	298	5	271	14	287	266
101	91	48.897	272	292	298	5	266	14	282	258
101	100	48.339	271	292	296	6	266	13	280	257
101	71	49.242	264	292	295	7	258	14	272	256
101	23	47.970	271	292	304	14	272	27	294	254
101	64	46.909	275	292	300	17	279	27	298	254
101	46	50.189	265	292	294	4	258	10	271	252
101	6	46.316	285	292	303	4	272	11	292	251
101	3	48.627	255	292	301	14	258	27	279	248
101	18	49.027	257	292	261	29	275	1	254	245
101	58	47.266	256	292	309	15	258	32	285	246
101	108	46.209	277	292	284	14	273	9	283	242
101	10	47.674	258	292	307	22	266	37	291	238
101	32	45.878	279	292	303	14	279	27	302	237
101	8	50.382	262	292	302	16	266	29	286	234
101	33	41.727	278	292	296	5	277	8	279	225
101	12	43.321	277	292	293	5	274	8	276	224
101	123	41.522	289	292	294	5	283	8	290	223
101	92	42.014	288	292	293	5	288	8	290	223
101	59	42.593	270	292	294	5	270	9	270	222
101	56	41.489	282	292	299	4	278	7	283	222
101	87	42.759	290	292	313	7	279	13	302	222
101	62	41.754	285	292	287	7	279	6	285	220
101	66	42.322	267	292	296	5	268	8	269	220
101	70	40.493	284	292	288	7	279	7	286	219
101	26	42.164	268	292	292	5	268	8	268	219
101	48	44.747	257	292	289	11	266	14	263	218
101	36	41.429	280	292	293	13	279	16	291	218
101	34	43.411	258	292	288	5	260	8	257	217
101	102	41.176	289	292	293	5	278	1	280	217
101	122	41.264	269	292	290	4	272	7	270	216
101	129	43.346	263	292	289	4	266	7	264	216
101	4	43.590	273	292	309	2	266	8	279	216
101	24	44.106	263	292	273	5	266	9	247	214
101	68	42.491	273	292	298	4	269	7	271	214
101	50	42.697	267	292	294	5	269	8	268	214
101	94	44.528	265	292	271	2	258	8	271	212
101	61	41.111	270	292	295	4	268	7	271	212
101	19	40.767	287	292	288	5	279	4	286	211
101	53	41.887	265	292	295	11	269	14	269	211
101	47	40.809	272	292	299	4	268	7	270	209
101	120	45.113	266	292	285	4	261	8	264	208
101	75	39.313	262	292	291	5	266	8	264	207
101	114	40.945	254	292	272	9	261	12	241	201
101	5	39.519	291	292	297	4	279	13	295	197
101	77	38.947	285	292	273	9	289	12	273	196
101	82	39.844	256	292	274	7	261	10	242	195
101	104	41.328	271	292	283	3	258	2	258	195
101	60	38.971	272	292	274	5	274	9	256	194
101	78	37.634	279	292	274	4	282	8	261	193
101	85	39.370	254	292	274	9	261	12	241	192
101	40	44.578	249	292	288	27	268	35	272	192
101	27	39.147	258	292	271	5	261	8	241	190
101	105	40.000	245	292	283	27	268	33	267	188
101	118	38.869	283	292	284	4	279	11	282	187
101	14	40.067	297	292	291	1	280	1	288	187
101	69	39.493	276	292	283	3	267	3	268	186
101	1	40.067	297	292	305	1	280	1	288	186
101	49	39.615	260	292	278	9	266	14	249	186
101	98	36.842	266	292	272	9	272	12	253	185
101	25	39.576	283	292	296	4	266	5	278	185
101	115	41.502	253	292	296	27	274	43	286	185
101	45	41.065	263	292	283	6	258	6	258	184
101	51	37.698	252	292	275	11	260	15	242	184
101	30	37.795	254	292	274	9	261	12	241	183
101	99	38.189	254	292	275	9	261	12	242	183
101	38	40.079	252	292	276	11	260	16	243	183
101	89	37.402	254	292	272	9	261	12	241	182
101	88	36.782	261	292	272	7	266	11	246	182
101	43	37.786	262	292	273	7	266	12	248	181
101	109	38.519	270	292	273	9	275	12	257	181
101	72	41.833	251	292	296	27	271	42	282	181
101	103	41.699	259	292	283	29	284	37	279	181
101	83	40.664	241	292	296	27	261	42	273	181
101	93	39.464	261	292	297	24	274	40	292	178
101	2	39.464	261	292	297	24	274	40	292	178
101	35	39.689	257	292	282	29	282	36	276	178
101	127	37.918	269	292	283	1	266	10	268	177
101	116	41.667	240	292	296	27	261	42	273	177
101	74	39.773	264	292	274	2	261	2	253	176
101	119	40.076	262	292	274	24	283	26	269	174
101	110	37.549	253	292	295	27	274	42	285	174
101	124	36.680	259	292	272	9	266	12	246	173
101	11	39.544	263	292	298	27	283	43	296	174
101	20	41.313	259	292	295	27	279	44	293	174
101	52	37.201	293	292	284	3	274	2	284	173
101	42	39.850	266	292	294	15	274	29	284	173
101	63	39.608	255	292	283	29	279	37	281	172
101	73	40.000	240	292	275	24	261	26	254	169
101	97	40.769	260	292	288	29	279	37	286	170
101	67	39.453	256	292	295	27	274	42	285	170
101	21	35.495	293	292	280	1	284	1	276	167
101	126	36.059	269	292	283	7	260	3	261	167
101	13	38.554	249	292	305	17	261	34	274	159
102	102	100.000	293	293	293	1	293	1	293	611
102	92	78.840	293	293	293	1	293	1	293	506
102	47	76.000	300	293	299	1	293	1	299	469
102	68	74.916	299	293	298	1	293	1	298	462
102	61	72.203	295	293	295	1	293	1	295	452
102	12	71.331	293	293	293	1	293	1	293	444
102	56	70.903	299	293	299	1	292	1	299	437
102	33	69.595	296	293	296	1	293	1	296	436
102	66	70.270	296	293	296	1	293	1	296	435
102	53	69.257	296	293	295	1	293	1	295	431
102	75	70.068	294	293	291	1	293	1	291	424
102	122	68.942	293	293	290	1	293	1	290	423
102	50	68.581	296	293	294	1	293	1	294	420
102	26	68.601	293	293	292	1	293	1	292	414
102	48	65.188	293	293	289	1	293	1	289	404
102	59	64.407	295	293	294	1	293	1	294	403
102	129	65.529	293	293	289	1	293	1	289	402
102	34	65.424	295	293	288	1	293	1	288	401
102	123	64.846	293	293	294	1	291	1	293	400
102	27	46.831	284	293	271	1	282	1	258	244
102	70	45.956	272	293	288	22	286	22	287	244
102	78	46.067	267	293	274	1	267	1	245	242
102	114	47.761	268	293	272	1	267	1	246	240
102	82	45.896	268	293	274	1	267	1	247	240
102	109	46.642	268	293	273	1	267	1	246	237
102	88	45.896	268	293	272	1	267	1	246	236
102	98	45.263	285	293	272	1	284	1	263	235
102	38	45.620	274	293	276	1	272	3	254	234
102	43	46.097	269	293	273	1	267	2	248	234
102	106	45.387	271	293	284	12	277	4	267	234
102	111	42.238	277	293	276	12	283	3	276	233
102	124	45.522	268	293	272	1	267	1	246	233
102	85	46.182	275	293	274	1	272	1	251	233
102	51	46.691	272	293	275	1	267	2	248	233
102	29	42.238	277	293	287	12	283	3	276	233
102	30	42.517	294	293	274	1	287	1	272	232
102	7	42.907	289	293	283	3	286	7	283	230
102	19	45.185	270	293	288	23	286	23	287	230
102	24	43.537	294	293	273	1	287	1	273	229
102	99	46.324	272	293	275	1	269	1	249	229
102	36	44.326	282	293	293	8	272	3	281	229
102	89	43.206	287	293	272	1	286	1	265	228
102	60	44.170	283	293	274	1	279	2	260	226
102	62	45.038	262	293	287	23	274	23	279	227
102	121	41.577	279	293	279	12	285	2	277	225
102	4	45.455	253	293	309	32	275	36	287	225
102	49	45.070	284	293	278	1	278	3	262	224
102	87	44.161	274	293	313	32	292	36	308	225
102	76	42.705	281	293	281	8	283	5	281	223
102	95	45.556	270	293	291	27	291	24	286	222
102	77	42.164	268	293	273	1	267	1	247	221
102	54	43.902	287	293	278	2	283	2	278	221
102	6	42.049	283	293	303	3	260	2	280	222
102	125	42.969	256	293	292	17	267	11	264	221
102	18	47.500	240	293	261	32	261	1	240	220
102	91	42.336	274	293	298	3	261	4	277	220
102	58	45.382	249	293	309	23	259	37	285	221
102	3	42.182	275	293	301	3	259	6	279	220
102	117	41.034	290	293	282	1	286	1	282	219
102	10	44.048	252	293	307	21	259	33	284	218
102	31	41.463	287	293	298	7	287	3	284	218
102	44	40.550	291	293	282	1	286	1	281	218
102	46	43.333	270	293	294	3	259	2	271	218
102	16	41.825	263	293	292	32	289	29	288	217
102	112	43.952	248	293	286	27	269	24	265	217
102	28	41.281	281	293	292	12	287	9	281	217
102	17	41.053	285	293	289	1	280	1	278	217
102	101	41.176	289	293	292	1	280	5	278	217
102	96	45.059	253	293	287	12	260	9	259	217
102	37	41.818	275	293	300	22	287	19	281	217
102	32	43.307	254	293	303	17	259	27	280	217
102	65	42.647	272	293	287	15	281	7	274	216
102	84	42.349	281	293	281	8	283	5	281	216
102	57	42.264	265	293	294	17	271	10	267	216
102	80	43.015	272	293	298	3	259	4	275	216
102	90	41.489	282	293	281	8	283	5	281	216
102	86	43.600	250	293	281	23	267	20	266	215
102	94	45.188	239	293	271	32	259	36	271	215
102	39	42.029	276	293	292	10	280	7	278	215
102	100	43.015	272	293	296	3	259	2	273	214
102	128	39.700	267	293	290	8	267	2	264	214
102	64	42.960	277	293	300	3	260	4	277	214
102	9	40.278	288	293	292	7	289	4	287	214
102	108	42.353	255	293	284	17	259	9	262	213
102	79	40.702	285	293	281	1	277	5	275	213
102	15	40.206	291	293	281	2	287	2	278	213
102	55	41.667	276	293	297	1	271	1	271	213
102	71	42.697	267	293	295	3	259	6	272	211
102	107	40.559	286	293	281	3	283	7	281	209
102	81	39.785	279	293	286	17	287	8	276	209
102	23	39.146	281	293	304	2	260	2	282	209
102	41	40.068	292	293	288	7	289	3	283	208
102	22	42.336	274	293	281	2	267	2	266	207
102	35	39.310	290	293	282	2	283	2	282	206
102	126	41.216	296	293	283	2	283	2	283	201
102	8	41.818	275	293	302	3	259	6	279	199
102	104	39.249	293	293	283	3	286	6	282	198
102	45	39.510	286	293	283	3	283	7	282	197
102	103	41.404	285	293	283	7	286	11	282	196
102	127	38.811	286	293	283	3	280	8	281	196
102	120	36.913	298	293	285	1	287	1	285	193
102	20	41.634	257	293	295	32	283	46	295	194
102	118	42.164	268	293	284	27	286	31	283	193
102	42	42.739	241	293	294	32	267	44	276	193
102	63	39.175	291	293	283	3	286	7	282	192
102	69	40.070	287	293	283	1	275	5	276	192
102	116	41.473	258	293	296	19	270	30	281	191
102	73	41.797	256	293	275	27	277	26	269	190
102	115	43.568	241	293	296	32	267	45	278	190
102	74	41.379	261	293	274	27	283	26	274	189
102	72	42.324	241	293	296	32	267	44	277	190
102	83	40.613	261	293	296	32	287	44	296	190
102	5	40.071	282	293	297	3	268	12	280	189
102	13	37.847	288	293	305	3	283	16	296	189
102	105	39.286	280	293	283	3	275	5	275	189
102	52	41.887	265	293	284	21	275	25	276	188
102	40	41.494	241	293	288	32	267	37	270	187
102	67	39.313	262	293	295	19	274	30	284	187
102	11	40.574	244	293	298	32	270	45	281	186
102	25	41.909	241	293	296	32	267	45	278	185
102	119	39.245	265	293	274	20	280	19	271	180
102	97	39.259	270	293	288	3	266	7	269	180
102	93	40.637	251	293	297	32	274	45	286	177
102	2	40.637	251	293	297	32	274	45	286	177
102	110	37.143	280	293	295	3	270	8	280	176
102	21	36.806	288	293	280	3	286	7	279	172
102	14	36.678	289	293	291	3	286	12	290	172
102	1	36.678	289	293	305	3	286	12	290	172
103	103	100.000	283	283	283	1	283	1	283	585
103	63	76.678	283	283	283	1	283	1	283	454
103	69	69.611	283	283	283	1	283	1	283	424
103	127	72.242	281	283	283	2	282	3	283	421
103	126	68.198	283	283	283	1	283	1	283	409
103	105	66.547	278	283	283	7	283	5	282	387
103	45	66.197	284	283	283	1	283	1	283	384
103	35	63.604	283	283	282	1	283	1	282	374
103	104	64.769	281	283	283	4	283	3	283	372
103	118	63.082	279	283	284	7	283	6	284	363
103	52	63.082	279	283	284	7	283	6	284	362
103	119	51.439	278	283	274	7	282	7	273	271
103	74	51.698	265	283	274	20	283	14	274	268
103	73	49.638	276	283	275	11	282	3	274	266
103	97	51.301	269	283	288	4	264	4	267	258
103	21	48.375	277	283	280	7	282	7	279	247
103	42	44.932	296	283	294	2	283	3	294	246
103	25	44.816	299	283	296	2	283	3	296	245
103	115	45.520	279	283	296	2	267	3	278	243
103	40	47.426	272	283	288	2	267	3	270	242
103	14	45.486	288	283	291	3	283	8	291	241
103	72	46.909	275	283	296	3	267	8	277	241
103	1	45.486	288	283	305	3	283	8	291	241
103	11	44.558	294	283	298	2	280	3	293	239
103	67	44.086	279	283	295	2	267	3	277	232
103	120	44.674	291	283	285	1	282	1	284	231
103	20	41.924	291	283	295	3	283	8	295	230
103	13	41.667	288	283	305	3	283	12	296	229
103	5	42.909	275	283	297	2	262	3	274	227
103	116	43.051	295	283	296	3	282	4	295	225
103	93	43.333	270	283	297	3	262	8	274	217
103	2	43.333	270	283	297	3	262	8	274	217
103	110	39.310	290	283	295	3	282	8	294	214
103	6	41.993	281	283	303	7	260	2	280	212
103	32	44.643	280	283	303	7	259	2	280	212
103	83	39.863	291	283	296	3	282	8	295	210
103	91	41.971	274	283	298	7	260	4	276	208
103	18	46.444	239	283	261	37	260	1	239	206
103	58	43.243	259	283	309	20	259	30	285	207
103	23	41.135	282	283	304	7	260	3	282	204
103	80	40.441	272	283	298	7	259	4	275	203
103	64	41.667	276	283	300	3	260	4	277	202
103	100	40.074	272	283	296	3	259	2	273	201
103	71	40.221	271	283	295	3	259	2	272	200
103	88	42.066	271	283	272	2	272	2	251	199
103	34	39.446	289	283	288	2	282	2	281	199
103	29	41.429	280	283	287	20	283	7	276	199
103	92	41.667	264	283	293	7	261	3	261	199
103	111	41.429	280	283	276	20	283	7	276	198
103	50	41.606	274	283	294	2	267	2	265	198
103	46	42.379	269	283	294	11	259	5	271	197
103	53	44.444	270	283	295	11	267	3	266	197
103	87	42.125	273	283	313	4	259	6	273	197
103	12	40.278	288	283	293	11	281	3	286	197
103	102	41.404	285	283	293	11	282	7	286	196
103	48	40.511	274	283	289	11	274	3	270	196
103	10	41.343	283	283	307	7	259	2	284	196
103	43	41.197	284	283	273	2	282	3	266	194
103	55	43.033	244	283	297	37	269	29	269	193
103	95	40.141	284	283	291	10	282	6	281	193
103	123	41.481	270	283	294	11	268	3	268	192
103	33	37.818	275	283	296	2	267	2	267	192
103	61	40.559	286	283	295	12	282	8	288	192
103	3	40.767	287	283	301	3	263	2	288	192
103	96	42.692	260	283	287	20	269	13	268	191
103	30	41.473	258	283	274	11	268	7	247	191
103	47	40.449	267	283	299	7	261	3	262	191
103	26	40.809	272	283	292	11	271	3	270	190
103	108	40.625	256	283	284	23	259	7	262	189
103	57	42.231	251	283	294	20	259	9	255	189
103	81	41.634	257	283	286	37	282	23	275	189
103	121	42.149	242	283	279	37	267	22	260	188
103	78	39.841	251	283	274	11	261	7	239	187
103	128	38.148	270	283	290	20	278	10	275	188
103	106	41.445	263	283	284	20	272	8	266	187
103	125	40.684	263	283	292	18	269	8	266	187
103	4	41.199	267	283	309	11	259	13	271	187
103	68	40.152	264	283	298	30	276	19	277	185
103	94	40.824	267	283	271	11	259	13	271	184
103	54	40.364	275	283	278	1	268	1	264	184
103	7	41.538	260	283	283	10	260	6	258	184
103	124	40.476	252	283	272	11	262	7	241	183
103	8	41.096	292	283	302	3	265	6	290	184
103	17	40.672	268	283	289	11	267	3	266	184
103	117	41.155	277	283	282	1	269	1	266	183
103	37	38.095	273	283	300	5	267	1	266	183
103	60	39.560	273	283	274	8	276	1	257	182
103	66	39.700	267	283	296	2	259	2	259	182
103	56	39.630	270	283	299	12	267	8	270	182
103	19	40.977	266	283	288	33	282	28	287	181
103	101	41.699	259	283	292	37	279	29	284	181
103	82	41.897	253	283	274	12	262	8	242	180
103	114	40.613	261	283	272	2	262	2	241	179
103	24	38.007	271	283	273	11	281	7	259	179
103	59	38.951	267	283	294	11	267	7	266	180
103	89	39.179	268	283	272	11	276	7	252	179
103	122	39.847	261	283	290	7	261	3	258	179
103	39	40.000	255	283	292	31	272	23	274	179
103	109	40.873	252	283	273	11	259	3	238	178
103	49	41.473	258	283	278	11	267	9	249	178
103	76	37.809	283	283	281	11	283	3	281	178
103	129	39.098	266	283	289	2	261	2	258	178
103	77	38.462	260	283	273	2	261	2	241	177
103	41	41.154	260	283	288	11	259	3	258	178
103	38	40.467	257	283	276	8	261	2	243	177
103	65	40.873	252	283	287	19	260	7	254	177
103	28	41.313	259	283	292	12	259	4	258	177
103	44	39.527	296	283	282	1	283	1	282	177
103	62	38.225	293	283	287	11	282	6	286	177
103	75	37.868	272	283	291	11	276	7	273	176
103	16	38.225	293	283	292	4	279	4	285	176
103	31	37.024	289	283	298	7	282	3	283	176
103	86	38.996	259	283	281	11	259	3	258	175
103	90	39.914	233	283	281	37	259	29	258	174
103	27	38.462	260	283	271	7	262	3	241	173
103	112	38.889	252	283	286	37	281	29	276	172
103	22	38.132	257	283	281	37	283	29	281	172
103	51	38.824	255	283	275	7	261	4	242	171
103	15	39.700	267	283	281	1	260	1	256	171
103	9	39.146	281	283	292	11	281	4	279	171
103	98	36.940	268	283	272	2	269	2	248	170
103	85	39.080	261	283	274	2	262	2	241	170
103	107	37.269	271	283	281	7	267	3	266	170
103	79	36.131	274	283	281	7	270	3	269	168
103	70	39.113	248	283	288	33	267	28	271	168
103	36	37.956	274	283	293	33	282	28	292	167
103	84	36.680	259	283	281	11	259	3	258	166
103	99	34.733	262	283	275	2	262	2	242	162
104	104	100.000	283	283	283	1	283	1	283	579
104	105	77.739	283	283	283	1	283	1	282	464
104	52	76.678	283	283	284	1	283	1	283	454
104	118	74.205	283	283	284	1	283	1	283	444
104	45	72.242	281	283	283	3	283	4	282	419
104	126	70.819	281	283	283	3	283	4	283	410
104	35	69.039	281	283	282	3	283	4	282	403
104	63	64.460	287	283	283	2	283	3	283	376
104	69	62.057	282	283	283	2	283	3	283	372
104	103	64.769	281	283	283	3	283	4	283	372
104	127	62.857	280	283	283	3	282	5	283	358
104	119	54.182	275	283	274	12	282	5	273	279
104	73	52.128	282	283	275	3	282	4	274	277
104	74	52.128	282	283	274	5	283	6	274	275
104	21	50.965	259	283	280	2	260	3	257	256
104	97	50.000	264	283	288	2	259	3	263	252
104	120	47.751	289	283	285	3	282	4	284	247
104	25	45.918	294	283	296	4	283	6	296	244
104	67	47.099	293	283	295	3	282	5	294	242
104	72	45.392	293	283	296	4	281	6	293	240
104	42	45.918	294	283	294	3	283	5	294	239
104	11	46.233	292	283	298	3	280	5	293	238
104	20	46.780	295	283	295	3	283	5	295	238
104	40	46.154	286	283	288	3	282	5	286	238
104	115	46.570	277	283	296	3	266	5	278	238
104	5	44.840	281	283	297	4	266	2	279	236
104	14	45.329	289	283	291	4	283	6	291	236
104	1	45.329	289	283	305	4	283	6	291	236
104	93	43.243	296	283	297	3	282	9	296	232
104	2	43.243	296	283	297	3	282	9	296	232
104	116	43.793	290	283	296	3	282	9	295	229
104	13	42.857	294	283	305	4	283	6	296	225
104	83	43.643	291	283	296	3	282	9	295	224
104	110	44.000	275	283	295	4	266	6	277	223
104	87	44.295	298	283	313	7	282	7	303	224
104	111	43.651	252	283	276	19	259	7	254	211
104	29	43.651	252	283	287	19	259	7	254	211
104	95	43.657	268	283	291	2	258	3	259	209
104	55	42.248	258	283	297	12	258	5	259	206
104	57	43.137	255	283	294	19	260	9	257	205
104	117	47.186	231	283	282	36	258	29	256	204
104	81	44.400	250	283	286	20	258	8	253	204
104	28	43.657	268	283	292	3	260	4	260	204
104	6	40.502	279	283	303	5	258	1	279	204
104	128	39.855	276	283	290	19	283	10	272	203
104	96	42.353	255	283	287	19	263	13	263	203
104	32	40.357	280	283	303	5	258	1	280	203
104	84	41.096	292	283	281	3	283	4	281	202
104	31	41.045	268	283	298	3	260	4	260	202
104	4	41.667	264	283	309	19	266	19	279	202
104	106	43.200	250	283	284	17	259	10	251	201
104	90	42.857	266	283	281	6	259	3	259	201
104	16	42.066	271	283	292	2	259	3	260	201
104	54	41.980	293	283	278	3	283	4	278	201
104	86	41.667	264	283	281	6	259	3	259	200
104	94	42.578	256	283	271	19	258	19	271	199
104	79	43.019	265	283	281	6	260	3	260	199
104	80	39.568	278	283	298	5	259	3	276	199
104	58	42.412	257	283	309	19	258	30	285	199
104	23	38.571	280	283	304	6	258	3	281	199
104	123	41.111	270	283	294	6	266	3	267	198
104	100	40.580	276	283	296	5	259	1	274	198
104	64	40.364	275	283	300	5	258	3	276	198
104	102	39.249	293	283	293	6	282	3	286	198
104	91	38.989	277	283	298	5	258	3	275	197
104	46	41.636	269	283	294	8	258	3	271	196
104	10	37.419	310	283	307	5	281	1	306	197
104	9	39.716	282	283	292	10	281	3	279	196
104	65	42.238	277	283	287	18	276	7	272	196
104	48	40.076	262	283	289	6	260	3	257	195
104	41	41.026	273	283	288	3	260	4	260	195
104	101	41.328	271	283	292	2	258	3	258	195
104	26	40.230	261	283	292	6	258	3	258	194
104	44	44.492	236	283	282	36	260	29	261	194
104	125	40.551	254	283	292	17	259	8	257	194
104	12	39.100	289	283	293	6	282	3	286	193
104	66	40.370	270	283	296	6	266	3	267	193
104	53	40.741	270	283	295	6	266	3	266	193
104	17	42.697	267	283	289	6	258	3	258	192
104	112	40.755	265	283	286	2	258	3	255	192
104	121	40.239	251	283	279	19	258	6	252	192
104	92	39.100	289	283	293	6	282	3	286	192
104	76	40.780	282	283	281	13	283	7	281	192
104	19	41.328	271	283	288	32	282	28	287	192
104	7	39.661	295	283	283	2	282	3	279	191
104	88	40.613	261	283	272	6	266	3	246	191
104	34	38.577	267	283	288	6	267	3	264	191
104	33	39.313	262	283	296	6	258	3	259	191
104	71	39.259	270	283	295	3	258	3	272	191
104	107	39.649	285	283	281	10	283	3	281	190
104	39	41.065	263	283	292	11	259	5	259	191
104	18	43.277	238	283	261	36	258	1	238	189
104	61	38.732	284	283	295	13	282	10	288	190
104	15	38.621	290	283	281	6	283	3	281	188
104	50	38.489	278	283	294	6	275	3	274	189
104	22	42.259	239	283	281	32	260	25	260	188
104	3	39.493	276	283	301	4	258	4	279	189
104	37	38.314	261	283	300	8	258	1	258	188
104	78	38.710	279	283	274	3	281	4	260	187
104	68	40.377	265	283	298	13	266	10	268	187
104	59	37.729	273	283	294	6	269	3	270	187
104	108	39.918	243	283	284	32	258	20	262	186
104	75	37.979	287	283	291	6	282	3	284	184
104	70	36.860	293	283	288	3	282	3	287	184
104	122	39.405	269	283	290	6	266	3	264	184
104	30	39.098	266	283	274	6	271	3	251	183
104	82	40.580	276	283	274	6	277	3	260	182
104	36	38.333	300	283	293	3	282	3	292	183
104	47	38.078	281	283	299	13	282	10	277	183
104	43	38.790	281	283	273	4	282	2	266	182
104	24	39.526	253	283	273	6	258	3	239	180
104	62	39.781	274	283	287	26	282	22	286	181
104	89	39.464	261	283	272	6	266	3	246	180
104	38	38.783	263	283	276	4	266	3	249	180
104	8	39.781	274	283	302	3	258	7	279	179
104	49	39.615	260	283	278	3	258	2	241	177
104	109	38.976	254	283	273	6	259	3	239	177
104	114	39.080	261	283	272	6	266	3	246	176
104	56	39.535	258	283	299	13	258	10	262	176
104	124	38.340	253	283	272	6	258	3	238	174
104	85	37.548	261	283	274	6	266	3	246	174
104	129	38.462	260	283	289	13	266	10	264	172
104	60	37.879	264	283	274	4	266	2	248	171
104	77	36.759	253	283	273	6	258	3	239	169
104	51	38.722	266	283	275	4	266	2	248	169
104	27	36.330	267	283	271	6	272	3	252	168
104	98	36.059	269	283	272	6	272	3	254	167
104	99	36.122	263	283	275	6	266	3	247	164
105	105	100.000	283	283	283	1	283	1	283	589
105	52	81.690	284	283	284	1	283	1	284	487
105	118	80.986	284	283	284	1	283	1	284	487
105	104	77.739	283	283	283	1	282	1	283	464
105	126	71.223	278	283	283	5	282	7	283	425
105	45	72.401	279	283	283	5	283	7	283	422
105	103	66.547	278	283	283	5	282	7	283	387
105	35	66.192	281	283	282	5	282	3	282	379
105	69	61.702	282	283	283	2	282	3	283	377
105	63	64.815	270	283	283	13	282	15	283	368
105	127	61.091	275	283	283	5	279	8	281	355
105	119	51.625	277	283	274	7	279	1	271	278
105	74	50.187	267	283	274	18	282	14	274	271
105	73	49.811	265	283	275	3	265	1	259	264
105	21	48.746	279	283	280	2	279	3	277	248
105	25	47.080	274	283	296	5	265	8	278	247
105	97	49.815	271	283	288	3	263	1	268	244
105	72	47.451	255	283	296	18	265	27	277	242
105	14	44.948	287	283	291	5	282	8	291	239
105	40	45.455	286	283	288	4	283	6	288	239
105	1	44.948	287	283	305	5	282	8	291	239
105	42	47.638	254	283	294	18	265	27	276	234
105	11	45.055	273	283	298	14	279	24	293	228
105	120	44.599	287	283	285	3	279	1	282	227
105	67	47.843	255	283	295	18	265	27	277	227
105	93	43.116	276	283	297	5	266	8	280	226
105	2	43.116	276	283	297	5	266	8	280	226
105	5	45.098	255	283	297	18	265	28	279	225
105	115	43.796	274	283	296	5	265	8	278	225
105	110	43.590	273	283	295	5	265	8	277	221
105	20	43.071	267	283	295	5	265	16	279	220
105	116	43.529	255	283	296	18	265	27	278	217
105	83	41.489	282	283	296	8	282	18	295	216
105	13	40.283	283	283	305	5	279	16	293	212
105	96	43.922	255	283	287	18	262	13	263	209
105	4	42.606	284	283	309	18	279	19	299	209
105	32	40.893	291	283	303	5	268	2	284	206
105	94	42.578	256	283	271	18	257	19	271	203
105	128	40.161	249	283	290	30	267	21	266	203
105	23	40.071	282	283	304	3	257	1	281	204
105	81	43.154	241	283	286	33	262	21	258	203
105	111	41.923	260	283	276	18	266	7	262	202
105	87	42.164	268	283	313	6	257	7	273	204
105	29	42.353	255	283	287	18	261	7	257	202
105	55	41.975	243	283	297	30	261	24	263	201
105	54	39.179	268	283	278	7	267	1	265	201
105	31	40.794	277	283	298	3	267	1	268	199
105	65	42.529	261	283	287	17	267	7	263	198
105	10	39.456	294	283	307	5	268	2	288	199
105	58	43.580	257	283	309	18	257	30	285	199
105	64	40.659	273	283	300	5	257	4	276	198
105	84	38.909	275	283	281	3	267	1	268	197
105	15	40.441	272	283	281	3	267	1	265	197
105	88	40.996	261	283	272	5	265	3	246	196
105	121	40.945	254	283	279	18	260	6	255	196
105	41	40.364	275	283	288	3	267	1	268	196
105	123	39.630	270	283	294	5	265	3	267	196
105	117	42.146	261	283	282	5	257	3	256	194
105	6	38.849	278	283	303	5	257	2	279	194
105	57	41.107	253	283	294	18	259	9	257	194
105	90	37.113	291	283	281	3	283	1	281	193
105	86	38.567	293	283	281	3	283	1	281	193
105	107	37.979	287	283	281	7	283	1	281	192
105	106	40.239	251	283	284	18	261	8	254	192
105	95	41.975	243	283	291	30	261	24	263	192
105	30	40.840	262	283	274	5	265	3	246	192
105	12	38.603	272	283	293	5	267	3	269	192
105	124	40.613	261	283	272	5	265	3	246	191
105	125	38.672	256	283	292	16	260	8	259	192
105	37	39.925	268	283	300	5	261	7	262	192
105	28	39.273	275	283	292	3	267	1	268	191
105	9	38.028	284	283	292	7	279	1	278	191
105	79	41.573	267	283	281	3	259	1	260	190
105	7	39.919	248	283	283	29	267	23	267	189
105	50	38.489	278	283	294	5	274	3	274	189
105	22	42.083	240	283	281	30	259	24	260	189
105	76	39.259	270	283	281	3	262	1	263	189
105	102	39.286	280	283	293	5	275	3	275	189
105	46	41.573	267	283	294	9	257	5	271	189
105	109	38.697	261	283	273	5	265	3	246	188
105	39	39.759	249	283	292	29	267	23	268	188
105	18	44.583	240	283	261	35	257	1	238	187
105	33	36.397	272	283	296	5	267	3	269	188
105	16	41.079	241	283	292	29	258	23	260	188
105	26	39.483	271	283	292	5	267	3	268	188
105	101	40.000	245	283	292	33	267	27	268	188
105	71	38.806	268	283	295	5	257	6	272	188
105	53	39.236	288	283	295	5	279	3	283	187
105	92	39.259	270	283	293	5	265	3	267	187
105	44	41.525	236	283	282	35	259	29	261	187
105	100	38.406	276	283	296	5	261	2	277	187
105	47	39.216	255	283	299	28	267	21	270	186
105	17	38.628	277	283	289	3	267	1	268	186
105	43	38.745	271	283	273	13	283	12	266	185
105	80	36.996	273	283	298	5	258	4	276	186
105	89	39.927	273	283	272	5	275	3	252	184
105	112	39.695	262	283	286	11	261	5	259	185
105	3	38.889	288	283	301	3	268	3	283	185
105	61	37.591	274	283	295	5	267	3	271	184
105	48	38.931	262	283	289	5	259	3	257	184
105	66	38.235	272	283	296	5	267	3	269	184
105	34	39.147	258	283	288	5	257	3	255	183
105	24	38.768	276	283	273	5	280	3	258	182
105	59	38.007	271	283	294	5	267	3	268	182
105	114	39.847	261	283	272	5	265	3	246	181
105	108	39.370	254	283	284	31	268	20	266	181
105	91	36.264	273	283	298	5	257	4	275	181
105	122	37.687	268	283	290	5	266	3	265	180
105	68	37.589	282	283	298	5	275	3	277	179
105	49	38.909	275	283	278	5	275	5	259	176
105	19	39.493	276	283	288	22	279	14	285	176
105	82	39.163	263	283	274	5	265	3	247	175
105	77	37.132	272	283	273	5	273	3	251	175
105	56	36.364	275	283	299	5	267	3	272	176
105	8	41.569	255	283	302	31	268	38	283	176
105	78	37.037	270	283	274	5	271	3	247	174
105	60	40.678	236	283	274	31	265	29	248	174
105	38	38.314	261	283	276	5	265	5	249	173
105	27	37.736	265	283	271	5	265	3	246	172
105	75	37.079	267	283	291	5	265	3	264	173
105	70	36.260	262	283	288	31	279	28	285	172
105	36	37.722	281	283	293	17	279	17	290	172
105	129	36.940	268	283	289	5	266	3	265	172
105	85	37.786	262	283	274	5	265	3	246	169
105	51	37.931	261	283	275	5	265	4	248	168
105	98	36.398	261	283	272	5	265	3	246	167
105	62	36.861	274	283	287	19	279	19	284	166
105	99	37.712	236	283	275	31	265	28	247	160
106	106	100.000	284	284	284	1	284	1	284	600
106	112	71.956	271	284	286	9	279	14	284	426
106	101	71.898	274	284	292	9	279	14	287	419
106	17	70.330	273	284	289	9	278	14	286	405
106	39	70.504	278	284	292	7	281	12	289	404
106	16	67.742	279	284	292	9	283	14	292	402
106	95	68.000	275	284	291	9	278	14	288	397
106	84	69.697	264	284	281	9	269	14	277	393
106	76	68.702	262	284	281	9	267	14	275	392
106	111	68.657	268	284	276	4	267	3	270	391
106	79	69.466	262	284	281	9	267	14	275	391
106	107	68.321	262	284	281	9	267	14	275	391
106	29	68.657	268	284	287	4	267	3	270	391
106	7	69.962	263	284	283	9	269	14	276	389
106	54	69.732	261	284	278	9	269	14	274	387
106	41	65.909	264	284	288	9	269	14	277	386
106	28	65.468	278	284	292	9	283	14	291	385
106	65	64.621	277	284	287	1	274	1	277	383
106	15	67.568	259	284	281	9	267	14	272	380
106	81	66.920	263	284	286	9	267	8	270	381
106	128	65.414	266	284	290	6	267	8	273	380
106	86	67.557	262	284	281	9	267	14	275	377
106	117	67.300	263	284	282	9	269	14	275	377
106	90	68.061	263	284	281	9	268	14	276	376
106	22	66.160	263	284	281	9	268	14	276	375
106	125	64.260	277	284	292	8	279	10	286	375
106	31	66.288	264	284	298	9	269	14	277	375
106	37	67.424	264	284	300	9	267	14	275	375
106	9	66.031	262	284	292	9	267	14	275	374
106	55	64.493	276	284	297	1	267	1	276	374
106	57	64.286	266	284	294	8	269	9	274	370
106	121	62.681	276	284	279	8	279	6	276	366
106	44	64.639	263	284	282	9	267	14	276	362
106	96	62.731	271	284	287	4	269	9	277	351
106	100	51.515	264	284	296	9	259	21	281	263
106	3	48.889	270	284	301	3	259	21	287	262
106	91	50.562	267	284	298	9	262	23	286	261
106	80	51.103	272	284	298	9	267	23	291	259
106	71	49.104	279	284	295	7	271	19	293	255
106	32	48.913	276	284	303	3	264	21	293	254
106	6	46.595	279	284	303	1	264	17	292	251
106	18	50.000	262	284	261	24	271	1	259	248
106	23	48.162	272	284	304	8	264	26	294	249
106	64	47.778	270	284	300	8	263	23	288	248
106	10	49.416	257	284	307	19	259	39	292	248
106	46	51.004	249	284	294	15	250	25	271	247
106	108	46.125	271	284	284	3	259	3	270	246
106	58	47.426	272	284	309	8	264	30	298	246
106	8	49.632	272	284	302	6	264	24	292	245
106	33	45.594	261	284	296	4	258	12	267	239
106	92	46.442	267	284	293	4	264	12	273	238
106	102	45.387	271	284	293	4	267	12	277	234
106	123	47.170	265	284	294	4	262	12	271	233
106	48	46.038	265	284	289	4	261	12	266	232
106	66	46.245	253	284	296	4	250	12	259	230
106	70	44.867	263	284	288	6	259	15	272	225
106	61	44.867	263	284	295	4	258	12	269	226
106	56	44.776	268	284	299	4	261	12	273	224
106	12	44.867	263	284	293	4	259	12	268	223
106	47	44.944	267	284	299	4	261	12	271	222
106	122	44.737	266	284	290	4	266	12	272	220
106	68	44.151	265	284	298	4	260	12	270	219
106	34	45.418	251	284	288	4	252	12	257	218
106	75	44.015	259	284	291	4	259	12	265	218
106	59	42.912	261	284	294	4	259	12	267	217
106	129	45.455	253	284	289	9	258	17	264	216
106	26	43.726	263	284	292	4	261	12	269	216
106	4	43.609	266	284	309	7	261	18	282	216
106	50	44.828	261	284	294	4	259	12	266	215
106	62	42.491	273	284	287	6	267	15	281	213
106	53	42.586	263	284	295	4	259	12	267	213
106	87	42.215	289	284	313	7	281	18	304	213
106	77	42.593	270	284	273	9	274	17	266	210
106	94	43.529	255	284	271	7	250	18	271	207
106	36	42.045	264	284	293	9	258	17	276	207
106	78	40.226	266	284	274	9	274	17	261	204
106	114	43.902	246	284	272	9	253	17	241	202
106	19	40.075	267	284	288	6	263	15	276	201
106	104	43.200	250	284	283	10	251	17	259	201
106	24	38.376	271	284	273	9	278	17	264	200
106	118	41.948	267	284	284	8	267	19	278	198
106	82	39.209	278	284	274	9	283	17	274	197
106	35	40.996	261	284	282	12	262	19	270	193
106	51	37.868	272	284	275	4	271	13	263	192
106	105	40.239	251	284	283	8	254	18	261	192
106	69	43.200	250	284	283	8	253	20	262	192
106	120	41.797	256	284	285	8	253	17	264	191
106	30	39.552	268	284	274	9	272	17	263	190
106	43	39.844	256	284	273	9	262	18	252	190
106	127	42.913	254	284	283	24	273	38	280	190
106	60	38.182	275	284	274	9	278	18	271	189
106	98	38.889	252	284	272	8	258	16	246	188
106	115	41.699	259	284	296	3	253	23	273	188
106	27	39.764	254	284	271	9	260	17	248	187
106	85	38.129	278	284	274	9	283	17	273	187
106	103	41.445	263	284	283	8	266	20	272	187
106	40	40.230	261	284	288	6	258	18	270	187
106	109	40.637	251	284	273	9	258	17	246	186
106	38	39.502	281	284	276	4	278	14	263	186
106	88	40.637	251	284	272	9	258	17	246	186
106	126	41.270	252	284	283	8	254	20	263	185
106	89	38.583	254	284	272	9	261	17	249	184
106	49	38.603	272	284	278	9	278	19	268	184
106	52	41.406	256	284	284	8	258	19	266	182
106	45	42.045	264	284	283	8	263	19	273	181
106	63	41.079	241	284	283	24	261	37	270	181
106	5	39.773	264	284	297	9	259	25	280	181
106	124	40.079	252	284	272	8	258	16	246	179
106	97	42.126	254	284	288	8	253	20	265	179
106	83	38.951	267	284	296	10	263	25	283	178
106	74	40.486	247	284	274	7	250	13	250	177
106	99	37.407	270	284	275	9	277	17	261	176
106	42	40.000	280	284	294	3	274	22	292	177
106	13	37.809	283	284	305	8	283	29	304	177
106	119	41.129	248	284	274	6	250	12	250	176
106	25	37.970	266	284	296	8	265	28	285	177
106	72	39.844	256	284	296	7	253	26	272	176
106	14	41.304	276	284	291	6	269	22	284	175
106	20	42.259	239	284	295	22	253	44	274	175
106	73	41.870	246	284	275	8	250	14	251	174
106	1	41.304	276	284	305	6	269	22	284	175
106	67	40.078	257	284	295	15	264	35	283	174
106	93	35.955	267	284	297	13	263	26	284	171
106	2	35.955	267	284	297	13	263	26	284	171
106	11	37.500	280	284	298	7	278	27	298	171
106	110	37.354	257	284	295	2	250	21	269	169
106	116	37.698	252	284	296	22	263	42	283	162
106	21	39.241	237	284	280	24	258	36	263	156
107	107	100.000	281	281	281	1	281	1	281	588
107	17	72.857	280	281	289	2	281	2	281	452
107	101	73.993	273	281	292	7	279	7	279	449
107	79	72.143	280	281	281	1	280	1	280	439
107	76	70.819	281	281	281	1	281	1	281	438
107	9	69.176	279	281	292	1	279	1	279	435
107	54	70.819	281	281	278	1	281	1	278	431
107	7	70.609	279	281	283	1	279	1	278	430
107	41	71.223	278	281	288	1	278	1	278	429
107	15	68.459	279	281	281	1	279	1	276	422
107	86	69.751	281	281	281	1	281	1	281	420
107	90	69.039	281	281	281	1	281	1	281	418
107	84	67.616	281	281	281	1	281	1	281	416
107	22	66.548	281	281	281	1	281	1	281	415
107	65	69.784	278	281	287	1	278	1	273	411
107	28	67.025	279	281	292	1	279	1	279	410
107	112	66.547	278	281	286	2	279	2	276	407
107	39	68.705	278	281	292	2	279	2	279	407
107	95	65.357	280	281	291	1	279	1	280	407
107	44	66.429	280	281	282	3	281	3	282	406
107	55	66.909	275	281	297	5	278	5	279	406
107	16	69.455	275	281	292	7	279	7	280	405
107	117	68.132	273	281	282	7	279	7	277	404
107	31	65.108	278	281	298	1	278	1	278	400
107	37	65.827	278	281	300	2	278	2	278	393
107	106	68.321	262	281	284	14	275	9	267	391
107	81	65.672	268	281	286	12	278	6	273	382
107	125	67.293	266	281	292	14	278	11	276	377
107	111	65.056	269	281	276	14	281	8	276	373
107	29	65.056	269	281	287	14	281	8	276	372
107	57	63.433	268	281	294	12	278	8	275	371
107	128	62.545	275	281	290	5	278	2	276	370
107	121	63.569	269	281	279	11	278	4	272	363
107	96	60.674	267	281	287	14	278	14	278	342
107	71	47.328	262	281	295	7	258	14	272	249
107	100	47.909	263	281	296	10	262	17	277	249
107	80	48.029	279	281	298	3	271	12	287	248
107	23	49.027	257	281	304	14	258	27	281	245
107	91	45.255	274	281	298	3	266	12	282	243
107	18	50.000	254	281	261	29	270	1	249	240
107	46	47.445	274	281	294	3	266	9	278	239
107	58	46.923	260	281	309	15	259	32	286	238
107	6	47.126	261	281	303	24	272	35	292	237
107	3	44.484	281	281	301	1	258	3	279	236
107	32	48.387	248	281	303	22	258	35	280	234
107	10	48.413	252	281	307	20	258	35	284	233
107	108	46.484	256	281	284	14	258	9	262	230
107	64	46.531	245	281	300	24	258	34	276	230
107	8	46.642	268	281	302	3	258	14	279	226
107	48	45.833	264	281	289	5	267	8	264	225
107	66	43.123	269	281	296	5	269	8	270	225
107	12	44.238	269	281	293	5	269	8	270	221
107	123	42.379	269	281	294	5	270	8	271	220
107	4	43.956	273	281	309	6	269	12	282	221
107	92	41.281	281	281	293	4	280	7	282	218
107	62	41.007	278	281	287	3	270	2	275	216
107	33	43.548	248	281	296	24	268	27	269	215
107	19	40.830	289	281	288	1	279	3	286	214
107	94	44.275	262	281	271	6	258	12	271	213
107	36	41.304	276	281	293	2	266	5	276	214
107	122	41.045	268	281	290	5	272	8	270	213
107	59	39.483	271	281	294	2	270	5	270	213
107	56	42.529	261	281	299	25	278	28	283	213
107	75	39.394	264	281	291	4	267	7	265	210
107	87	40.893	291	281	313	6	279	12	302	211
107	53	41.199	267	281	295	5	268	8	268	210
107	70	38.462	286	281	288	2	279	5	286	209
107	102	40.559	286	281	293	7	281	3	283	209
107	61	43.145	248	281	295	27	269	30	272	209
107	26	39.777	269	281	292	5	269	8	269	207
107	34	41.603	262	281	288	5	266	8	263	207
107	129	42.917	240	281	289	27	266	30	264	204
107	68	42.972	249	281	298	25	267	28	269	203
107	47	41.860	258	281	299	22	269	22	271	203
107	50	42.169	249	281	294	22	268	25	267	200
107	118	39.373	287	281	284	1	281	8	284	194
107	24	39.928	278	281	273	3	279	6	259	192
107	105	37.979	287	281	283	1	281	7	283	192
107	104	39.649	285	281	283	3	281	10	283	190
107	120	42.268	291	281	285	3	279	7	283	190
107	114	38.346	266	281	272	2	266	5	246	187
107	35	40.076	262	281	282	24	281	31	282	186
107	78	36.667	270	281	274	2	271	5	250	184
107	109	37.218	266	281	273	2	266	5	246	183
107	85	37.218	266	281	274	2	266	5	246	181
107	77	37.778	270	281	273	2	269	5	250	180
107	82	36.226	265	281	274	3	266	6	247	179
107	30	36.082	291	281	274	2	280	5	271	179
107	98	35.273	275	281	272	2	274	5	255	178
107	45	41.176	238	281	283	24	258	31	258	178
107	89	34.948	289	281	272	2	278	5	269	177
107	27	36.431	269	281	271	2	266	5	246	176
107	124	36.680	259	281	272	9	266	12	246	176
107	52	39.474	266	281	284	1	258	3	258	176
107	40	39.695	262	281	288	25	279	33	285	176
107	115	40.226	266	281	296	17	277	38	289	176
107	69	37.786	262	281	283	24	281	32	283	174
107	49	37.778	270	281	278	2	269	7	252	174
107	43	37.838	259	281	273	14	270	18	252	174
107	60	36.641	262	281	274	7	266	11	248	174
107	88	36.264	273	281	272	3	272	6	254	174
107	127	39.544	263	281	283	24	279	33	282	174
107	72	39.016	305	281	296	1	280	1	294	173
107	51	34.572	269	281	275	4	270	8	252	172
107	119	40.417	240	281	274	24	261	26	253	172
107	126	39.916	238	281	283	24	258	32	259	171
107	99	35.878	262	281	275	9	269	12	250	171
107	25	38.361	305	281	296	1	281	1	296	171
107	83	38.462	260	281	296	28	279	43	294	171
107	38	36.782	261	281	276	11	269	16	252	169
107	103	37.269	271	281	283	3	266	7	267	170
107	5	39.163	263	281	297	25	279	41	295	170
107	14	40.074	272	281	291	3	258	4	266	169
107	73	37.324	284	281	275	1	279	1	273	169
107	1	40.074	272	281	305	3	258	4	266	169
107	110	38.462	260	281	295	28	279	43	293	168
107	93	36.207	290	281	297	3	280	12	293	168
107	2	36.207	290	281	297	3	280	12	293	168
107	74	37.313	268	281	274	1	261	1	253	167
107	97	38.722	266	281	288	24	281	32	288	167
107	63	37.405	262	281	283	24	281	32	283	166
107	116	38.077	260	281	296	28	279	43	294	166
107	42	38.790	281	281	294	12	281	26	294	164
107	67	38.372	258	281	295	25	277	40	288	162
107	20	40.586	239	281	295	25	258	42	271	162
107	11	38.550	262	281	298	25	278	41	293	158
107	21	37.329	292	281	280	2	280	2	279	156
107	13	39.167	240	281	305	24	258	41	271	154
108	108	100.000	284	284	284	1	284	1	284	592
108	3	81.915	282	284	301	3	284	21	301	499
108	8	80.714	280	284	302	6	284	24	302	466
108	32	72.183	284	284	303	3	284	21	303	440
108	10	72.569	288	284	307	1	284	23	307	436
108	23	67.014	288	284	304	1	284	18	304	398
108	6	64.643	280	284	303	1	277	17	295	386
108	58	61.379	290	284	309	3	284	21	309	376
108	64	62.121	264	284	300	5	268	20	282	357
108	100	60.806	273	284	296	1	272	17	283	345
108	46	58.974	273	284	294	1	272	16	281	343
108	80	59.245	265	284	298	9	272	23	285	340
108	91	56.786	280	284	298	1	278	19	291	338
108	71	58.647	266	284	295	7	271	19	281	335
108	18	59.514	247	284	261	24	269	1	245	324
108	128	48.872	266	284	290	6	266	8	260	257
108	29	47.212	269	284	287	5	266	4	257	252
108	111	46.840	269	284	276	5	266	4	257	251
108	121	50.193	259	284	279	8	262	6	252	251
108	86	48.327	269	284	281	9	275	14	268	251
108	44	46.970	264	284	282	1	262	6	259	249
108	117	50.196	255	284	282	9	262	14	256	249
108	17	46.931	277	284	289	9	283	14	273	248
108	81	48.485	264	284	286	5	262	3	253	246
108	106	46.125	271	284	284	3	270	3	259	246
108	57	47.940	267	284	294	8	266	9	259	246
108	22	46.212	264	284	281	1	262	6	258	245
108	31	49.618	262	284	298	9	262	14	258	246
108	9	50.584	257	284	292	11	262	16	258	245
108	95	47.191	267	284	291	9	269	14	267	244
108	55	48.649	259	284	297	9	262	14	259	243
108	15	47.266	256	284	281	9	262	14	255	242
108	65	48.276	261	284	287	8	266	8	257	242
108	101	46.209	277	284	292	9	283	14	273	242
108	84	49.225	258	284	281	9	262	14	258	241
108	41	48.659	261	284	288	9	262	14	258	241
108	37	49.237	262	284	300	9	262	14	258	241
108	36	47.126	261	284	293	15	266	23	272	241
108	112	47.253	273	284	286	9	278	14	270	241
108	76	47.547	265	284	281	9	270	14	267	240
108	90	46.494	271	284	281	11	279	16	274	239
108	28	49.416	257	284	292	11	262	16	258	239
108	7	46.923	260	284	283	9	266	14	261	236
108	79	47.328	262	284	281	9	262	14	258	236
108	96	48.438	256	284	287	8	262	13	258	236
108	16	44.891	274	284	292	1	269	6	267	236
108	19	45.525	257	284	288	14	266	22	267	234
108	39	45.956	272	284	292	1	269	6	266	234
108	125	45.385	260	284	292	8	262	10	256	233
108	54	46.484	256	284	278	9	262	14	255	233
108	70	43.431	274	284	288	4	272	13	274	231
108	107	46.484	256	284	281	9	262	14	258	230
108	62	44.280	271	284	287	14	274	22	272	230
108	92	42.745	255	284	293	9	262	17	259	220
108	47	42.412	257	284	299	9	262	17	260	216
108	33	40.856	257	284	296	9	262	17	259	214
108	53	41.473	258	284	295	9	262	17	258	214
108	102	42.353	255	284	293	9	262	17	259	213
108	50	41.339	254	284	294	9	262	17	257	210
108	12	42.969	256	284	293	9	262	17	259	209
108	68	40.856	257	284	298	9	262	17	260	208
108	61	40.310	258	284	295	8	262	16	261	206
108	56	41.085	258	284	299	9	262	17	262	206
108	59	40.157	254	284	294	9	262	17	258	203
108	66	40.230	261	284	296	9	262	17	259	202
108	35	42.913	254	284	282	11	262	22	258	201
108	26	39.764	254	284	292	9	262	17	258	201
108	94	41.057	246	284	271	23	262	35	271	199
108	129	40.157	254	284	289	9	262	17	256	199
108	126	42.324	241	284	283	24	262	37	259	197
108	4	41.463	246	284	309	23	262	35	271	197
108	87	40.650	246	284	313	23	262	35	273	196
108	75	38.996	259	284	291	9	262	17	256	195
108	48	38.672	256	284	289	9	262	17	255	194
108	123	40.000	255	284	294	9	262	17	259	193
108	24	38.976	254	284	273	9	262	17	239	192
108	120	41.667	252	284	285	11	262	20	261	191
108	122	38.189	254	284	290	9	262	17	256	190
108	103	40.625	256	284	283	7	262	23	259	189
108	115	43.071	267	284	296	1	262	21	270	189
108	34	38.583	254	284	288	9	262	17	255	189
108	127	40.741	243	284	283	20	262	34	260	188
108	104	39.918	243	284	283	20	262	32	258	186
108	85	38.672	256	284	274	9	262	17	238	185
108	69	42.324	241	284	283	24	262	37	259	185
108	45	42.798	243	284	283	24	262	36	258	184
108	78	38.431	255	284	274	9	262	17	237	184
108	63	42.739	241	284	283	24	262	37	259	184
108	109	37.795	254	284	273	9	262	17	238	183
108	27	36.000	275	284	271	9	279	17	259	182
108	97	40.711	253	284	288	11	262	23	262	182
108	40	39.568	278	284	288	3	275	17	272	182
108	77	37.008	254	284	273	9	262	17	239	181
108	82	35.636	275	284	274	9	279	17	260	181
108	105	39.370	254	284	283	20	266	31	268	181
108	119	41.393	244	284	274	20	262	27	250	180
108	99	36.614	254	284	275	9	262	17	239	180
108	25	39.098	266	284	296	20	279	41	290	179
108	43	36.614	254	284	273	9	262	18	240	178
108	13	40.385	260	284	305	12	271	34	275	179
108	5	41.564	243	284	297	23	262	44	271	176
108	11	39.841	251	284	298	12	262	33	270	176
108	49	36.614	254	284	278	9	262	19	241	175
108	88	36.614	254	284	272	9	262	17	238	174
108	73	38.934	244	284	275	20	262	27	251	174
108	74	38.683	243	284	274	20	262	27	250	174
108	118	38.060	268	284	284	11	266	22	269	174
108	83	39.754	244	284	296	22	262	42	270	174
108	38	38.824	255	284	276	9	262	19	241	173
108	98	35.827	254	284	272	9	262	17	238	172
108	51	37.109	256	284	275	9	262	18	240	172
108	114	35.686	255	284	272	9	262	17	238	172
108	116	40.909	242	284	296	22	262	42	270	173
108	42	38.783	263	284	294	1	262	20	268	172
108	72	37.594	266	284	296	1	262	20	269	172
108	52	37.449	243	284	284	20	262	32	258	171
108	124	35.433	254	284	272	9	262	17	238	170
108	67	40.650	246	284	295	20	262	40	269	171
108	20	41.129	248	284	295	19	262	38	271	170
108	110	38.023	263	284	295	3	262	22	269	170
108	30	36.220	254	284	274	9	262	17	238	169
108	89	34.902	255	284	272	8	262	16	238	169
108	60	35.433	254	284	274	9	262	18	240	167
108	21	39.331	239	284	280	24	262	36	255	165
108	93	39.662	237	284	297	22	258	43	267	165
108	2	39.662	237	284	297	22	258	43	267	165
108	14	39.004	241	284	291	23	262	40	266	164
108	1	39.004	241	284	305	23	262	40	266	164
109	109	100.000	273	273	273	1	273	1	273	570
109	124	78.309	272	273	272	1	272	1	271	455
109	88	74.359	273	273	272	1	273	1	272	434
109	30	69.597	273	273	274	1	273	1	272	416
109	89	66.667	273	273	272	1	273	1	272	405
109	77	66.912	272	273	273	1	271	1	271	395
109	98	64.469	273	273	272	1	273	1	272	389
109	27	66.052	271	273	271	1	271	1	269	387
109	114	64.945	271	273	272	1	271	1	270	386
109	78	66.300	273	273	274	1	271	1	272	384
109	43	64.964	274	273	273	1	273	2	273	384
109	82	64.599	274	273	274	1	273	1	272	377
109	49	64.945	271	273	278	1	267	3	272	372
109	85	62.637	273	273	274	1	273	1	271	358
109	24	60.294	272	273	273	1	271	1	271	356
109	38	61.172	273	273	276	1	271	3	271	356
109	51	57.664	274	273	275	1	273	2	275	353
109	60	58.759	274	273	274	1	273	2	274	353
109	99	57.664	274	273	275	1	273	1	272	344
109	12	47.797	295	273	293	1	273	1	287	263
109	33	47.703	283	273	296	1	261	1	281	261
109	66	46.102	295	273	296	1	273	1	287	258
109	59	45.918	294	273	294	1	273	1	286	249
109	123	45.085	295	273	294	1	273	1	287	245
109	92	47.761	268	273	293	1	246	1	267	244
109	75	44.863	292	273	291	1	273	1	285	244
109	26	45.361	291	273	292	1	270	1	283	242
109	129	46.415	265	273	289	1	246	1	264	241
109	56	45.302	298	273	299	1	273	1	292	241
109	122	48.134	268	273	290	1	246	1	264	240
109	53	43.919	296	273	295	1	273	1	286	239
109	47	45.583	283	273	299	1	259	1	280	238
109	102	46.642	268	273	293	1	246	1	267	237
109	50	46.014	276	273	294	1	255	1	273	237
109	34	47.656	256	273	288	1	238	1	255	235
109	68	44.108	297	273	298	1	273	1	289	234
109	48	45.149	268	273	289	1	248	1	265	233
109	61	42.029	276	273	295	1	252	1	274	223
109	100	40.714	280	273	296	3	246	2	280	205
109	121	39.560	273	273	279	13	260	3	274	200
109	91	38.603	272	273	298	3	238	4	275	200
109	54	40.502	279	273	278	2	259	2	274	196
109	84	39.544	263	273	281	8	246	5	266	196
109	23	37.255	255	273	304	17	238	27	281	195
109	46	39.630	270	273	294	3	238	2	271	195
109	71	40.769	260	273	295	17	246	21	279	194
109	95	43.580	257	273	291	17	248	14	269	193
109	69	41.221	262	273	283	1	243	5	264	193
109	125	38.951	267	273	292	17	258	11	276	192
109	118	42.194	237	273	284	26	246	30	266	192
109	80	38.148	270	273	298	3	240	8	277	192
109	44	38.095	273	273	282	1	248	1	269	191
109	96	41.016	256	273	287	17	248	14	268	191
109	117	39.643	280	273	282	1	257	1	273	189
109	6	40.316	253	273	303	19	238	27	279	190
109	10	39.844	256	273	307	17	238	31	284	190
109	128	39.245	265	273	290	8	247	2	265	189
109	81	38.996	259	273	286	17	250	8	265	189
109	7	40.441	272	273	283	12	259	9	276	188
109	36	40.794	277	273	293	7	246	2	276	189
109	15	40.449	267	273	281	2	246	2	263	188
109	32	37.795	254	273	303	17	238	27	280	189
109	64	37.729	273	273	300	3	238	4	276	189
109	105	38.697	261	273	283	3	246	5	265	188
109	18	43.882	237	273	261	33	238	2	238	186
109	57	40.602	266	273	294	8	248	2	265	187
109	111	38.521	257	273	276	17	248	8	263	186
109	106	40.637	251	273	284	17	246	9	258	186
109	127	39.615	260	273	283	3	245	8	265	186
109	29	38.521	257	273	287	17	248	8	263	186
109	45	38.735	253	273	283	3	239	7	259	186
109	76	37.970	266	273	281	8	248	5	268	184
109	90	38.783	263	273	281	8	246	5	266	184
109	112	40.637	251	273	286	17	246	14	263	184
109	107	37.218	266	273	281	5	246	2	266	183
109	126	40.157	254	273	283	3	239	7	260	183
109	108	37.795	254	273	284	17	238	9	262	183
109	22	37.132	272	273	281	2	248	2	268	182
109	17	38.516	283	273	289	1	259	1	277	183
109	35	38.610	259	273	282	2	238	2	258	182
109	55	38.869	283	273	297	1	258	1	279	182
109	41	37.288	295	273	288	3	273	3	281	181
109	3	34.797	296	273	301	3	255	6	300	181
109	28	38.314	261	273	292	14	247	11	267	181
109	101	38.519	270	273	292	12	257	9	275	181
109	58	37.945	253	273	309	19	238	33	285	181
109	37	40.000	255	273	300	17	247	14	267	180
109	79	37.037	270	273	281	3	248	3	268	179
109	16	38.403	263	273	292	12	248	9	269	179
109	9	37.453	267	273	292	5	247	2	267	179
109	103	40.873	252	273	283	3	238	11	259	178
109	63	38.722	266	273	283	3	251	7	269	178
109	65	37.500	256	273	287	15	246	7	261	178
109	86	37.546	269	273	281	3	247	3	267	177
109	62	37.634	279	273	287	7	253	2	276	177
109	104	38.976	254	273	283	3	239	6	259	177
109	8	36.131	274	273	302	3	238	6	279	177
109	31	36.226	265	273	298	7	246	3	266	177
109	73	39.837	246	273	275	17	247	15	260	176
109	52	38.189	254	273	284	3	239	6	259	176
109	39	38.846	260	273	292	11	246	8	266	176
109	87	41.224	245	273	313	33	246	37	281	177
109	74	40.408	245	273	274	17	247	15	259	174
109	120	37.407	270	273	285	1	247	1	270	174
109	119	40.244	246	273	274	17	246	15	258	174
109	4	40.984	244	273	309	33	246	37	279	173
109	70	36.531	271	273	288	3	246	7	271	173
109	19	38.577	267	273	288	13	246	7	271	172
109	94	41.102	236	273	271	33	238	37	271	169
109	115	34.333	300	273	296	3	273	8	296	169
109	21	37.984	258	273	280	3	247	7	264	167
109	93	38.132	257	273	297	26	258	39	294	164
109	2	38.132	257	273	297	26	258	39	294	164
109	67	35.714	280	273	295	1	247	2	278	162
109	20	36.029	272	273	295	3	246	8	279	161
109	97	35.409	257	273	288	3	239	7	263	161
109	40	35.926	270	273	288	1	247	2	271	160
109	42	33.562	292	273	294	1	259	2	289	158
109	13	35.938	256	273	305	33	269	47	297	157
109	25	35.587	281	273	296	1	247	2	279	154
109	72	38.034	234	273	296	33	247	45	278	154
109	11	34.520	281	273	298	1	250	2	282	153
109	110	37.607	234	273	295	33	247	45	278	152
109	14	34.109	258	273	291	3	241	12	269	150
109	1	34.109	258	273	305	3	241	12	269	150
109	5	35.316	269	273	297	3	246	12	279	149
109	83	34.894	235	273	296	33	247	45	279	149
109	116	35.470	234	273	296	33	246	45	278	146
11	11	100.000	298	298	298	1	298	1	298	624
11	25	69.966	293	298	296	1	293	1	293	446
11	42	70.748	294	298	294	1	294	1	292	443
11	115	64.626	294	298	296	1	294	1	294	420
11	72	66.212	293	298	296	1	293	1	292	419
11	20	64.966	294	298	295	1	293	1	292	407
11	67	62.838	296	298	295	1	296	1	295	407
11	13	64.094	298	298	305	1	297	1	297	403
11	5	62.457	293	298	297	1	290	1	293	400
11	14	63.014	292	298	291	2	293	2	288	395
11	1	63.014	292	298	305	2	293	2	288	395
11	116	61.905	294	298	296	1	293	1	293	394
11	97	60.410	293	298	288	1	293	1	285	392
11	93	60.884	294	298	297	1	293	1	294	390
11	2	60.884	294	298	297	1	293	1	294	390
11	40	62.799	293	298	288	1	293	1	284	383
11	110	60.068	293	298	295	1	293	1	292	382
11	83	58.163	294	298	296	1	293	1	293	381
11	120	50.000	290	298	285	8	293	3	282	285
11	127	49.635	274	298	283	3	273	3	263	253
11	63	46.939	294	298	283	3	293	2	280	239
11	103	44.558	294	298	283	3	293	2	280	239
11	104	46.233	292	298	283	5	293	3	280	238
11	126	44.218	294	298	283	3	293	2	280	237
11	69	47.059	272	298	283	28	293	20	280	232
11	118	47.191	267	298	284	10	273	4	261	231
11	45	48.828	256	298	283	19	271	10	259	231
11	74	46.429	280	298	274	19	294	6	272	229
11	105	45.055	273	298	283	24	293	14	279	228
11	73	44.561	285	298	275	17	296	4	275	226
11	52	45.725	269	298	284	6	271	4	259	226
11	119	48.361	244	298	274	31	270	17	250	224
11	21	47.710	262	298	280	13	270	4	255	219
11	87	43.846	260	298	313	26	270	17	273	217
11	35	41.724	290	298	282	8	293	3	279	215
11	94	42.146	261	298	271	26	270	17	271	201
11	4	39.649	285	298	309	13	282	6	283	201
11	23	40.780	282	298	304	3	270	2	281	198
11	6	42.636	258	298	303	27	270	22	279	197
11	128	40.780	282	298	290	24	293	6	279	196
11	58	39.721	287	298	309	2	270	4	285	196
11	3	40.426	282	298	301	4	271	2	280	194
11	57	41.758	273	298	294	24	286	5	271	194
11	64	38.351	279	298	300	4	270	4	276	193
11	80	40.000	280	298	298	4	271	4	276	192
11	32	39.502	281	298	303	4	271	2	281	192
11	33	39.721	287	298	296	2	278	1	267	191
11	91	39.502	281	298	298	2	270	6	275	190
11	111	40.221	271	298	276	28	288	7	271	188
11	29	40.221	271	298	287	28	288	7	271	189
11	46	42.623	244	298	294	39	270	28	271	189
11	47	38.710	279	298	299	31	294	19	286	188
11	129	42.857	252	298	289	31	278	19	264	188
11	55	43.254	252	298	297	43	284	27	273	187
11	50	41.502	253	298	294	36	282	23	269	186
11	10	39.024	287	298	307	4	270	2	284	187
11	102	40.574	244	298	293	45	281	32	270	186
11	96	39.785	279	298	287	24	293	8	281	186
11	121	41.516	277	298	279	26	290	7	271	185
11	34	40.385	260	298	288	36	289	23	277	185
11	71	40.288	278	298	295	4	270	2	272	186
11	81	40.377	265	298	286	43	297	21	280	185
11	95	39.446	289	298	291	18	296	5	285	185
11	100	37.458	299	298	296	4	289	2	292	184
11	68	39.837	246	298	298	45	281	32	271	184
11	18	43.154	241	298	261	45	270	1	238	182
11	12	36.755	302	298	293	2	294	1	285	182
11	15	39.384	292	298	281	3	286	2	271	182
11	37	39.544	263	298	300	44	297	28	285	182
11	65	41.923	260	298	287	44	294	23	274	182
11	122	41.393	244	298	290	45	284	32	270	181
11	123	37.956	274	298	294	33	297	20	288	181
11	59	37.456	283	298	294	2	278	1	266	181
11	75	40.230	261	298	291	36	290	23	277	180
11	125	38.406	276	298	292	28	293	10	279	180
11	62	37.049	305	298	287	1	292	3	285	179
11	41	40.433	277	298	288	26	293	11	281	179
11	86	38.411	302	298	281	1	293	1	278	178
11	56	39.179	268	298	299	45	298	32	294	179
11	61	39.764	254	298	295	26	270	14	261	178
11	53	37.631	287	298	295	2	281	1	269	178
11	112	40.230	261	298	286	44	296	28	278	177
11	54	37.966	295	298	278	3	289	2	274	177
11	8	37.770	278	298	302	7	270	5	279	177
11	28	40.239	251	298	292	44	285	28	273	176
11	7	37.931	290	298	283	13	294	4	281	176
11	66	35.974	303	298	296	2	295	1	286	176
11	108	39.841	251	298	284	33	270	12	262	176
11	92	40.000	250	298	293	45	284	32	273	174
11	48	39.834	241	298	289	35	270	22	255	174
11	101	39.544	263	298	292	43	296	27	283	174
11	26	40.161	249	298	292	36	278	23	266	174
11	16	41.085	258	298	292	39	286	23	275	173
11	39	38.462	286	298	292	19	295	4	282	172
11	106	37.500	280	298	284	27	298	7	278	171
11	17	39.630	270	298	289	26	286	11	274	171
11	44	36.301	292	298	282	3	284	2	273	170
11	90	40.400	250	298	281	44	284	28	272	169
11	24	37.050	278	298	273	2	279	1	248	168
11	9	40.647	278	298	292	18	285	5	273	169
11	117	38.488	291	298	282	3	286	2	272	168
11	70	38.247	251	298	288	40	278	27	271	166
11	19	37.500	272	298	288	11	270	1	263	165
11	36	38.911	257	298	293	40	276	27	277	164
11	31	35.762	302	298	298	1	293	1	281	164
11	38	35.034	294	298	276	2	295	3	266	162
11	22	35.395	291	298	281	3	284	2	272	160
11	30	37.008	254	298	274	33	286	20	254	160
11	82	39.370	254	298	274	31	282	19	251	159
11	76	35.764	288	298	281	8	286	3	274	159
11	77	34.868	304	298	273	2	296	1	273	159
11	79	39.062	256	298	281	43	289	27	276	159
11	43	37.500	264	298	273	31	293	20	264	159
11	51	36.296	270	298	275	1	270	1	240	159
11	107	38.550	262	298	281	41	293	25	278	158
11	84	35.395	291	298	281	8	289	3	277	158
11	78	35.106	282	298	274	2	283	1	250	158
11	27	37.553	237	298	271	46	282	33	250	157
11	49	36.691	278	298	278	2	278	3	249	157
11	88	36.800	250	298	272	33	282	20	250	156
11	114	37.276	279	298	272	2	278	1	246	156
11	60	35.135	296	298	274	2	294	2	266	155
11	89	35.156	256	298	272	33	288	20	256	153
11	109	34.520	281	298	273	2	282	1	250	153
11	98	34.657	277	298	272	2	278	1	246	152
11	124	35.656	244	298	272	39	282	26	250	150
11	85	34.551	301	298	274	2	295	1	270	149
11	99	34.694	245	298	275	34	278	21	247	142
110	110	100.000	295	295	295	1	295	1	295	620
110	116	72.297	296	295	296	1	295	1	296	462
110	83	69.257	296	295	296	1	295	1	296	449
110	5	65.320	297	295	297	1	295	1	297	410
110	115	61.486	296	295	296	1	295	1	296	408
110	67	61.905	294	295	295	1	294	1	294	406
110	93	64.310	297	295	297	1	295	1	297	403
110	2	64.310	297	295	297	1	295	1	297	403
110	97	63.806	268	295	288	27	294	20	287	384
110	11	60.068	293	295	298	1	292	1	293	382
110	25	59.322	295	295	296	1	294	1	295	378
110	40	61.905	294	295	288	1	294	1	286	377
110	72	56.997	293	295	296	1	293	1	293	376
110	14	58.703	293	295	291	2	294	2	290	370
110	42	58.844	294	295	294	1	294	1	293	370
110	1	58.703	293	295	305	2	294	2	290	370
110	20	58.781	279	295	295	1	277	1	279	363
110	13	57.966	295	295	305	1	293	1	294	358
110	120	49.655	290	295	285	10	295	1	285	272
110	119	45.000	280	295	274	19	294	6	273	226
110	52	44.118	272	295	284	1	269	3	258	226
110	118	42.466	292	295	284	6	294	4	283	226
110	104	44.000	275	295	283	6	277	4	266	223
110	87	43.189	301	295	313	15	295	8	304	223
110	105	43.590	273	295	283	8	277	5	265	221
110	63	41.751	297	295	283	2	294	5	282	220
110	69	41.786	280	295	283	5	281	4	271	219
110	126	42.759	290	295	283	8	294	3	282	219
110	127	41.611	298	295	283	4	294	4	283	219
110	103	39.310	290	295	283	8	294	3	282	214
110	74	43.015	272	295	274	27	294	14	273	211
110	45	42.188	256	295	283	17	269	9	258	207
110	73	41.137	299	295	275	1	294	1	274	206
110	35	43.893	262	295	282	12	269	3	258	206
110	4	42.222	270	295	309	27	279	19	281	206
110	94	41.860	258	295	271	27	269	19	271	203
110	21	40.468	299	295	280	1	294	4	279	199
110	33	40.288	278	295	296	8	277	3	267	197
110	3	40.283	283	295	301	4	269	2	279	193
110	64	38.000	300	295	300	8	295	4	300	189
110	15	41.762	261	295	281	43	295	28	278	187
110	23	36.184	304	295	304	8	294	3	303	187
110	6	37.634	279	295	303	8	269	2	279	186
110	58	37.919	298	295	309	4	283	2	293	186
110	71	40.283	283	295	295	2	271	4	274	184
110	65	40.574	244	295	287	43	277	23	261	183
110	123	36.545	301	295	294	8	295	3	287	181
110	32	39.643	280	295	303	4	269	2	280	181
110	57	43.590	234	295	294	42	265	23	251	180
110	12	35.354	297	295	293	8	295	3	287	180
110	111	40.076	262	295	276	42	293	21	274	179
110	112	41.176	238	295	286	43	272	28	258	179
110	29	40.076	262	295	287	42	293	21	274	179
110	7	39.847	261	295	283	43	295	28	280	179
110	50	36.918	279	295	294	8	280	3	268	179
110	128	40.157	254	295	290	42	285	24	272	179
110	122	37.415	294	295	290	8	295	3	284	177
110	100	37.193	285	295	296	2	273	4	277	178
110	68	36.972	284	295	298	8	281	3	272	178
110	95	39.394	264	295	291	42	295	27	282	177
110	48	36.271	295	295	289	8	294	3	282	177
110	34	36.301	292	295	288	8	294	3	281	177
110	81	38.489	278	295	286	28	295	8	276	176
110	36	38.225	293	295	293	19	294	10	292	176
110	102	37.143	280	295	293	8	280	3	270	176
110	66	37.722	281	295	296	8	277	3	267	176
110	9	38.931	262	295	292	43	295	28	281	176
110	53	36.842	285	295	295	8	280	3	269	176
110	46	35.357	280	295	294	2	269	3	271	176
110	96	40.417	240	295	287	42	272	27	261	175
110	54	38.846	260	295	278	43	294	28	277	174
110	39	41.350	237	295	292	42	269	27	258	175
110	117	39.231	260	295	282	43	295	28	279	174
110	28	39.615	260	295	292	43	293	28	279	174
110	17	39.583	240	295	289	43	273	28	262	174
110	101	37.549	253	295	292	42	285	27	274	174
110	47	37.500	280	295	299	8	277	3	268	174
110	80	37.770	278	295	298	4	269	4	275	174
110	59	36.331	278	295	294	8	278	3	267	173
110	91	39.167	240	295	298	42	269	36	275	173
110	56	38.768	276	295	299	8	269	3	262	172
110	125	37.143	280	295	292	26	295	9	279	172
110	44	37.786	262	295	282	43	294	28	281	172
110	79	38.462	260	295	281	43	293	28	279	171
110	70	36.426	291	295	288	16	294	7	287	171
110	24	38.321	274	295	273	8	278	3	248	170
110	10	36.585	287	295	307	4	269	2	284	171
110	86	38.931	262	295	281	42	294	27	281	170
110	108	38.023	263	295	284	22	269	3	262	170
110	37	37.405	262	295	300	43	295	28	281	171
110	31	38.168	262	295	298	43	295	28	284	170
110	26	35.971	278	295	292	8	278	3	267	169
110	106	37.354	257	295	284	21	269	2	250	169
110	129	39.496	238	295	289	44	277	32	264	169
110	75	36.331	278	295	291	8	280	3	267	169
110	107	38.462	260	295	281	43	293	28	279	168
110	19	37.970	266	295	288	43	294	31	287	168
110	61	35.897	273	295	295	8	269	3	261	167
110	84	38.525	244	295	281	43	277	28	266	167
110	76	36.015	261	295	281	43	294	28	280	167
110	55	36.882	263	295	297	42	294	27	284	167
110	90	37.354	257	295	281	43	290	28	274	166
110	18	37.815	238	295	261	44	269	1	238	164
110	22	36.260	262	295	281	42	294	27	280	164
110	82	37.868	272	295	274	8	278	3	248	162
110	8	37.050	278	295	302	30	294	29	301	163
110	121	37.398	246	295	279	42	277	20	260	161
110	92	35.740	277	295	293	8	277	3	267	161
110	41	37.743	257	295	288	43	290	28	274	160
110	62	36.029	272	295	287	19	278	10	272	160
110	16	37.450	251	295	292	34	273	19	264	160
110	77	34.926	272	295	273	8	278	3	248	157
110	114	34.926	272	295	272	8	278	3	247	156
110	43	37.607	234	295	273	45	278	34	249	154
110	98	33.088	272	295	272	8	278	3	247	153
110	109	37.607	234	295	273	45	278	33	247	152
110	60	36.250	240	295	274	42	281	31	252	151
110	78	36.134	238	295	274	45	282	33	250	150
110	49	33.212	274	295	278	6	278	3	250	150
110	88	36.052	233	295	272	46	278	34	247	150
110	38	35.052	291	295	276	6	292	3	264	150
110	85	34.672	274	295	274	8	280	3	249	149
110	27	33.740	246	295	271	45	290	33	259	149
110	30	35.135	259	295	274	45	295	33	272	148
110	51	36.287	237	295	275	42	278	31	249	148
110	124	35.897	234	295	272	45	278	33	247	145
110	89	36.481	233	295	272	46	278	34	247	143
110	99	32.103	271	295	275	8	278	3	248	143
111	111	100.000	276	276	276	1	276	1	276	583
111	29	99.275	276	276	287	1	276	1	276	580
111	128	74.349	269	276	290	7	275	10	278	452
111	81	75.458	273	276	286	1	273	1	273	447
111	57	72.364	275	276	294	1	273	1	275	444
111	55	72.761	268	276	297	8	275	14	281	431
111	95	71.161	267	276	291	8	274	14	280	422
111	125	73.408	267	276	292	7	273	10	276	419
111	31	71.805	266	276	298	8	273	14	278	412
111	37	71.053	266	276	300	8	273	14	278	411
111	28	68.864	273	276	292	2	274	8	279	409
111	9	70.787	267	276	292	8	274	14	279	409
111	79	69.663	267	276	281	8	274	14	279	404
111	90	68.440	282	276	281	1	276	1	281	404
111	121	68.401	269	276	279	7	275	6	274	400
111	86	67.286	269	276	281	8	276	14	281	396
111	7	70.412	267	276	283	8	274	14	278	395
111	41	66.791	268	276	288	8	275	14	280	395
111	76	66.914	269	276	281	8	276	14	281	394
111	44	66.914	269	276	282	8	276	14	282	392
111	106	68.657	268	276	284	3	270	4	267	391
111	117	68.539	267	276	282	8	274	14	277	390
111	101	68.165	267	276	292	8	274	14	279	390
111	65	67.790	267	276	287	7	273	8	273	389
111	84	66.171	269	276	281	8	276	14	281	389
111	16	67.416	267	276	292	8	274	14	280	387
111	17	67.790	267	276	289	8	274	14	279	385
111	96	66.788	274	276	287	3	275	9	280	382
111	22	65.428	269	276	281	8	276	14	281	379
111	112	65.169	267	276	286	8	274	14	276	374
111	107	65.056	269	276	281	8	276	14	281	373
111	15	65.543	267	276	281	8	274	14	276	372
111	54	65.056	269	276	278	8	276	14	278	371
111	39	67.658	269	276	292	8	274	14	279	369
111	91	51.880	266	276	298	8	262	23	283	262
111	3	49.430	263	276	301	7	257	26	283	261
111	23	49.110	281	276	304	5	271	24	298	261
111	32	50.186	269	276	303	3	257	22	284	260
111	46	52.158	278	276	294	8	270	20	292	260
111	100	51.737	259	276	296	8	256	21	276	254
111	71	50.775	258	276	295	7	253	20	272	254
111	58	47.925	265	276	309	7	257	30	289	253
111	80	50.758	264	276	298	8	262	23	283	253
111	108	46.840	269	276	284	4	257	5	266	251
111	64	46.241	266	276	300	3	257	19	280	251
111	10	50.186	269	276	307	5	257	28	288	251
111	18	49.810	263	276	261	23	270	1	259	246
111	6	46.953	279	276	303	4	267	20	292	248
111	8	50.000	260	276	302	10	257	29	283	244
111	87	48.134	268	276	313	22	274	35	302	242
111	56	44.000	275	276	299	3	272	12	281	237
111	102	42.238	277	276	293	3	276	12	283	233
111	92	44.195	267	276	293	3	267	12	273	233
111	4	45.382	249	276	309	22	265	35	283	232
111	94	47.679	237	276	271	22	253	35	271	230
111	48	43.678	261	276	289	3	263	12	265	230
111	59	43.846	260	276	294	3	261	12	266	228
111	68	42.806	278	276	298	3	276	12	278	228
111	33	42.966	263	276	296	3	261	12	267	228
111	47	43.346	263	276	299	3	261	12	268	227
111	61	43.939	264	276	295	3	262	12	270	226
111	123	44.444	261	276	294	3	261	12	267	226
111	66	42.529	261	276	296	3	261	12	267	225
111	12	43.116	276	276	293	3	269	12	277	224
111	36	42.807	285	276	293	2	274	12	291	223
111	34	41.791	268	276	288	3	268	12	270	223
111	70	42.264	265	276	288	2	261	12	271	222
111	19	42.751	269	276	288	14	276	23	286	218
111	26	42.308	260	276	292	3	261	12	266	217
111	62	41.132	265	276	287	2	261	12	271	216
111	53	40.613	261	276	295	3	261	12	266	216
111	122	42.751	269	276	290	3	271	12	274	215
111	129	41.860	258	276	289	4	261	13	264	212
111	75	41.509	265	276	291	3	266	12	270	212
111	104	43.651	252	276	283	7	254	19	259	211
111	50	42.007	269	276	294	3	265	12	269	210
111	24	43.580	257	276	273	8	261	17	247	207
111	120	42.806	278	276	285	7	274	17	283	204
111	105	41.923	260	276	283	7	262	18	266	202
111	45	42.520	254	276	283	5	254	17	259	202
111	118	40.794	277	276	284	7	276	19	284	201
111	115	42.238	277	276	296	7	275	28	292	200
111	126	43.116	276	276	283	7	276	20	283	199
111	103	41.429	280	276	283	7	276	20	283	198
111	127	45.525	257	276	283	23	274	38	282	197
111	77	41.176	255	276	273	8	261	17	247	196
111	69	40.364	275	276	283	7	276	20	283	196
111	52	42.857	252	276	284	7	254	19	259	196
111	82	41.569	255	276	274	8	261	17	247	194
111	97	43.011	279	276	288	7	276	20	288	194
111	5	42.629	251	276	297	22	266	44	284	195
111	20	42.500	280	276	295	7	276	29	295	194
111	83	41.221	262	276	296	21	274	42	294	194
111	40	41.577	279	276	288	6	274	19	285	192
111	25	42.456	285	276	296	1	276	22	296	192
111	114	40.467	257	276	272	8	263	17	248	191
111	88	39.773	264	276	272	8	265	17	250	190
111	63	44.017	234	276	283	23	253	37	259	190
111	30	41.538	260	276	274	8	261	17	246	189
111	78	38.224	259	276	274	8	266	17	250	189
111	116	42.366	262	276	296	21	274	42	294	189
111	119	43.307	254	276	274	7	256	14	253	188
111	74	40.637	251	276	274	6	253	13	250	187
111	11	40.221	271	276	298	7	271	28	288	188
111	73	40.441	272	276	275	7	274	14	273	187
111	109	38.521	257	276	273	8	263	17	248	186
111	35	39.921	253	276	282	7	253	19	258	186
111	67	41.221	262	276	295	21	274	42	293	185
111	89	38.431	255	276	272	8	261	17	246	183
111	42	40.625	256	276	294	21	271	42	286	182
111	98	36.965	257	276	272	8	263	17	248	182
111	51	37.931	261	276	275	3	261	13	248	179
111	60	38.403	263	276	274	8	268	18	255	179
111	27	37.647	255	276	271	8	261	17	246	179
111	38	38.314	261	276	276	3	261	14	249	179
111	110	40.076	262	276	295	21	274	42	293	179
111	72	38.849	278	276	296	6	274	26	293	177
111	93	39.676	247	276	297	21	262	43	280	177
111	2	39.676	247	276	297	21	262	43	280	177
111	85	37.209	258	276	274	8	264	17	249	176
111	13	39.085	284	276	305	4	276	26	296	176
111	43	37.500	256	276	273	8	261	18	248	174
111	49	37.891	256	276	278	8	261	19	249	174
111	14	39.928	278	276	291	7	276	24	291	174
111	124	36.680	259	276	272	8	265	17	250	174
111	1	40.304	263	276	305	21	276	39	291	175
111	21	38.281	256	276	280	23	274	36	278	166
111	99	35.849	265	276	275	8	270	17	255	164
112	112	100.000	286	286	286	1	286	1	286	598
112	101	71.875	288	286	292	1	285	1	288	444
112	39	72.222	288	286	292	1	285	1	288	428
112	106	71.956	271	286	284	14	284	9	279	426
112	17	66.667	288	286	289	1	285	1	288	421
112	16	67.708	288	286	292	1	284	1	288	408
112	107	66.547	278	286	281	2	276	2	279	407
112	76	66.308	279	286	281	1	276	1	279	405
112	79	67.266	278	286	281	2	276	2	279	403
112	7	68.116	276	286	283	3	276	3	278	402
112	95	64.111	287	286	291	2	283	2	288	400
112	86	67.870	277	286	281	2	275	2	278	399
112	90	68.231	277	286	281	2	275	2	278	399
112	9	64.111	287	286	292	2	285	2	288	395
112	84	65.468	278	286	281	1	275	1	278	392
112	31	64.460	287	286	298	2	282	2	288	392
112	54	66.544	272	286	278	5	276	5	276	391
112	28	65.734	286	286	292	2	284	2	287	389
112	55	63.441	279	286	297	1	275	1	279	388
112	65	65.428	269	286	287	14	279	9	277	385
112	37	65.233	279	286	300	1	275	1	278	386
112	22	65.693	274	286	281	5	275	5	278	385
112	41	63.309	278	286	288	1	275	1	278	384
112	15	64.576	271	286	281	6	276	6	276	383
112	117	64.835	273	286	282	6	276	6	277	378
112	81	64.925	268	286	286	12	275	6	273	376
112	44	62.681	276	286	282	5	276	5	280	375
112	111	65.169	267	286	276	14	276	8	274	374
112	29	65.169	267	286	287	14	276	8	274	374
112	125	64.855	276	286	292	14	284	11	286	369
112	121	60.967	269	286	279	11	275	4	272	362
112	57	60.294	272	286	294	8	275	4	275	359
112	128	61.278	266	286	290	14	275	11	276	358
112	96	61.049	267	286	287	14	275	14	278	337
112	71	49.815	271	286	295	7	264	14	280	264
112	100	50.368	272	286	296	6	264	13	281	261
112	91	49.084	273	286	298	4	263	13	282	261
112	80	50.916	273	286	298	4	263	13	282	254
112	46	48.000	275	286	294	6	267	12	282	251
112	3	47.955	269	286	301	9	264	22	287	246
112	18	50.403	248	286	261	29	263	1	245	243
112	23	48.837	258	286	304	14	256	27	282	244
112	108	47.253	273	286	284	14	270	9	278	241
112	32	47.037	270	286	303	14	269	27	293	241
112	10	48.263	259	286	307	22	264	37	292	236
112	64	44.765	277	286	300	17	277	27	300	235
112	6	45.977	261	286	303	24	269	35	292	235
112	58	45.556	270	286	309	15	269	32	298	234
112	8	48.148	270	286	302	14	269	27	292	231
112	66	45.418	251	286	296	20	264	23	268	229
112	92	44.444	270	286	293	14	275	17	280	227
112	123	42.652	279	286	294	14	285	17	288	225
112	48	44.841	252	286	289	19	266	22	266	221
112	70	40.210	286	286	288	5	276	5	286	219
112	12	43.015	272	286	293	14	279	17	281	219
112	33	43.933	239	286	296	24	256	27	260	219
112	34	42.751	269	286	288	14	280	17	277	218
112	68	42.908	282	286	298	5	275	8	282	218
112	102	43.952	248	286	293	24	265	27	269	217
112	53	41.026	273	286	295	14	280	17	281	215
112	59	42.578	256	286	294	14	264	17	267	214
112	19	41.912	272	286	288	17	276	20	286	214
112	75	42.231	251	286	291	20	264	23	265	213
112	62	41.549	284	286	287	8	276	8	285	212
112	56	41.096	292	286	299	5	285	8	293	213
112	87	41.577	279	286	313	3	263	5	281	213
112	4	41.606	274	286	309	2	264	8	280	210
112	47	41.045	268	286	299	5	263	8	268	210
112	36	40.000	285	286	293	11	281	14	289	210
112	122	41.791	268	286	290	5	269	8	270	209
112	50	42.800	250	286	294	20	264	23	266	207
112	26	41.065	263	286	292	20	277	23	277	207
112	61	40.441	272	286	295	5	266	8	272	206
112	94	42.264	265	286	271	2	255	8	271	205
112	129	41.603	262	286	289	5	263	8	264	204
112	120	41.319	288	286	285	5	276	5	283	200
112	82	42.683	246	286	274	14	258	17	242	198
112	24	40.590	271	286	273	14	283	17	264	192
112	104	40.755	265	286	283	3	255	2	258	192
112	77	43.210	243	286	273	14	255	17	239	191
112	25	38.176	296	286	296	1	273	1	288	191
112	40	42.636	258	286	288	28	276	36	285	189
112	5	44.578	249	286	297	28	264	44	280	189
112	118	38.571	280	286	284	4	276	11	282	188
112	114	41.870	246	286	272	14	258	17	241	186
112	78	41.322	242	286	274	14	255	17	237	186
112	115	41.923	260	286	296	17	269	38	284	186
112	105	39.695	262	286	283	5	259	11	261	185
112	72	39.568	278	286	296	7	263	8	277	185
112	30	40.945	254	286	274	11	263	14	246	184
112	109	40.637	251	286	273	14	263	17	246	184
112	119	39.695	262	286	274	1	258	1	253	183
112	127	40.351	285	286	283	6	285	15	277	182
112	97	39.796	294	286	288	1	276	1	286	182
112	88	39.464	261	286	272	5	263	9	246	181
112	14	39.350	277	286	291	1	258	1	269	181
112	1	39.350	277	286	305	1	258	1	269	181
112	35	38.346	266	286	282	16	276	22	280	180
112	74	40.467	257	286	274	6	258	6	253	179
112	85	39.837	246	286	274	14	258	17	241	179
112	110	41.176	238	286	295	28	258	43	272	179
112	73	38.516	283	286	275	1	278	1	275	179
112	116	36.120	299	286	296	4	276	5	294	179
112	83	39.231	260	286	296	28	276	43	294	179
112	11	40.230	261	286	298	28	278	44	296	177
112	27	38.340	253	286	271	14	265	17	248	176
112	45	40.000	260	286	283	6	255	6	258	176
112	60	38.129	278	286	274	1	271	1	256	176
112	43	37.589	282	286	273	1	270	1	260	175
112	93	38.376	271	286	297	18	276	34	295	176
112	2	38.376	271	286	297	18	276	34	295	176
112	67	39.464	261	286	295	28	278	43	295	175
112	124	37.849	251	286	272	14	263	17	246	174
112	89	37.354	257	286	272	11	266	14	249	174
112	20	41.634	257	286	295	28	276	45	293	174
112	99	36.900	271	286	275	14	282	17	261	173
112	42	40.075	267	286	294	12	271	26	284	174
112	63	40.079	252	286	283	29	276	37	281	173
112	52	39.768	259	286	284	1	255	8	258	173
112	38	39.464	261	286	276	1	255	2	241	172
112	98	38.247	251	286	272	14	263	17	246	172
112	103	38.889	252	286	283	29	276	37	281	172
112	69	36.014	286	286	283	3	276	3	281	171
112	13	42.510	247	286	305	17	255	34	271	172
112	51	37.931	261	286	275	1	255	1	240	171
112	21	35.889	287	286	280	1	276	1	278	169
112	126	39.592	245	286	283	15	255	22	259	168
112	49	37.109	256	286	278	14	267	19	253	167
113	113	100.000	346	346	346	1	346	1	346	719
114	114	100.000	272	272	272	1	272	1	272	568
114	98	77.778	270	272	272	1	270	1	270	458
114	27	78.309	272	272	271	1	272	1	271	456
114	82	73.626	273	272	274	1	272	1	272	430
114	85	72.593	270	272	274	1	270	1	269	425
114	99	74.265	272	272	275	1	271	1	271	422
114	77	69.231	273	272	273	1	272	1	273	413
114	43	73.801	271	272	273	1	270	2	271	411
114	78	68.248	274	272	274	1	271	1	273	406
114	88	67.286	269	272	272	1	269	1	269	398
114	30	67.159	271	272	274	1	271	1	271	395
114	124	65.809	272	272	272	1	272	1	272	389
114	109	64.945	271	272	273	1	270	1	271	386
114	49	67.391	276	272	278	1	272	3	278	385
114	38	66.421	271	272	276	1	270	3	271	381
114	89	64.074	270	272	272	1	270	1	270	377
114	60	66.052	271	272	274	1	270	2	272	377
114	51	64.835	273	272	275	1	270	2	273	374
114	24	61.538	273	272	273	1	272	1	273	366
114	129	49.811	265	272	289	1	246	1	264	259
114	66	50.373	268	272	296	1	246	1	267	256
114	33	49.818	275	272	296	1	252	1	272	254
114	122	47.241	290	272	290	1	271	1	283	253
114	12	48.881	268	272	293	1	246	1	267	246
114	56	47.458	295	272	299	1	270	1	290	246
114	48	47.388	268	272	289	1	248	1	265	244
114	92	45.578	294	272	293	1	272	1	287	244
114	102	47.761	268	272	293	1	246	1	267	240
114	50	47.619	273	272	294	1	252	1	270	240
114	47	44.898	294	272	299	1	270	1	286	239
114	59	44.369	293	272	294	1	272	1	286	239
114	123	47.388	268	272	294	1	246	1	267	239
114	75	47.037	270	272	291	1	251	1	269	238
114	26	49.064	267	272	292	1	246	1	266	238
114	53	46.269	268	272	295	1	246	1	266	235
114	68	44.746	295	272	298	1	270	1	287	233
114	61	43.841	276	272	295	1	252	1	274	227
114	34	46.067	267	272	288	1	246	1	263	226
114	91	41.544	272	272	298	3	238	4	275	204
114	71	41.544	272	272	295	3	239	2	273	204
114	106	43.902	246	272	284	17	241	9	253	202
114	100	39.116	294	272	296	3	258	2	294	202
114	101	40.945	254	272	292	12	241	9	261	201
114	17	43.019	265	272	289	1	241	1	261	199
114	80	40.074	272	272	298	3	238	4	275	196
114	23	37.857	280	272	304	2	238	2	281	196
114	69	41.538	260	272	283	1	243	5	264	194
114	18	44.304	237	272	261	33	238	2	238	192
114	54	39.925	268	272	278	2	247	2	264	192
114	111	40.467	257	272	276	17	248	8	263	191
114	29	40.784	255	272	287	17	246	8	261	191
114	84	38.346	266	272	281	5	246	2	266	190
114	46	40.741	270	272	294	3	238	2	271	189
114	57	40.602	266	272	294	8	248	2	265	189
114	64	40.000	275	272	300	3	238	4	276	189
114	44	38.462	273	272	282	1	248	1	269	188
114	107	38.346	266	272	281	5	246	2	266	187
114	95	41.245	257	272	291	17	248	14	269	187
114	32	37.276	279	272	303	3	238	2	280	187
114	39	39.231	260	272	292	11	246	8	266	186
114	117	38.519	270	272	282	1	248	1	266	186
114	6	38.849	278	272	303	3	238	2	279	186
114	112	41.870	246	272	286	17	241	14	258	186
114	9	39.474	266	272	292	5	246	2	266	185
114	81	39.300	257	272	286	17	248	8	263	185
114	127	40.698	258	272	283	3	241	8	263	184
114	7	39.922	258	272	283	12	246	9	265	184
114	10	40.625	256	272	307	17	238	31	284	185
114	125	37.407	270	272	292	17	257	11	276	184
114	41	37.313	268	272	288	3	246	3	266	183
114	65	38.672	256	272	287	15	246	7	261	182
114	126	40.226	266	272	283	2	246	2	267	182
114	58	41.667	240	272	309	33	238	47	285	183
114	128	37.736	265	272	290	8	247	2	265	182
114	8	38.545	275	272	302	3	238	6	279	182
114	22	36.531	271	272	281	2	248	2	268	182
114	45	39.535	258	272	283	3	244	7	264	182
114	87	42.041	245	272	313	33	246	37	281	182
114	76	36.567	268	272	281	5	248	2	268	181
114	16	38.951	267	272	292	12	252	9	271	181
114	105	39.847	261	272	283	3	246	5	265	181
114	3	37.455	275	272	301	3	238	6	279	181
114	35	38.403	263	272	282	2	244	2	264	181
114	15	38.577	267	272	281	2	247	2	264	181
114	73	42.915	247	272	275	17	246	15	259	180
114	55	38.095	273	272	297	1	248	1	269	180
114	103	40.613	261	272	283	2	241	2	262	179
114	79	38.281	256	272	281	17	248	14	268	179
114	28	39.231	260	272	292	14	246	11	266	179
114	90	37.218	266	272	281	5	246	2	266	178
114	63	40.078	257	272	283	3	242	7	263	178
114	121	37.066	259	272	279	13	246	3	260	178
114	118	39.080	261	272	284	7	246	10	270	177
114	31	38.113	265	272	298	7	246	3	266	177
114	96	38.672	256	272	287	17	248	14	268	177
114	86	37.795	254	272	281	17	246	14	266	176
114	104	39.080	261	272	283	3	246	6	266	176
114	4	41.803	244	272	309	33	246	37	279	177
114	94	42.373	236	272	271	33	238	37	271	175
114	74	42.213	244	272	274	17	246	15	258	175
114	70	37.868	272	272	288	7	246	2	271	175
114	108	35.686	255	272	284	17	238	9	262	172
114	36	39.405	269	272	293	8	239	3	269	172
114	52	40.316	253	272	284	3	238	6	258	171
114	37	38.431	255	272	300	17	246	14	266	169
114	119	39.837	246	272	274	17	246	15	258	168
114	97	38.403	263	272	288	3	245	7	269	168
114	20	37.132	272	272	295	3	246	8	279	168
114	115	36.101	277	272	296	1	246	2	278	166
114	93	37.687	268	272	297	3	246	12	279	165
114	2	37.687	268	272	297	3	246	12	279	165
114	62	37.500	272	272	287	7	246	2	271	163
114	19	37.638	271	272	288	3	246	6	271	163
114	40	37.269	271	272	288	1	246	2	270	163
114	5	36.691	278	272	297	1	246	2	279	162
114	120	37.037	270	272	285	1	247	1	270	161
114	13	37.262	263	272	305	19	259	32	292	160
114	21	37.795	254	272	280	3	243	7	260	159
114	25	36.918	279	272	296	1	246	2	278	159
114	72	39.485	233	272	296	33	246	45	277	159
114	42	36.429	280	272	294	1	246	2	276	158
114	67	35.842	279	272	295	1	246	2	277	157
114	83	37.872	235	272	296	33	247	45	279	157
114	110	34.926	272	272	295	3	247	8	278	156
114	11	37.276	279	272	298	1	246	2	278	156
114	14	36.122	263	272	291	3	246	12	274	155
114	1	36.122	263	272	305	3	246	12	274	155
114	116	36.325	234	272	296	33	246	45	278	150
115	115	100.000	296	296	296	1	296	1	296	615
115	67	75.768	293	296	295	1	293	1	292	484
115	40	73.720	293	296	288	1	293	1	284	460
115	97	68.919	296	296	288	1	293	1	285	432
115	11	64.626	294	296	298	1	294	1	294	420
115	25	64.505	293	296	296	1	293	1	293	411
115	72	64.505	293	296	296	1	293	1	292	409
115	110	61.486	296	296	295	1	296	1	295	408
115	20	64.189	296	296	295	1	295	1	294	407
115	42	63.946	294	296	294	1	294	1	292	402
115	5	61.279	297	296	297	1	296	1	297	400
115	83	60.943	297	296	296	1	296	1	296	397
115	116	60.606	297	296	296	1	296	1	296	392
115	93	58.249	297	296	297	1	296	1	297	381
115	2	58.249	297	296	297	1	296	1	297	381
115	14	60.616	292	296	291	2	293	2	288	375
115	1	60.616	292	296	305	2	293	2	288	375
115	13	59.140	279	296	305	1	278	1	279	362
115	120	53.177	299	296	285	3	296	2	285	296
115	103	45.520	279	296	283	3	278	2	267	243
115	127	44.876	283	296	283	3	282	3	272	239
115	104	46.570	277	296	283	5	278	3	266	238
115	52	46.097	269	296	284	6	271	4	259	236
115	69	45.965	285	296	283	1	282	4	271	234
115	74	46.763	278	296	274	22	294	8	272	234
115	118	44.853	272	296	284	5	273	3	261	233
115	45	45.161	279	296	283	3	278	2	266	233
115	63	44.876	283	296	283	3	282	2	271	232
115	87	47.287	258	296	313	28	270	19	273	231
115	119	49.012	253	296	274	22	270	8	250	229
115	126	40.989	283	296	283	3	282	2	271	227
115	35	42.500	280	296	282	3	279	2	267	226
115	105	43.796	274	296	283	8	278	5	265	225
115	21	44.523	283	296	280	1	280	4	265	224
115	73	46.275	255	296	275	22	270	8	251	221
115	4	42.960	277	296	309	19	280	10	281	219
115	94	43.015	272	296	271	14	270	5	271	216
115	32	41.696	283	296	303	4	271	2	281	211
115	6	42.403	283	296	303	4	270	2	279	211
115	33	41.356	295	296	296	8	293	3	284	208
115	23	40.523	306	296	304	3	293	2	301	208
115	128	42.553	282	296	290	24	293	6	279	204
115	64	41.577	279	296	300	4	270	4	276	204
115	3	40.780	282	296	301	4	271	2	280	204
115	91	40.502	279	296	298	4	270	4	275	202
115	111	42.238	277	296	276	28	292	7	275	200
115	122	42.647	272	296	290	31	296	19	284	200
115	58	39.161	286	296	309	4	270	2	285	201
115	81	44.788	259	296	286	43	289	21	272	200
115	29	42.238	277	296	287	28	292	7	275	200
115	57	41.516	277	296	294	27	293	8	275	198
115	129	43.922	255	296	289	31	278	19	264	197
115	54	40.134	299	296	278	3	293	2	275	196
115	10	40.550	291	296	307	4	270	2	284	197
115	125	42.199	282	296	292	28	296	10	279	196
115	17	41.958	286	296	289	10	286	1	274	194
115	117	41.438	292	296	282	12	296	3	279	193
115	96	42.481	266	296	287	41	296	25	281	193
115	123	39.189	296	296	294	8	294	3	285	193
115	65	41.481	270	296	287	24	284	4	267	192
115	12	37.919	298	296	293	8	296	3	287	192
115	121	42.537	268	296	279	27	284	5	266	191
115	50	42.570	249	296	294	36	278	23	265	191
115	71	41.429	280	296	295	2	270	4	272	191
115	46	40.072	277	296	294	6	270	3	271	190
115	102	43.568	241	296	293	45	278	32	267	190
115	55	40.996	261	296	297	43	293	27	282	190
115	44	42.424	264	296	282	38	284	17	273	189
115	100	39.286	280	296	296	4	271	2	274	189
115	108	43.071	267	296	284	21	270	1	262	189
115	34	39.362	282	296	288	8	283	3	271	189
115	37	43.200	250	296	300	44	284	28	272	189
115	75	42.739	241	296	291	36	270	23	256	189
115	80	39.502	281	296	298	4	271	4	276	189
115	28	38.983	295	296	292	1	284	1	272	188
115	106	41.699	259	296	284	23	273	3	253	188
115	9	43.600	250	296	292	44	284	28	272	187
115	16	41.860	258	296	292	39	286	23	275	187
115	47	41.975	243	296	299	45	278	32	268	187
115	15	41.328	271	296	281	38	295	17	280	186
115	59	38.158	304	296	294	2	294	1	284	186
115	112	41.923	260	296	286	38	284	17	269	186
115	66	39.695	262	296	296	45	296	32	287	186
115	79	42.529	261	296	281	38	284	17	272	185
115	68	41.803	244	296	298	45	278	32	268	186
115	53	38.489	278	296	295	8	278	3	266	185
115	101	41.502	253	296	292	43	286	27	274	185
115	86	41.406	256	296	281	38	279	17	267	184
115	48	38.550	262	296	289	35	291	22	276	184
115	62	42.023	257	296	287	35	279	22	272	184
115	8	38.762	307	296	302	1	293	3	299	184
115	7	40.809	272	296	283	38	296	17	280	183
115	39	41.961	255	296	292	38	278	17	266	183
115	95	40.909	264	296	291	35	286	19	275	183
115	41	41.948	267	296	288	41	296	25	281	183
115	70	40.329	243	296	288	41	271	28	264	182
115	22	40.310	258	296	281	43	289	27	277	182
115	56	39.858	281	296	299	31	294	19	290	182
115	19	38.516	283	296	288	1	270	3	263	181
115	31	43.220	236	296	298	44	270	28	258	180
115	36	40.000	255	296	293	41	278	28	276	179
115	61	37.770	278	296	295	28	293	16	286	180
115	18	40.076	262	296	261	45	294	1	259	178
115	90	40.784	255	296	281	44	289	28	277	177
115	84	40.769	260	296	281	44	293	28	278	177
115	24	37.050	278	296	273	2	279	1	248	176
115	107	40.226	266	296	281	38	289	17	277	176
115	76	41.036	251	296	281	44	284	28	272	175
115	30	35.664	286	296	274	2	282	1	255	174
115	43	36.101	277	296	273	2	278	2	248	174
115	88	36.861	274	296	272	8	279	3	247	172
115	26	36.823	277	296	292	8	278	3	266	172
115	92	40.076	262	296	293	45	296	32	287	171
115	109	34.333	300	296	273	8	296	3	273	169
115	85	35.314	303	296	274	2	296	1	271	168
115	78	36.803	269	296	274	2	270	1	237	168
115	98	33.882	304	296	272	2	296	1	272	168
115	89	34.323	303	296	272	2	296	1	272	167
115	82	38.545	275	296	274	31	296	19	272	167
115	49	36.691	278	296	278	2	278	3	249	167
115	124	36.170	282	296	272	2	281	1	249	166
115	114	36.101	277	296	272	2	278	1	246	166
115	51	36.431	269	296	275	2	270	2	240	164
115	77	35.688	269	296	273	2	270	1	239	163
115	60	34.219	301	296	274	6	296	2	274	160
115	27	34.317	271	296	271	8	278	3	246	160
115	38	36.162	271	296	276	2	270	3	241	159
115	99	35.918	245	296	275	34	278	21	247	156
116	116	100.000	296	296	296	1	296	1	296	617
116	110	72.297	296	296	295	1	296	1	295	462
116	83	69.257	296	296	296	1	296	1	296	461
116	5	65.993	297	296	297	1	296	1	297	427
116	93	67.677	297	296	297	1	296	1	297	422
116	2	67.677	297	296	297	1	296	1	297	422
116	72	60.884	294	296	296	1	294	1	293	395
116	11	61.905	294	296	298	1	293	1	293	394
116	115	60.606	297	296	296	1	296	1	296	392
116	67	61.695	295	296	295	1	295	1	294	392
116	25	61.824	296	296	296	1	295	1	295	388
116	97	62.718	287	296	288	9	295	4	287	387
116	42	60.678	295	296	294	1	295	1	293	384
116	40	62.712	295	296	288	1	295	1	286	377
116	20	59.797	296	296	295	1	294	1	293	374
116	14	59.450	291	296	291	6	295	2	290	357
116	1	59.450	291	296	305	6	295	2	290	357
116	13	56.419	296	296	305	1	294	1	294	353
116	120	51.361	294	296	285	8	296	3	285	275
116	127	45.763	295	296	283	8	295	4	283	237
116	118	42.953	298	296	284	1	295	7	283	231
116	63	45.763	295	296	283	6	295	5	282	230
116	104	43.793	290	296	283	9	295	3	282	229
116	52	45.353	269	296	284	6	271	4	259	228
116	103	43.051	295	296	283	4	295	3	282	225
116	74	44.485	272	296	274	27	294	14	274	224
116	126	42.612	291	296	283	8	295	3	282	223
116	73	44.000	300	296	275	1	295	1	274	219
116	119	45.421	273	296	274	27	295	14	273	219
116	105	43.529	255	296	283	27	278	18	265	217
116	87	42.561	289	296	313	27	296	19	304	218
116	45	44.944	267	296	283	8	271	3	259	215
116	35	42.105	266	296	282	8	270	3	258	213
116	69	42.960	277	296	283	1	274	4	263	211
116	21	41.438	292	296	280	8	295	7	279	205
116	4	41.111	270	296	309	27	282	19	283	204
116	94	41.085	258	296	271	27	270	19	271	195
116	48	40.672	268	296	289	34	295	22	282	193
116	3	40.502	279	296	301	4	270	2	279	192
116	50	43.443	244	296	294	44	282	32	269	192
116	102	41.473	258	296	293	30	281	19	270	191
116	33	41.245	257	296	296	30	278	23	267	190
116	128	41.036	251	296	290	42	283	24	269	189
116	111	42.366	262	296	276	42	294	21	274	189
116	68	39.773	264	296	298	27	282	21	272	189
116	75	40.613	261	296	291	44	296	32	285	189
116	29	42.366	262	296	287	42	294	21	274	188
116	123	39.405	269	296	294	33	293	21	284	187
116	32	39.590	293	296	303	4	283	2	292	187
116	23	42.149	242	296	304	42	270	40	281	187
116	122	39.338	272	296	290	30	296	19	284	186
116	12	41.603	262	296	293	44	296	32	287	186
116	58	35.906	298	296	309	4	284	2	293	186
116	91	39.416	274	296	298	8	270	4	275	185
116	7	41.985	262	296	283	43	296	28	280	184
116	80	39.855	276	296	298	8	271	4	276	185
116	66	42.688	253	296	296	44	288	32	277	184
116	53	43.265	245	296	295	44	281	32	269	184
116	129	39.689	257	296	289	44	296	32	283	183
116	64	36.786	280	296	300	4	270	4	276	183
116	100	38.435	294	296	296	8	288	2	291	183
116	57	40.357	280	296	294	23	293	5	275	182
116	47	40.927	259	296	299	30	278	19	268	181
116	46	40.079	252	296	294	42	282	32	280	181
116	59	40.909	242	296	294	44	279	32	267	181
116	112	36.120	299	296	286	5	294	4	276	179
116	71	39.007	282	296	295	4	270	2	272	179
116	55	39.464	261	296	297	42	293	27	279	179
116	6	36.429	280	296	303	4	270	2	279	178
116	92	42.276	246	296	293	44	282	32	271	178
116	34	40.541	259	296	288	44	295	32	281	177
116	101	41.667	240	296	292	42	273	27	261	177
116	37	39.313	262	296	300	43	296	28	281	177
116	10	41.152	243	296	307	42	270	42	284	176
116	65	40.000	245	296	287	43	279	23	262	176
116	61	36.644	292	296	295	19	296	15	289	176
116	56	39.847	261	296	299	44	295	32	285	176
116	18	39.669	242	296	261	44	270	1	238	174
116	76	38.697	261	296	281	43	295	28	280	174
116	81	40.152	264	296	286	42	296	21	276	175
116	86	38.550	262	296	281	42	295	27	280	174
116	28	36.923	260	296	292	43	294	28	279	174
116	121	39.841	251	296	279	42	283	20	265	174
116	26	39.256	242	296	292	44	279	32	267	174
116	19	37.582	306	296	288	1	295	3	287	174
116	95	37.879	264	296	291	42	296	27	282	173
116	96	41.909	241	296	287	42	273	27	261	173
116	44	38.931	262	296	282	43	295	28	281	173
116	15	38.931	262	296	281	43	296	28	278	173
116	108	40.909	242	296	284	42	270	22	262	173
116	70	36.842	285	296	288	6	279	5	272	172
116	9	36.184	304	296	292	1	296	1	281	172
116	24	40.000	235	296	273	45	279	33	248	171
116	125	36.786	280	296	292	26	296	9	279	171
116	62	36.426	291	296	287	1	278	3	271	171
116	41	40.964	249	296	288	43	283	28	271	171
116	90	38.866	247	296	281	43	279	28	267	170
116	22	36.641	262	296	281	42	295	27	280	169
116	8	36.299	281	296	302	1	270	3	279	170
116	36	39.560	273	296	293	42	295	30	292	169
116	82	40.171	234	296	274	45	278	33	247	168
116	17	38.846	260	296	289	43	294	28	279	168
116	79	37.165	261	296	281	42	294	27	279	167
116	54	36.789	299	296	278	8	295	3	277	167
116	107	38.077	260	296	281	43	294	28	279	166
116	117	40.230	261	296	282	43	296	28	279	166
116	84	38.934	244	296	281	43	278	28	266	164
116	31	39.655	232	296	298	43	266	28	254	162
116	106	37.698	252	296	284	42	283	22	263	162
116	16	36.090	266	296	292	38	294	23	280	162
116	51	38.889	234	296	275	45	278	34	248	160
116	39	39.496	238	296	292	42	271	27	259	161
116	77	36.752	234	296	273	45	278	33	247	155
116	88	36.680	259	296	272	46	296	34	272	155
116	98	35.897	234	296	272	45	278	33	246	153
116	30	36.154	260	296	274	45	296	33	272	153
116	78	34.310	239	296	274	45	283	33	250	151
116	114	36.325	234	296	272	45	278	33	246	150
116	89	36.910	233	296	272	46	278	34	246	149
116	43	35.897	234	296	273	45	278	34	248	149
116	85	34.749	259	296	274	45	296	33	271	147
116	27	33.852	257	296	271	46	295	34	270	146
116	109	35.470	234	296	273	45	278	33	246	146
116	49	35.622	233	296	278	46	278	36	249	146
116	124	35.470	234	296	272	45	278	33	246	145
116	38	37.021	235	296	276	45	278	35	249	145
116	60	34.874	238	296	274	45	282	34	252	143
116	99	30.545	275	296	275	4	278	3	247	140
117	117	100.000	282	282	282	1	282	1	282	587
117	7	78.058	278	282	283	6	282	6	283	460
117	54	78.777	278	282	278	2	278	2	277	459
117	15	75.532	282	282	281	2	282	2	281	449
117	44	75.445	281	282	282	1	278	1	281	445
117	79	73.285	277	282	281	3	277	3	279	435
117	9	72.993	274	282	292	6	277	6	279	432
117	95	72.202	277	282	291	6	279	6	282	431
117	22	71.326	279	282	281	2	278	2	280	429
117	101	74.088	274	282	292	6	277	6	279	429
117	31	70.463	281	282	298	3	281	3	283	427
117	17	71.631	282	282	289	3	282	3	284	426
117	76	70.504	278	282	281	3	278	3	280	422
117	37	69.176	279	282	300	3	279	3	281	419
117	84	70.504	278	282	281	3	278	3	280	418
117	41	71.014	276	282	288	3	276	3	278	417
117	65	72.453	265	282	287	14	276	9	273	415
117	86	72.302	278	282	281	3	278	3	280	414
117	55	69.203	276	282	297	4	276	4	279	412
117	90	69.065	278	282	281	3	278	3	280	407
117	16	67.376	282	282	292	4	282	4	285	405
117	107	68.132	273	282	281	7	277	7	279	404
117	57	69.549	266	282	294	14	276	10	275	398
117	28	67.870	277	282	292	4	277	4	279	398
117	81	67.159	271	282	286	12	279	6	276	391
117	111	68.539	267	282	276	14	277	8	274	390
117	29	68.539	267	282	287	14	277	8	274	390
117	39	68.613	274	282	292	6	277	6	279	386
117	128	65.441	272	282	290	14	282	11	282	383
117	112	64.835	273	282	286	6	277	6	276	378
117	106	67.300	263	282	284	14	275	9	269	377
117	121	65.799	269	282	279	11	276	4	272	372
117	125	65.056	269	282	292	14	279	11	279	371
117	96	65.441	272	282	287	12	280	12	282	369
117	71	53.287	289	282	295	3	279	10	295	280
117	91	51.119	268	282	298	3	259	12	278	270
117	100	51.471	272	282	296	6	264	13	280	269
117	46	53.285	274	282	294	3	265	9	279	267
117	23	50.179	279	282	304	14	278	27	303	263
117	80	51.119	268	282	298	3	256	12	275	261
117	6	51.538	260	282	303	24	270	35	292	256
117	32	52.569	253	282	303	16	256	29	280	255
117	3	48.708	271	282	301	3	256	10	279	254
117	10	53.815	249	282	307	22	256	37	284	253
117	64	47.407	270	282	300	3	256	8	276	251
117	108	50.196	255	282	284	14	256	9	262	249
117	8	52.381	252	282	302	16	256	29	279	247
117	18	52.479	242	282	261	29	257	1	239	245
117	58	49.020	255	282	309	15	256	32	285	245
117	123	44.727	275	282	294	1	268	1	271	234
117	12	42.612	291	282	293	1	279	1	287	231
117	66	43.911	271	282	296	1	264	1	267	231
117	26	43.704	270	282	292	1	264	1	266	227
117	48	43.878	294	282	289	1	278	1	282	226
117	33	43.173	271	282	296	1	264	1	267	226
117	94	47.692	260	282	271	7	256	13	271	225
117	4	46.269	268	282	309	7	264	13	279	225
117	59	42.336	274	282	294	1	268	1	270	224
117	87	43.151	292	282	313	7	279	13	304	223
117	50	44.444	270	282	294	1	264	1	265	221
117	61	43.003	293	282	295	1	279	1	289	220
117	75	41.156	294	282	291	1	279	1	285	220
117	92	42.268	291	282	293	1	279	1	287	219
117	102	41.034	290	282	293	1	282	1	286	219
117	53	42.066	271	282	295	1	264	1	266	219
117	56	42.612	291	282	299	1	280	1	287	219
117	62	42.958	284	282	287	4	278	8	286	218
117	34	40.741	270	282	288	1	267	1	266	217
117	47	44.526	274	282	299	1	264	1	268	218
117	122	42.143	280	282	290	6	279	9	284	215
117	36	41.379	290	282	293	3	278	6	292	214
117	19	41.958	286	282	288	3	278	6	287	213
117	68	43.682	277	282	298	1	267	1	271	212
117	70	43.145	248	282	288	17	256	20	263	210
117	129	41.221	262	282	289	4	264	8	264	209
117	120	43.493	292	282	285	1	279	1	285	205
117	104	47.186	231	282	283	29	256	36	258	204
117	24	41.418	268	282	273	1	264	1	247	201
117	105	42.146	261	282	283	3	256	5	257	194
117	115	41.438	292	282	296	3	279	12	296	193
117	45	42.481	266	282	283	1	256	1	258	191
117	40	43.023	258	282	288	28	278	36	286	191
117	118	41.762	261	282	284	3	256	6	258	190
117	109	39.643	280	282	273	1	273	1	257	189
117	67	40.468	299	282	295	2	278	3	294	189
117	77	38.078	281	282	273	1	271	1	260	187
117	114	38.519	270	282	272	1	266	1	248	186
117	82	39.615	260	282	274	1	256	1	239	186
117	88	38.745	271	282	272	1	266	1	248	185
117	25	39.535	301	282	296	2	282	3	296	186
117	78	37.453	267	282	274	1	264	1	245	184
117	89	38.060	268	282	272	1	264	1	246	183
117	97	41.241	274	282	288	14	278	21	287	183
117	72	38.514	296	282	296	3	279	4	292	183
117	52	41.245	257	282	284	3	256	10	258	183
117	103	41.155	277	282	283	1	266	1	269	183
117	35	38.144	291	282	282	1	278	1	281	182
117	74	40.288	278	282	274	6	278	6	273	182
117	30	39.033	269	282	274	1	264	1	246	182
117	38	36.803	269	282	276	1	264	3	249	180
117	127	39.116	294	282	283	2	278	3	283	180
117	5	42.366	262	282	297	28	279	44	297	180
117	60	36.029	272	282	274	3	272	8	256	179
117	69	41.176	255	282	283	29	278	37	282	179
117	51	35.448	268	282	275	11	276	15	260	178
117	83	40.996	261	282	296	28	279	43	296	179
117	85	36.900	271	282	274	1	267	1	249	177
117	126	40.449	267	282	283	1	256	1	259	177
117	124	37.269	271	282	272	1	266	1	248	177
117	119	42.471	259	282	274	24	278	26	273	176
117	20	39.726	292	282	295	3	277	12	293	176
117	110	39.231	260	282	295	28	279	43	295	174
117	42	42.146	261	282	294	28	282	43	294	174
117	98	34.657	277	282	272	1	272	1	255	173
117	27	36.538	260	282	271	1	256	1	238	172
117	73	37.993	279	282	275	3	278	7	274	172
117	49	37.175	269	282	278	1	264	3	249	172
117	63	43.103	232	282	283	29	257	37	260	170
117	99	34.328	268	282	275	1	264	1	247	169
117	14	39.130	299	282	291	2	278	3	290	169
117	43	35.316	269	282	273	1	264	2	248	168
117	1	38.870	301	282	305	2	280	3	292	169
117	11	38.488	291	282	298	2	272	3	286	168
117	116	40.230	261	282	296	28	279	43	296	166
117	21	37.762	286	282	280	6	278	6	279	163
117	93	39.847	261	282	297	28	279	44	297	162
117	2	39.847	261	282	297	28	279	44	297	162
117	13	40.400	250	282	305	12	252	28	267	160
118	118	100.000	284	284	284	1	284	1	284	592
118	52	85.915	284	284	284	1	284	1	284	514
118	105	80.986	284	284	283	1	284	1	283	487
118	104	74.205	283	284	283	1	283	1	283	444
118	126	68.683	281	284	283	3	283	4	283	409
118	45	68.817	279	284	283	9	284	6	283	405
118	35	67.972	281	284	282	6	283	3	282	388
118	69	60.638	282	284	283	2	283	3	283	371
118	63	61.348	282	284	283	2	283	3	283	369
118	103	63.082	279	284	283	6	284	7	283	363
118	127	60.806	273	284	283	10	282	12	283	348
118	119	53.763	279	284	274	8	282	1	273	282
118	74	52.434	267	284	274	19	283	14	274	276
118	73	51.786	280	284	275	8	283	1	274	272
118	97	51.128	266	284	288	2	261	3	265	255
118	21	48.936	282	284	280	2	283	3	279	246
118	25	45.085	295	284	296	4	284	6	296	244
118	72	46.324	272	284	296	4	261	6	272	243
118	40	47.222	288	284	288	3	284	5	288	242
118	42	49.265	272	284	294	19	283	27	294	241
118	67	47.584	269	284	295	1	261	7	272	239
118	93	44.792	288	284	297	6	283	12	296	238
118	2	44.792	288	284	297	6	283	12	296	238
118	14	45.196	281	284	291	9	283	14	291	236
118	1	45.196	281	284	305	9	283	14	291	235
118	115	44.853	272	284	296	3	261	5	273	233
118	116	42.953	298	284	296	7	283	1	295	231
118	11	47.191	267	284	298	4	261	10	273	231
118	5	42.517	294	284	297	4	283	6	296	229
118	83	41.980	293	284	296	4	283	6	295	228
118	120	45.423	284	284	285	9	282	6	284	226
118	110	42.466	292	284	295	4	283	6	294	226
118	20	46.457	254	284	295	14	261	24	274	221
118	13	42.806	278	284	305	12	283	22	296	215
118	81	45.868	242	284	286	36	266	23	261	208
118	87	43.333	270	284	313	36	283	36	303	208
118	96	43.411	258	284	287	19	266	13	266	206
118	31	41.319	288	284	298	8	284	1	282	204
118	111	40.794	277	284	276	19	284	7	276	201
118	29	41.961	255	284	287	19	262	7	257	200
118	84	41.319	288	284	281	8	283	1	281	199
118	30	41.825	263	284	274	10	272	7	252	199
118	55	44.538	238	284	297	36	262	29	263	200
118	4	39.604	303	284	309	3	283	2	301	199
118	106	41.948	267	284	284	19	278	8	267	198
118	128	40.562	249	284	290	31	268	21	266	198
118	88	41.897	253	284	272	14	266	11	246	196
118	41	41.923	260	284	288	31	280	24	278	197
118	32	38.929	280	284	303	3	259	3	281	197
118	94	42.578	256	284	271	19	258	19	271	196
118	64	39.927	273	284	300	3	258	5	276	196
118	79	39.161	286	284	281	8	282	1	279	196
118	95	40.418	287	284	291	8	283	1	281	196
118	54	38.869	283	284	278	8	283	1	278	196
118	33	37.979	287	284	296	10	284	7	288	195
118	107	39.373	287	284	281	8	284	1	281	194
118	9	37.895	285	284	292	8	282	1	279	193
118	102	42.164	268	284	293	31	283	27	286	193
118	28	40.000	280	284	292	14	282	7	279	193
118	65	42.912	261	284	287	18	268	7	263	192
118	76	38.889	288	284	281	8	284	1	281	192
118	10	40.449	267	284	307	22	269	33	288	193
118	109	42.194	237	284	273	30	266	26	246	192
118	44	40.769	260	284	282	36	284	29	282	192
118	125	40.625	256	284	292	17	261	8	259	192
118	16	42.000	250	284	292	21	259	15	260	192
118	37	42.194	237	284	300	36	262	29	262	192
118	58	40.698	258	284	309	19	258	30	285	192
118	15	40.141	284	284	281	8	284	1	281	191
118	86	37.413	286	284	281	8	283	1	281	191
118	50	40.078	257	284	294	27	275	23	274	191
118	48	42.149	242	284	289	26	260	22	257	190
118	117	41.762	261	284	282	6	258	3	256	190
118	23	39.300	257	284	304	19	258	26	281	191
118	90	39.768	259	284	281	36	284	29	281	190
118	6	38.686	274	284	303	10	258	6	279	189
118	46	40.892	269	284	294	10	258	5	271	189
118	122	42.578	256	284	290	13	258	10	256	188
118	7	40.458	262	284	283	30	282	23	279	188
118	123	38.931	262	284	294	14	266	10	267	188
118	112	38.571	280	284	286	11	282	4	276	188
118	57	39.689	257	284	294	15	260	5	257	188
118	124	38.911	257	284	272	10	266	7	246	187
118	53	41.353	266	284	295	29	280	24	283	187
118	12	39.841	251	284	293	27	268	23	269	187
118	101	38.869	283	284	292	11	282	4	279	187
118	61	38.028	284	284	295	13	282	10	288	186
118	80	39.600	250	284	298	30	264	32	281	186
118	89	40.075	267	284	272	10	276	7	252	186
118	39	40.000	275	284	292	20	282	14	279	186
118	60	39.623	265	284	274	3	266	1	248	185
118	121	39.370	254	284	279	19	261	6	255	184
118	100	38.267	277	284	296	3	264	7	279	185
118	66	41.502	253	284	296	26	268	21	269	185
118	47	41.393	244	284	299	36	268	32	270	184
118	68	42.449	245	284	298	26	258	21	260	184
118	43	37.589	282	284	273	3	282	1	266	184
118	17	39.259	270	284	289	10	268	3	268	183
118	26	40.800	250	284	292	27	268	23	268	183
118	71	39.706	272	284	295	3	258	3	272	183
118	18	41.270	252	284	261	36	271	1	250	181
118	51	40.152	264	284	275	3	266	1	248	181
118	38	38.636	264	284	276	3	266	2	249	181
118	22	40.167	239	284	281	36	264	29	263	181
118	3	38.929	280	284	301	4	259	4	280	181
118	56	38.889	270	284	299	13	268	10	272	180
118	78	37.594	266	284	274	10	275	7	251	179
118	92	41.350	237	284	293	31	258	27	259	180
118	49	38.868	265	284	278	3	266	2	249	179
118	59	37.079	267	284	294	10	268	7	268	179
118	24	36.996	273	284	273	10	282	7	259	178
118	75	40.891	247	284	291	27	266	23	264	178
118	34	41.250	240	284	288	27	258	23	255	178
118	91	37.729	273	284	298	3	258	9	275	179
118	114	39.080	261	284	272	10	270	7	246	177
118	19	41.509	265	284	288	32	283	28	287	177
118	77	37.154	253	284	273	14	266	11	247	176
118	70	37.681	276	284	288	20	282	19	287	176
118	27	37.313	268	284	271	6	273	3	249	175
118	108	38.060	268	284	284	22	269	11	266	174
118	129	42.553	235	284	289	36	258	32	256	174
118	36	39.437	284	284	293	18	283	17	292	173
118	82	39.764	254	284	274	13	266	10	247	172
118	98	36.759	253	284	272	14	266	11	246	171
118	85	37.549	253	284	274	14	266	11	246	169
118	62	35.739	291	284	287	6	283	2	286	168
118	8	37.631	287	284	302	4	269	16	283	167
118	99	37.603	242	284	275	32	272	28	250	159
119	119	100.000	274	274	274	1	274	1	274	568
119	74	71.795	273	274	274	1	273	1	273	425
119	73	72.000	275	274	275	1	274	1	275	412
119	21	55.000	280	274	280	2	273	2	279	295
119	127	54.924	264	274	283	14	273	21	283	293
119	52	54.255	282	274	284	4	273	3	282	286
119	35	53.788	264	274	282	14	273	19	281	283
119	118	53.763	279	274	284	1	273	8	282	282
119	69	51.786	280	274	283	4	273	4	282	282
119	126	52.518	278	274	283	1	273	9	282	282
119	104	54.182	275	274	283	5	273	12	282	279
119	105	51.625	277	274	283	1	271	7	279	278
119	45	52.206	272	274	283	6	273	11	281	277
119	63	51.625	277	274	283	4	273	8	282	272
119	103	51.439	278	274	283	7	273	7	282	271
119	97	49.265	272	274	288	14	273	20	287	236
119	42	47.331	281	274	294	5	273	18	293	232
119	120	50.388	258	274	285	28	273	30	284	231
119	67	46.503	286	274	295	1	274	14	295	231
119	115	49.012	253	274	296	8	250	22	270	229
119	25	48.583	247	274	296	14	250	28	270	229
119	20	47.584	269	274	295	14	272	29	293	228
119	110	45.000	280	274	295	6	273	19	294	226
119	11	48.361	244	274	298	17	250	31	270	224
119	40	46.520	273	274	288	12	273	18	286	224
119	14	45.788	273	274	291	12	273	22	290	224
119	1	45.788	273	274	305	12	273	22	290	224
119	72	47.368	247	274	296	14	250	27	269	223
119	13	44.649	271	274	305	13	272	28	294	220
119	116	45.421	273	274	296	14	273	27	295	219
119	83	43.728	279	274	296	10	272	18	292	216
119	87	40.625	288	274	313	11	273	16	303	215
119	5	43.682	277	274	297	11	273	25	296	210
119	93	46.825	252	274	297	14	250	28	271	208
119	2	46.825	252	274	297	14	250	28	271	208
119	4	43.333	270	274	309	1	252	7	273	202
119	94	42.537	268	274	271	1	250	7	271	200
119	95	41.667	288	274	291	1	273	1	281	193
119	128	42.460	252	274	290	12	250	8	256	191
119	23	39.464	261	274	304	11	251	23	282	190
119	81	42.182	275	274	286	13	274	6	276	189
119	47	42.857	252	274	299	19	255	20	265	189
119	111	43.307	254	274	276	14	253	7	256	188
119	29	43.307	254	274	287	14	253	7	256	188
119	33	44.094	254	274	296	19	258	20	267	188
119	18	43.388	242	274	261	31	252	1	240	185
119	32	39.526	253	274	303	17	250	31	280	186
119	55	41.603	262	274	297	5	253	5	262	185
119	3	38.989	277	274	301	4	250	3	279	185
119	6	40.541	259	274	303	16	251	22	280	184
119	10	39.844	256	274	307	12	246	28	280	184
119	7	39.789	284	274	283	1	273	1	279	183
119	112	39.695	262	274	286	1	253	1	258	183
119	125	40.551	254	274	292	14	254	10	260	183
119	58	38.889	270	274	309	8	257	24	290	183
119	96	39.643	280	274	287	13	271	12	278	182
119	57	43.028	251	274	294	13	250	8	255	182
119	43	40.486	247	274	273	32	273	34	266	181
119	108	41.393	244	274	284	27	250	20	262	180
119	102	39.245	265	274	293	19	271	20	280	180
119	54	40.909	264	274	278	21	273	19	277	180
119	71	41.339	254	274	295	14	250	20	272	180
119	37	39.362	282	274	300	5	273	5	280	180
119	75	39.615	260	274	291	19	269	20	275	179
119	121	40.551	254	274	279	13	253	5	255	179
119	17	41.250	240	274	289	26	253	24	261	179
119	31	39.852	271	274	298	1	259	1	267	179
119	12	40.149	269	274	293	19	274	20	277	178
119	60	42.373	236	274	274	32	263	34	255	177
119	86	39.419	241	274	281	22	250	20	258	176
119	64	39.850	266	274	300	7	251	12	277	177
119	117	42.471	259	274	282	26	273	24	278	176
119	41	40.458	262	274	288	1	250	1	258	176
119	78	41.485	229	274	274	32	258	33	245	176
119	106	41.129	248	274	284	12	250	6	250	176
119	8	39.502	281	274	302	4	250	3	279	176
119	123	40.293	273	274	294	15	274	17	277	176
119	90	38.760	258	274	281	7	250	3	258	175
119	88	39.419	241	274	272	20	258	21	246	175
119	46	38.951	267	274	294	6	250	8	271	175
119	39	41.176	238	274	292	25	250	23	258	175
119	91	38.618	246	274	298	25	252	32	277	175
119	62	36.934	287	274	287	2	273	5	286	174
119	48	38.745	271	274	289	19	274	20	283	174
119	124	39.754	244	274	272	20	261	21	249	174
119	109	40.244	246	274	273	15	258	17	246	174
119	19	40.310	258	274	288	15	252	11	265	174
119	101	40.076	262	274	292	26	269	24	283	174
119	100	38.290	269	274	296	5	253	8	276	174
119	26	38.007	271	274	292	19	274	20	286	174
119	80	37.828	267	274	298	5	250	10	275	174
119	50	40.586	239	274	294	19	246	20	253	174
119	30	38.843	242	274	274	20	258	21	246	173
119	65	42.126	254	274	287	10	251	4	254	173
119	79	41.016	256	274	281	10	251	9	259	172
119	107	40.417	240	274	281	26	253	24	261	172
119	15	40.385	260	274	281	1	251	1	256	172
119	56	37.778	270	274	299	19	273	20	285	171
119	84	40.167	239	274	281	26	250	24	258	170
119	28	38.028	284	274	292	1	272	1	279	170
119	44	38.258	264	274	282	26	273	24	281	169
119	38	40.870	230	274	276	32	258	35	249	169
119	53	38.672	256	274	295	19	262	20	270	169
119	16	39.419	241	274	292	25	250	23	259	169
119	122	40.711	253	274	290	15	258	17	264	169
119	68	38.000	250	274	298	19	254	20	264	169
119	49	40.351	228	274	278	33	258	36	249	168
119	114	39.837	246	274	272	15	258	17	246	168
119	34	37.175	269	274	288	19	274	20	282	168
119	70	39.256	242	274	288	24	250	25	263	168
119	24	39.754	244	274	273	15	258	17	247	167
119	9	36.972	284	274	292	1	272	1	279	168
119	66	39.344	244	274	296	19	250	20	259	168
119	89	39.256	242	274	272	20	258	21	246	165
119	59	35.857	251	274	294	19	258	20	266	166
119	36	38.433	268	274	293	27	273	28	292	166
119	92	38.971	272	274	293	19	273	20	286	165
119	27	39.912	228	274	271	33	258	34	246	164
119	85	39.184	245	274	274	19	258	17	246	164
119	129	39.921	253	274	289	15	258	17	264	165
119	82	39.382	259	274	274	3	258	7	247	164
119	51	40.175	229	274	275	32	258	34	248	164
119	77	36.260	262	274	273	25	274	26	273	162
119	76	38.521	257	274	281	15	253	14	261	160
119	61	39.286	252	274	295	14	251	16	262	160
119	22	36.364	264	274	281	26	273	24	280	159
119	98	38.211	246	274	272	15	258	17	246	158
119	99	37.555	229	274	275	33	258	34	247	150
12	12	100.000	293	293	293	1	293	1	293	617
12	53	83.784	296	293	295	1	293	1	295	528
12	66	82.095	296	293	296	1	293	1	296	528
12	123	81.570	293	293	294	1	291	1	293	513
12	26	80.546	293	293	292	1	293	1	292	509
12	50	82.432	296	293	294	1	293	1	294	499
12	59	78.983	295	293	294	1	293	1	294	489
12	75	78.378	296	293	291	1	293	1	291	481
12	48	77.133	293	293	289	1	293	1	289	475
12	92	74.061	293	293	293	1	293	1	293	466
12	34	74.744	293	293	288	1	293	1	288	461
12	33	70.608	296	293	296	1	293	1	296	445
12	102	71.331	293	293	293	1	293	1	293	444
12	61	68.475	295	293	295	1	293	1	295	439
12	47	69.333	300	293	299	1	293	1	299	432
12	56	68.562	299	293	299	1	292	1	299	428
12	68	69.231	299	293	298	1	293	1	298	421
12	122	63.481	293	293	290	1	293	1	290	397
12	129	64.164	293	293	289	1	293	1	289	393
12	109	47.797	295	293	273	1	287	1	273	263
12	88	48.134	268	293	272	1	267	1	246	251
12	77	44.898	294	293	273	1	287	1	273	247
12	27	45.734	293	293	271	1	287	1	271	247
12	114	48.881	268	293	272	1	267	1	246	246
12	78	45.763	295	293	274	1	286	1	273	246
12	43	47.636	275	293	273	1	273	2	254	246
12	24	48.905	274	293	273	1	273	1	253	244
12	30	45.788	273	293	274	1	271	1	251	244
12	82	45.620	274	293	274	1	272	1	253	243
12	124	47.101	276	293	272	1	272	1	254	243
12	38	46.931	277	293	276	1	275	3	257	243
12	85	45.918	294	293	274	1	287	1	271	243
12	89	43.206	287	293	272	1	286	1	265	239
12	98	45.421	273	293	272	1	272	1	251	239
12	51	45.848	277	293	275	1	275	2	256	238
12	99	44.526	274	293	275	1	273	1	253	236
12	49	45.725	269	293	278	1	267	3	249	235
12	17	45.487	277	293	289	1	270	1	269	234
12	54	44.876	283	293	278	2	278	2	273	232
12	100	45.390	282	293	296	3	268	2	281	232
12	36	42.373	295	293	293	7	286	2	292	232
12	117	42.612	291	293	282	1	287	1	279	231
12	23	43.662	284	293	304	2	259	2	281	230
12	9	44.030	268	293	292	7	267	4	266	230
12	91	42.960	277	293	298	3	264	4	280	230
12	70	46.281	242	293	288	32	268	32	272	229
12	7	42.456	285	293	283	8	287	5	280	229
12	60	43.390	295	293	274	1	287	2	274	228
12	71	44.203	276	293	295	3	268	6	280	227
12	31	42.435	271	293	298	7	269	3	268	227
12	95	44.565	276	293	291	23	291	20	286	227
12	44	42.182	275	293	282	1	268	1	268	226
12	101	43.321	277	293	292	8	276	5	274	224
12	111	43.116	276	293	276	12	277	3	269	224
12	29	43.233	266	293	287	12	267	3	261	224
12	32	42.049	283	293	303	3	259	2	280	224
12	15	42.857	280	293	281	2	276	2	271	223
12	19	44.574	258	293	288	23	271	23	275	223
12	62	43.686	293	293	287	7	286	2	286	223
12	106	44.867	263	293	284	12	268	4	259	223
12	96	42.391	276	293	287	12	275	9	282	222
12	28	41.509	265	293	292	12	269	9	268	222
12	39	42.481	266	293	292	10	270	7	269	222
12	84	41.697	271	293	281	8	270	5	269	222
12	107	44.238	269	293	281	8	270	5	269	221
12	6	42.553	282	293	303	3	259	2	279	222
12	41	42.034	295	293	288	3	289	3	283	221
12	46	43.956	273	293	294	3	259	2	271	221
12	57	42.391	276	293	294	17	287	10	278	221
12	76	42.379	269	293	281	8	268	5	267	220
12	90	41.791	268	293	281	8	269	5	268	219
12	10	41.463	287	293	307	3	259	2	284	220
12	112	43.015	272	293	286	17	281	14	279	219
12	58	45.059	253	293	309	28	264	42	290	219
12	80	42.599	277	293	298	3	264	4	280	218
12	64	39.474	304	293	300	3	287	4	297	218
12	16	42.188	256	293	292	17	267	14	267	218
12	81	41.135	282	293	286	17	291	8	280	217
12	37	42.238	277	293	300	17	287	14	281	216
12	125	41.699	259	293	292	17	267	8	264	215
12	128	39.033	269	293	290	8	269	2	266	215
12	55	40.753	292	293	297	1	287	1	282	215
12	22	43.775	249	293	281	25	267	22	266	214
12	79	41.606	274	293	281	3	268	3	267	214
12	65	42.908	282	293	287	15	290	7	279	213
12	18	46.091	243	293	261	32	264	1	243	212
12	3	39.636	275	293	301	3	259	6	279	210
12	86	41.379	261	293	281	26	279	23	279	209
12	108	42.969	256	293	284	17	259	9	262	209
12	87	40.000	275	293	313	32	292	36	308	209
12	121	39.695	262	293	279	12	268	2	261	208
12	4	41.365	249	293	309	32	270	36	282	209
12	94	42.017	238	293	271	32	259	36	271	206
12	69	41.096	292	293	283	1	286	5	282	205
12	127	40.614	293	293	283	3	286	8	283	203
12	126	39.796	294	293	283	2	276	2	282	202
12	45	39.931	288	293	283	3	286	7	281	201
12	8	41.455	275	293	302	3	259	6	279	201
12	52	39.024	287	293	284	3	276	6	283	198
12	103	40.278	288	293	283	3	286	11	281	197
12	63	40.530	264	293	283	3	261	7	261	195
12	72	39.502	281	293	296	3	267	8	277	194
12	104	39.100	289	293	283	3	286	6	282	193
12	74	41.091	275	293	274	17	286	15	273	193
12	83	42.975	242	293	296	32	267	44	278	193
12	120	38.176	296	293	285	1	287	1	285	192
12	105	38.603	272	293	283	3	269	5	267	192
12	67	40.809	272	293	295	21	287	33	295	192
12	115	37.919	298	293	296	3	287	8	296	192
12	35	37.075	294	293	282	2	286	2	281	191
12	40	38.489	278	293	288	1	269	2	272	190
12	20	39.711	277	293	295	1	267	10	279	189
12	25	40.370	270	293	296	22	286	35	295	189
12	97	40.000	265	293	288	3	259	7	262	188
12	118	39.841	251	293	284	23	269	27	268	187
12	73	42.570	249	293	275	17	259	15	251	186
12	5	39.855	276	293	297	3	268	12	280	186
12	116	41.603	262	293	296	32	287	44	296	186
12	42	40.000	270	293	294	22	286	34	293	185
12	11	36.755	302	293	298	1	285	2	294	182
12	93	39.116	294	293	297	3	278	12	294	180
12	2	39.116	294	293	297	3	278	12	294	180
12	110	35.354	297	293	295	3	287	8	295	180
12	119	40.149	269	293	274	20	277	19	274	178
12	14	35.986	289	293	291	3	286	12	290	177
12	1	35.986	289	293	305	3	286	12	290	177
12	13	39.200	250	293	305	23	267	37	279	176
12	21	36.462	277	293	280	3	276	7	272	169
120	120	100.000	285	285	285	1	285	1	285	592
120	97	56.993	286	285	288	3	284	7	287	310
120	67	54.545	297	285	295	2	284	3	294	304
120	115	53.177	299	285	296	2	285	3	296	296
120	40	54.671	289	285	288	2	284	3	286	296
120	42	51.852	297	285	294	2	284	3	293	288
120	5	50.000	294	285	297	3	285	8	297	288
120	14	52.740	292	285	291	2	284	3	290	286
120	1	52.740	292	285	305	2	284	3	290	287
120	11	50.000	290	285	298	3	282	8	293	285
120	20	50.680	294	285	295	3	283	4	293	285
120	72	51.890	291	285	296	3	283	8	293	280
120	25	50.853	293	285	296	3	284	8	295	279
120	116	51.361	294	285	296	3	285	8	296	275
120	110	49.655	290	285	295	1	285	10	295	272
120	83	48.980	294	285	296	3	285	8	296	270
120	93	50.169	295	285	297	3	285	8	297	268
120	2	50.169	295	285	297	3	285	8	297	268
120	13	48.475	295	285	305	3	283	4	294	268
120	104	47.751	289	285	283	4	284	3	282	247
120	35	45.517	290	285	282	1	284	1	281	245
120	45	44.138	290	285	283	1	284	1	281	239
120	127	44.828	290	285	283	2	284	3	283	238
120	126	45.205	292	285	283	1	284	1	282	234
120	119	50.388	258	285	274	30	284	28	273	231
120	73	43.750	288	285	275	1	284	1	274	231
120	103	44.674	291	285	283	1	284	1	282	231
120	74	45.263	285	285	274	6	284	6	273	231
120	69	44.755	286	285	283	3	284	7	282	230
120	105	44.599	287	285	283	1	282	3	279	227
120	118	45.423	284	285	284	6	284	9	282	226
120	87	42.295	305	285	313	4	285	6	304	227
120	52	45.296	287	285	284	3	284	6	282	225
120	63	43.643	291	285	283	1	284	1	282	221
120	94	44.195	267	285	271	11	261	13	271	214
120	21	43.509	285	285	280	3	284	7	279	213
120	4	39.933	298	285	309	11	285	13	302	214
120	101	45.113	266	285	292	8	264	4	261	208
120	15	43.729	295	285	281	1	285	1	278	208
120	80	42.960	277	285	298	5	262	2	276	206
120	19	41.695	295	285	288	3	284	6	287	205
120	117	43.493	292	285	282	1	285	1	279	205
120	22	40.339	295	285	281	1	284	1	280	204
120	111	42.806	278	285	276	17	283	7	274	204
120	29	42.599	277	285	287	17	283	7	274	204
120	39	43.678	261	285	292	11	262	7	259	203
120	28	41.017	295	285	292	1	285	1	281	202
120	17	41.791	268	285	289	7	265	3	262	202
120	54	41.007	278	285	278	1	270	1	264	201
120	44	40.816	294	285	282	1	284	1	281	201
120	91	41.818	275	285	298	5	261	2	275	201
120	31	42.373	295	285	298	1	285	1	281	201
120	100	42.857	280	285	296	7	265	2	277	200
120	112	41.319	288	285	286	5	283	5	276	200
120	64	39.527	296	285	300	3	284	4	299	200
120	7	42.379	269	285	283	1	261	1	257	199
120	16	42.007	269	285	292	4	262	4	260	199
120	41	41.611	298	285	288	1	285	1	281	199
120	79	43.911	271	285	281	1	261	1	258	198
120	71	39.175	291	285	295	3	284	6	294	198
120	76	41.297	293	285	281	1	284	1	280	197
120	70	39.394	297	285	288	1	284	1	287	197
120	6	39.568	278	285	303	3	261	2	279	197
120	121	41.241	274	285	279	15	278	4	267	196
120	50	40.288	278	285	294	2	273	2	269	197
120	23	38.790	281	285	304	1	261	1	281	197
120	128	41.948	267	285	290	17	273	10	268	196
120	58	40.541	259	285	309	14	261	27	285	197
120	95	40.559	286	285	291	11	285	7	282	196
120	46	41.754	285	285	294	3	275	5	282	196
120	57	42.969	256	285	294	17	262	9	256	196
120	55	41.155	277	285	297	4	270	4	266	196
120	9	43.051	295	285	292	1	285	1	281	196
120	123	36.149	296	285	294	1	285	1	287	195
120	86	41.017	295	285	281	1	284	1	280	195
120	90	40.816	294	285	281	1	284	1	280	195
120	10	39.338	272	285	307	2	261	26	284	195
120	37	40.484	289	285	300	7	285	3	281	194
120	102	36.913	298	285	293	1	285	1	287	193
120	92	37.162	296	285	293	1	285	1	287	193
120	12	38.176	296	285	293	1	285	1	287	192
120	32	40.873	252	285	303	20	261	29	280	192
120	81	41.727	278	285	286	18	285	8	276	192
120	33	39.643	280	285	296	2	269	2	267	191
120	106	41.797	256	285	284	17	264	8	253	191
120	125	40.357	280	285	292	17	285	10	279	191
120	36	37.124	299	285	293	4	284	3	292	191
120	108	41.667	252	285	284	20	261	11	262	191
120	68	38.276	290	285	298	1	278	1	277	191
120	62	38.095	294	285	287	3	284	6	286	190
120	107	42.268	291	285	281	7	283	3	279	190
120	3	38.603	272	285	301	1	261	8	279	191
120	48	38.246	285	285	289	1	276	1	270	189
120	8	39.051	274	285	302	3	261	6	279	189
120	65	41.429	280	285	287	17	275	8	278	188
120	66	36.972	284	285	296	1	277	1	275	186
120	96	41.985	262	285	287	16	264	12	261	186
120	84	39.114	271	285	281	1	262	1	259	186
120	18	44.583	240	285	261	33	261	1	238	184
120	47	39.382	259	285	299	24	269	23	268	184
120	75	37.288	295	285	291	1	285	1	285	184
120	122	36.177	293	285	290	1	285	1	284	184
120	34	37.113	291	285	288	1	284	1	281	183
120	26	36.735	294	285	292	1	284	1	285	183
120	53	36.957	276	285	295	1	269	1	266	181
120	59	35.145	276	285	294	1	270	1	267	179
120	129	36.644	292	285	289	1	285	1	283	179
120	56	38.376	271	285	299	24	284	23	285	176
120	109	37.407	270	285	273	1	270	1	247	174
120	61	36.545	301	285	295	1	285	1	289	174
120	43	37.063	286	285	273	2	284	3	266	173
120	124	36.264	273	285	272	1	273	1	250	169
120	38	35.689	283	285	276	2	282	4	264	169
120	89	36.131	274	285	272	2	275	2	251	166
120	49	35.172	290	285	278	2	284	4	271	164
120	88	36.630	273	285	272	2	274	2	251	163
120	78	35.636	275	285	274	1	275	1	251	161
120	114	37.037	270	285	272	1	270	1	247	161
120	30	35.185	270	285	274	2	271	2	248	161
120	51	34.066	273	285	275	2	274	3	253	159
120	24	34.444	270	285	273	2	271	2	249	158
120	60	33.935	277	285	274	2	278	3	257	158
120	82	35.714	266	285	274	5	270	4	248	157
120	77	34.686	271	285	273	1	271	1	249	157
120	99	35.185	270	285	275	1	270	1	248	157
120	27	34.815	270	285	271	1	270	1	247	154
120	85	34.815	270	285	274	1	270	1	247	152
120	98	32.593	270	285	272	1	270	1	247	144
121	121	100.000	279	279	279	1	279	1	279	587
121	128	71.174	281	279	290	1	277	1	281	421
121	37	71.795	273	279	300	4	276	11	282	421
121	125	70.480	271	279	292	6	276	10	280	415
121	95	70.330	273	279	291	4	276	11	283	415
121	55	69.343	274	279	297	4	277	11	284	413
121	81	68.148	270	279	286	7	276	8	277	403
121	29	68.266	271	279	287	6	276	7	277	402
121	111	68.401	269	279	276	6	274	7	275	400
121	57	67.636	275	279	294	3	277	6	280	400
121	28	67.399	273	279	292	4	276	11	282	396
121	31	66.788	274	279	298	4	277	11	283	394
121	9	68.498	273	279	292	4	276	11	282	392
121	79	68.148	270	279	281	4	272	11	278	385
121	101	68.030	269	279	292	4	272	11	278	384
121	44	66.171	269	279	282	4	272	11	279	383
121	65	67.273	275	279	287	1	272	1	273	382
121	15	66.914	269	279	281	4	272	11	275	382
121	96	67.647	272	279	287	5	275	12	281	378
121	17	65.799	269	279	289	4	272	11	278	377
121	76	65.789	266	279	281	7	272	14	278	375
121	90	64.312	269	279	281	4	272	11	278	375
121	84	65.789	266	279	281	7	272	14	278	374
121	41	65.818	275	279	288	2	275	8	281	374
121	7	65.693	274	279	283	4	277	11	282	374
121	86	65.789	266	279	281	7	272	14	278	373
121	117	65.799	269	279	282	4	272	11	276	372
121	54	67.286	269	279	278	4	272	11	275	370
121	16	63.941	269	279	292	4	272	11	279	368
121	22	64.286	266	279	281	7	272	14	278	367
121	106	62.681	276	279	284	6	276	8	279	366
121	107	63.569	269	279	281	4	272	11	278	363
121	112	60.967	269	279	286	4	272	11	275	362
121	39	63.569	269	279	292	4	272	11	278	351
121	46	51.282	273	279	294	7	269	20	287	268
121	91	50.916	273	279	298	1	260	13	282	265
121	71	50.965	259	279	295	4	252	18	272	263
121	100	50.746	268	279	296	7	265	21	286	261
121	23	51.145	262	279	304	6	253	26	282	261
121	80	51.711	263	279	298	7	260	23	282	260
121	10	51.969	254	279	307	15	252	37	284	253
121	32	50.775	258	279	303	6	252	26	280	252
121	108	50.193	259	279	284	6	252	8	262	251
121	64	48.846	260	279	300	5	255	22	279	251
121	3	49.027	257	279	301	6	252	26	279	250
121	6	46.520	273	279	303	6	266	24	292	246
121	18	48.207	251	279	261	22	261	1	246	244
121	58	45.926	270	279	309	6	261	30	293	243
121	8	51.373	255	279	302	9	252	29	279	241
121	61	43.571	280	279	295	2	277	12	282	230
121	4	44.074	270	279	309	21	276	35	303	226
121	102	41.577	279	279	293	2	277	12	285	225
121	92	42.481	266	279	293	2	262	12	269	223
121	56	42.803	264	279	299	2	260	12	270	223
121	59	42.146	261	279	294	2	261	12	267	222
121	122	42.066	271	279	290	2	271	12	276	220
121	94	47.059	238	279	271	21	252	35	271	219
121	62	43.885	278	279	287	4	272	11	284	220
121	47	41.445	263	279	299	2	260	12	268	220
121	70	43.071	267	279	288	13	272	23	285	219
121	26	40.613	261	279	292	2	261	12	267	219
121	36	41.696	283	279	293	2	272	12	290	219
121	34	43.083	253	279	288	2	253	12	256	218
121	68	40.210	286	279	298	2	277	12	291	219
121	123	41.489	282	279	294	2	272	12	286	218
121	33	41.065	263	279	296	2	260	12	267	218
121	66	41.667	264	279	296	2	261	12	268	217
121	87	41.606	274	279	313	21	279	35	308	217
121	129	41.699	259	279	289	2	260	12	264	213
121	48	42.205	263	279	289	2	261	12	264	211
121	19	40.418	287	279	288	1	272	3	285	210
121	12	39.695	262	279	293	2	261	12	268	208
121	50	42.481	266	279	294	2	261	12	266	206
121	53	39.394	264	279	295	2	261	12	267	202
121	24	40.385	260	279	273	2	260	12	247	201
121	75	37.786	262	279	291	2	263	12	267	201
121	109	39.560	273	279	273	3	274	13	260	200
121	120	41.241	274	279	285	4	267	15	278	196
121	105	40.945	254	279	283	6	255	18	260	196
121	88	38.077	260	279	272	2	260	12	246	193
121	104	40.239	251	279	283	6	252	19	258	192
121	127	42.105	266	279	283	2	263	17	271	192
121	115	42.537	268	279	296	5	266	27	284	191
121	35	39.483	271	279	282	6	272	19	272	190
121	77	41.200	250	279	273	4	252	14	239	189
121	45	42.063	252	279	283	5	252	18	258	189
121	5	44.106	263	279	297	21	272	44	294	189
121	103	42.149	242	279	283	22	260	37	267	188
121	69	40.816	245	279	283	22	263	37	270	186
121	30	36.691	278	279	274	3	279	13	262	186
121	82	38.224	259	279	274	3	260	13	247	185
121	124	36.641	262	279	272	3	263	13	249	185
121	42	42.292	253	279	294	21	268	43	284	185
121	11	41.516	277	279	298	7	271	26	290	185
121	118	39.370	254	279	284	6	255	19	261	184
121	40	41.667	264	279	288	6	263	20	273	183
121	126	40.637	251	279	283	6	252	20	259	183
121	60	37.175	269	279	274	2	268	13	256	181
121	52	39.044	251	279	284	6	252	19	258	181
121	89	35.521	259	279	272	3	260	13	246	181
121	67	41.339	254	279	295	20	268	42	285	181
121	63	42.017	238	279	283	22	255	37	262	180
121	27	36.641	262	279	271	3	262	13	248	179
121	119	40.551	254	279	274	5	255	13	253	179
121	114	37.066	259	279	272	3	260	13	246	178
121	78	35.985	264	279	274	2	265	12	250	177
121	51	35.249	261	279	275	2	260	13	248	177
121	83	39.442	251	279	296	20	265	42	283	177
121	98	36.047	258	279	272	4	260	14	246	176
121	43	34.615	286	279	273	2	275	13	273	176
121	25	40.316	253	279	296	20	267	43	285	177
121	74	38.589	241	279	274	17	255	26	253	175
121	38	37.643	263	279	276	2	260	14	249	174
121	99	36.015	261	279	275	3	262	13	249	174
121	20	41.057	246	279	295	20	260	44	279	175
121	116	39.841	251	279	296	20	265	42	283	174
121	93	40.079	252	279	297	17	260	40	279	172
121	2	40.079	252	279	297	17	260	40	279	172
121	49	35.424	271	279	278	3	271	15	260	171
121	73	38.340	253	279	275	6	255	14	254	171
121	14	41.406	256	279	291	6	255	24	269	170
121	85	35.135	259	279	274	3	260	13	246	169
121	1	41.406	256	279	305	6	255	24	269	170
121	97	38.768	276	279	288	3	268	17	280	169
121	72	38.346	266	279	296	6	265	27	282	169
121	13	39.689	257	279	305	1	252	25	271	168
121	21	37.805	246	279	280	18	261	32	264	165
121	110	37.398	246	279	295	20	260	42	277	161
122	122	100.000	290	290	290	1	290	1	290	609
122	129	80.000	290	290	289	1	290	1	289	491
122	102	68.942	293	290	293	1	290	1	293	423
122	66	65.878	296	290	296	1	290	1	296	412
122	92	65.646	294	290	293	1	290	1	293	405
122	59	63.946	294	290	294	1	290	1	294	398
122	12	63.481	293	290	293	1	290	1	293	397
122	56	64.214	299	290	299	1	289	1	299	396
122	68	65.436	298	290	298	1	289	1	297	393
122	33	65.878	296	290	296	1	290	1	296	391
122	26	63.699	292	290	292	1	290	1	292	389
122	61	61.695	295	290	295	1	290	1	295	387
122	53	62.838	296	290	295	1	290	1	295	387
122	47	63.333	300	290	299	1	290	1	299	385
122	123	60.410	293	290	294	1	288	1	293	381
122	48	61.168	291	290	289	1	290	1	289	379
122	75	60.825	291	290	291	1	290	1	291	374
122	34	61.168	291	290	288	1	290	1	288	372
122	50	60.339	295	290	294	1	290	1	294	370
122	114	47.241	290	290	272	1	283	1	271	253
122	88	46.575	292	290	272	1	284	1	272	252
122	30	46.233	292	290	274	1	284	1	272	249
122	78	46.468	269	290	274	1	269	1	250	245
122	82	45.172	290	290	274	1	284	1	272	244
122	124	46.992	266	290	272	1	264	1	246	242
122	24	46.840	269	290	273	1	267	1	250	241
122	109	48.134	268	290	273	1	264	1	246	240
122	85	47.744	266	290	274	1	264	1	246	239
122	27	43.860	285	290	271	1	283	1	266	239
122	98	47.368	266	290	272	1	264	1	246	237
122	77	44.483	290	290	273	1	284	1	270	233
122	89	45.556	270	290	272	1	267	1	249	232
122	43	45.489	266	290	273	1	264	2	248	229
122	99	44.151	265	290	275	1	264	1	247	229
122	38	45.113	266	290	276	1	264	3	249	229
122	60	43.609	266	290	274	1	264	2	248	223
122	51	43.985	266	290	275	1	264	2	248	222
122	125	42.701	274	290	292	17	284	11	279	221
122	121	42.066	271	290	279	12	276	2	271	220
122	54	44.161	274	290	278	2	270	2	269	220
122	106	44.737	266	290	284	12	272	4	266	220
122	17	43.123	269	290	289	9	270	6	272	219
122	7	43.617	282	290	283	8	284	5	280	217
122	29	43.123	269	290	287	12	274	3	271	217
122	101	41.264	269	290	292	7	270	4	272	216
122	84	41.637	281	290	281	8	283	5	280	216
122	49	44.361	266	290	278	1	264	3	249	215
122	70	41.958	286	290	288	15	283	9	287	216
122	111	42.751	269	290	276	12	274	3	271	215
122	117	42.143	280	290	282	9	284	6	279	215
122	107	41.045	268	290	281	8	270	5	272	213
122	28	42.146	261	290	292	9	264	6	266	214
122	81	43.089	246	290	286	17	256	8	253	213
122	79	41.948	267	290	281	9	270	6	272	212
122	22	42.391	276	290	281	2	272	2	274	212
122	57	42.803	264	290	294	13	270	6	269	212
122	9	39.925	268	290	292	8	270	5	272	211
122	65	41.304	276	290	287	15	285	7	281	210
122	41	40.141	284	290	288	8	286	5	283	210
122	87	41.971	274	290	313	32	289	36	308	210
122	95	40.767	287	290	291	8	288	5	286	209
122	112	41.791	268	290	286	8	270	5	269	209
122	16	40.909	286	290	292	8	286	4	288	209
122	71	44.195	267	290	295	3	256	6	272	209
122	62	41.516	277	290	287	4	268	4	275	208
122	39	41.199	267	290	292	9	270	6	272	207
122	31	40.426	282	290	298	8	284	5	281	207
122	23	39.789	284	290	304	2	256	2	281	207
122	44	40.942	276	290	282	1	270	1	273	206
122	32	42.248	258	290	303	17	256	27	280	206
122	18	45.000	240	290	261	32	258	1	240	205
122	55	42.379	269	290	297	8	270	5	273	206
122	19	40.278	288	290	288	13	283	7	287	205
122	36	41.155	277	290	293	4	264	4	276	205
122	96	43.651	252	290	287	12	256	9	258	205
122	46	41.697	271	290	294	3	257	2	272	205
122	93	42.254	284	290	297	10	284	19	297	205
122	2	42.254	284	290	297	10	284	19	297	205
122	128	40.784	255	290	290	16	264	10	264	204
122	10	41.923	260	290	307	17	256	31	284	204
122	37	41.045	268	290	300	8	270	5	272	203
122	15	41.091	275	290	281	2	270	2	269	202
122	91	41.241	274	290	298	3	258	4	277	203
122	58	42.126	254	290	309	19	257	33	286	202
122	80	41.912	272	290	298	3	256	4	275	201
122	100	43.478	253	290	296	17	256	21	273	201
122	4	43.265	245	290	309	32	264	36	279	201
122	64	38.095	294	290	300	3	275	4	294	201
122	76	38.806	268	290	281	8	270	5	272	200
122	83	41.544	272	290	296	19	284	30	296	201
122	86	38.951	267	290	281	9	270	6	272	200
122	115	42.647	272	290	296	19	284	31	296	200
122	3	38.276	290	290	301	3	271	6	292	200
122	90	40.551	254	290	281	8	256	5	258	196
122	6	39.194	273	290	303	19	276	27	298	197
122	97	40.070	287	290	288	3	283	7	287	196
122	94	42.259	239	290	271	32	256	36	271	196
122	20	45.238	252	290	295	19	264	32	279	196
122	67	42.066	271	290	295	19	283	30	294	196
122	8	42.688	253	290	302	17	256	27	279	195
122	5	41.343	283	290	297	11	284	20	297	194
122	42	38.591	298	290	294	1	282	2	294	191
122	40	40.659	273	290	288	1	264	2	270	191
122	108	38.189	254	290	284	17	256	9	262	190
122	69	41.887	265	290	283	3	258	7	261	189
122	13	40.559	286	290	305	3	282	16	294	189
122	118	42.578	256	290	284	10	256	13	258	188
122	35	39.777	269	290	282	2	262	2	264	187
122	52	39.777	269	290	284	3	266	6	268	187
122	126	38.095	273	290	283	2	264	2	267	186
122	45	41.600	250	290	283	19	262	22	264	186
122	127	38.462	286	290	283	3	283	8	283	186
122	116	39.338	272	290	296	19	284	30	296	186
122	104	39.405	269	290	283	3	264	6	266	184
122	120	36.177	293	290	285	1	284	1	285	184
122	25	40.467	257	290	296	19	269	31	283	182
122	11	41.393	244	290	298	32	270	45	284	181
122	74	41.897	253	290	274	17	264	15	258	180
122	105	37.687	268	290	283	3	265	5	266	180
122	103	39.847	261	290	283	3	258	7	261	179
122	63	37.681	276	290	283	3	272	7	276	179
122	110	37.415	294	290	295	3	284	8	295	177
122	72	39.286	252	290	296	19	264	30	277	177
122	73	41.732	254	290	275	17	264	15	259	174
122	14	36.986	292	290	291	1	283	6	290	173
122	1	36.986	292	290	305	1	283	6	290	173
122	119	40.711	253	290	274	17	264	15	258	169
122	21	38.577	267	290	280	1	261	2	260	158
123	123	100.000	294	294	294	1	294	1	294	621
123	12	81.570	293	294	293	1	293	1	291	513
123	66	74.490	294	294	296	1	293	1	294	479
123	53	74.150	294	294	295	1	293	1	293	473
123	26	73.401	297	294	292	1	293	1	290	462
123	50	75.170	294	294	294	1	293	1	292	461
123	59	73.038	293	294	294	1	293	1	292	457
123	75	70.990	293	294	291	1	293	1	289	443
123	48	70.648	293	294	289	1	293	1	287	442
123	34	68.601	293	294	288	1	293	1	286	424
123	92	67.918	293	294	293	1	293	1	291	423
123	56	68.121	298	294	299	1	293	1	298	421
123	61	66.441	295	294	295	1	293	1	293	412
123	47	69.338	287	294	299	1	285	1	286	411
123	33	64.164	293	294	296	1	292	1	293	407
123	68	66.330	297	294	298	1	293	1	296	401
123	102	64.846	293	294	293	1	293	1	291	400
123	122	60.410	293	294	290	1	293	1	288	381
123	129	63.197	269	294	289	1	269	1	266	372
123	84	44.981	269	294	281	8	271	5	270	246
123	109	45.085	295	294	273	1	287	1	273	245
123	54	45.833	288	294	278	2	284	2	275	243
123	43	46.909	275	294	273	1	273	2	254	241
123	114	47.388	268	294	272	1	267	1	246	239
123	88	45.522	268	294	272	1	267	1	246	237
123	44	43.956	273	294	282	1	268	1	268	237
123	17	43.197	294	294	289	1	289	1	283	236
123	82	45.051	293	294	274	1	287	1	272	235
123	77	43.007	286	294	273	1	285	1	265	234
123	117	44.727	275	294	282	1	271	1	268	234
123	9	43.662	284	294	292	7	283	4	276	235
123	76	42.751	269	294	281	8	271	5	270	234
123	24	45.161	279	294	273	1	278	1	258	233
123	85	44.863	292	294	274	1	285	1	269	233
123	89	44.178	292	294	272	1	285	1	270	233
123	106	47.170	265	294	284	12	271	4	262	233
123	78	45.185	270	294	274	1	270	1	248	232
123	31	41.806	299	294	298	7	288	3	296	232
123	27	45.149	268	294	271	1	267	1	246	231
123	124	45.896	268	294	272	1	267	1	246	230
123	7	45.385	260	294	283	17	271	14	269	230
123	57	43.214	280	294	294	13	287	6	278	230
123	28	43.396	265	294	292	10	267	7	266	230
123	51	44.727	275	294	275	1	273	2	254	229
123	98	45.149	268	294	272	1	267	1	246	229
123	49	45.353	269	294	278	1	267	3	249	229
123	30	44.074	270	294	274	1	269	1	248	228
123	95	44.203	276	294	291	17	287	14	282	228
123	38	45.051	293	294	276	1	287	3	273	228
123	15	44.000	275	294	281	2	271	2	267	228
123	39	44.569	267	294	292	10	271	7	270	228
123	22	41.993	281	294	281	2	277	2	276	227
123	81	46.000	250	294	286	17	259	8	253	227
123	111	44.444	261	294	276	12	267	3	261	226
123	71	44.170	283	294	295	3	275	6	287	226
123	29	44.444	261	294	287	12	267	3	261	225
123	112	42.652	279	294	286	17	288	14	285	225
123	99	44.403	268	294	275	1	267	1	247	224
123	55	42.321	293	294	297	1	288	1	286	225
123	90	43.446	267	294	281	8	268	5	267	224
123	101	41.522	289	294	292	8	290	5	283	223
123	100	43.463	283	294	296	3	269	2	282	224
123	70	44.531	256	294	288	20	269	20	273	223
123	79	41.818	275	294	281	3	271	3	270	222
123	96	42.705	281	294	287	12	288	9	282	222
123	91	42.599	277	294	298	3	264	4	280	222
123	41	40.893	291	294	288	7	290	3	284	221
123	125	42.086	278	294	292	18	287	9	279	221
123	16	42.308	260	294	292	17	271	14	271	221
123	107	42.379	269	294	281	8	271	5	270	220
123	62	43.223	273	294	287	20	283	20	282	220
123	87	41.844	282	294	313	17	283	20	299	221
123	36	41.259	286	294	293	10	283	10	288	219
123	128	40.755	265	294	290	8	267	2	264	219
123	121	41.489	282	294	279	12	286	2	272	218
123	46	43.796	274	294	294	3	259	2	271	218
123	37	42.745	255	294	300	17	267	14	266	217
123	65	42.748	262	294	287	15	271	7	265	217
123	6	40.532	301	294	303	3	278	2	297	216
123	19	39.655	290	294	288	3	283	6	283	216
123	60	43.866	269	294	274	1	267	2	248	214
123	58	43.284	268	294	309	13	264	23	290	216
123	23	40.493	284	294	304	2	259	2	281	213
123	4	41.729	266	294	309	32	283	36	297	213
123	80	41.877	277	294	298	3	264	4	280	210
123	32	43.922	255	294	303	17	259	27	280	210
123	64	41.667	276	294	300	3	259	4	276	210
123	10	42.412	257	294	307	17	259	31	284	209
123	18	44.444	243	294	261	32	264	1	243	207
123	86	40.000	285	294	281	3	280	3	280	206
123	52	41.544	272	294	284	3	269	6	268	206
123	94	41.597	238	294	271	32	259	36	271	202
123	127	41.288	264	294	283	3	261	8	262	201
123	104	41.111	270	294	283	3	267	6	266	198
123	45	42.146	261	294	283	3	259	7	258	198
123	3	40.143	279	294	301	3	259	6	279	199
123	20	40.143	279	294	295	3	267	8	279	197
123	105	39.630	270	294	283	3	267	5	265	196
123	69	40.977	266	294	283	1	261	5	261	196
123	120	36.149	296	294	285	1	287	1	285	195
123	126	40.149	269	294	283	2	261	2	261	195
123	74	43.145	248	294	274	17	259	15	250	194
123	108	40.000	255	294	284	17	259	9	262	193
123	63	41.288	264	294	283	3	261	7	261	193
123	115	39.189	296	294	296	3	285	8	294	193
123	103	41.481	270	294	283	3	268	11	268	192
123	35	38.434	281	294	282	2	274	2	273	191
123	73	43.775	249	294	275	17	259	15	251	189
123	72	37.906	277	294	296	3	267	8	277	189
123	13	37.847	288	294	305	3	284	16	293	190
123	118	38.931	262	294	284	10	267	14	266	188
123	5	38.591	298	294	297	3	287	12	297	189
123	42	39.483	271	294	294	20	285	32	292	188
123	8	40.590	271	294	302	3	259	10	279	188
123	83	39.922	258	294	296	32	284	44	293	187
123	116	39.405	269	294	296	21	284	33	293	187
123	67	38.095	294	294	295	3	284	8	292	184
123	14	36.585	287	294	291	3	284	12	288	184
123	1	36.237	287	294	305	3	284	12	288	183
123	25	39.526	253	294	296	22	269	35	280	182
123	110	36.545	301	294	295	3	287	8	295	181
123	11	37.956	274	294	298	20	288	33	297	181
123	93	37.627	295	294	297	3	287	12	297	180
123	2	37.627	295	294	297	3	287	12	297	180
123	97	37.847	288	294	288	3	284	7	285	179
123	40	35.836	293	294	288	1	284	2	284	179
123	119	40.293	273	294	274	17	277	15	274	176
123	21	39.623	265	294	280	1	259	2	255	173
124	124	100.000	272	272	272	1	272	1	272	569
124	109	78.309	272	272	273	1	271	1	272	455
124	88	75.836	269	272	272	1	269	1	269	445
124	30	74.539	271	272	274	1	271	1	271	433
124	89	70.111	271	272	272	1	271	1	271	412
124	77	65.934	273	272	273	1	272	1	273	395
124	43	68.382	272	272	273	1	271	2	272	394
124	27	66.544	272	272	271	1	272	1	271	390
124	114	65.809	272	272	272	1	272	1	272	389
124	98	64.576	271	272	272	1	271	1	271	386
124	49	68.705	278	272	278	1	272	3	278	385
124	78	64.855	276	272	274	1	272	1	274	382
124	82	63.971	272	272	274	1	271	1	271	371
124	85	65.556	270	272	274	1	270	1	269	368
124	99	64.045	267	272	275	1	266	1	266	367
124	24	60.440	273	272	273	1	272	1	273	360
124	51	61.538	273	272	275	1	271	2	274	360
124	38	61.624	271	272	276	1	270	3	271	359
124	60	60.294	272	272	274	1	271	2	273	358
124	33	46.392	291	272	296	1	269	1	284	256
124	66	47.826	276	272	296	1	254	1	272	250
124	129	46.792	265	272	289	1	246	1	264	243
124	12	47.101	276	272	293	1	254	1	272	243
124	122	46.992	266	272	290	1	246	1	264	242
124	92	47.015	268	272	293	1	246	1	267	240
124	26	45.051	293	272	292	1	272	1	286	238
124	75	47.388	268	272	291	1	249	1	267	238
124	59	45.361	291	272	294	1	270	1	284	237
124	102	45.522	268	272	293	1	246	1	267	233
124	47	45.556	270	272	299	1	246	1	268	233
124	56	43.729	295	272	299	1	270	1	290	232
124	50	45.455	275	272	294	1	254	1	270	231
124	34	45.318	267	272	288	1	249	1	266	230
124	123	45.896	268	272	294	1	246	1	267	230
124	48	42.123	292	272	289	1	272	1	283	230
124	53	44.565	276	272	295	1	254	1	271	229
124	68	44.815	270	272	298	1	246	1	268	228
124	61	42.222	270	272	295	1	246	1	269	221
124	23	36.071	280	272	304	2	238	2	281	197
124	105	40.613	261	272	283	3	246	5	265	191
124	100	37.895	285	272	296	3	251	2	285	191
124	71	39.855	276	272	295	3	246	6	279	190
124	22	36.531	271	272	281	2	248	2	268	189
124	54	39.326	267	272	278	2	247	2	264	188
124	46	40.304	263	272	294	17	245	20	281	188
124	118	38.911	257	272	284	7	246	10	266	187
124	126	41.473	258	272	283	2	238	2	259	187
124	7	40.310	258	272	283	12	246	9	265	187
124	45	39.300	257	272	283	2	238	2	258	187
124	84	37.643	263	272	281	8	246	5	266	186
124	91	36.397	272	272	298	3	238	4	275	186
124	121	36.641	262	272	279	13	249	3	263	185
124	44	36.264	273	272	282	1	248	1	269	184
124	6	37.410	278	272	303	3	238	2	279	184
124	103	40.476	252	272	283	7	241	11	262	183
124	69	38.672	256	272	283	3	241	7	262	182
124	52	40.711	253	272	284	3	238	6	258	182
124	95	40.078	257	272	291	17	248	14	269	182
124	10	37.891	256	272	307	17	238	31	284	182
124	127	39.453	256	272	283	3	241	8	263	181
124	36	38.909	275	272	293	4	246	4	276	181
124	81	38.610	259	272	286	17	250	8	265	181
124	96	36.823	277	272	287	17	269	14	278	181
124	15	37.970	266	272	281	2	246	2	263	180
124	55	38.545	275	272	297	1	248	1	269	180
124	106	40.079	252	272	284	16	246	8	258	179
124	31	37.918	269	272	298	3	246	3	266	179
124	32	36.614	254	272	303	17	238	27	280	179
124	63	39.544	263	272	283	3	248	7	266	179
124	125	38.132	257	272	292	17	248	11	266	179
124	117	37.269	271	272	282	1	248	1	266	177
124	80	36.567	268	272	298	3	238	8	275	176
124	18	42.194	237	272	261	33	238	2	238	175
124	107	36.680	259	272	281	12	246	9	266	176
124	65	35.125	279	272	287	15	257	7	284	176
124	17	38.889	270	272	289	1	246	1	266	175
124	76	36.466	266	272	281	8	248	5	268	175
124	3	35.766	274	272	301	3	238	6	279	175
124	128	37.838	259	272	290	16	247	10	265	175
124	35	38.911	257	272	282	2	238	2	258	174
124	119	39.754	244	272	274	21	249	20	261	174
124	104	38.340	253	272	283	3	238	6	258	174
124	111	36.680	259	272	276	17	250	8	265	174
124	112	37.849	251	272	286	17	246	14	263	174
124	64	35.897	273	272	300	3	238	4	276	174
124	74	37.066	259	272	274	26	271	25	273	173
124	79	37.891	256	272	281	17	248	14	268	173
124	87	40.000	245	272	313	33	246	37	281	174
124	29	36.680	259	272	287	17	250	8	265	173
124	9	34.028	288	272	292	5	268	2	283	173
124	4	40.164	244	272	309	33	246	37	279	174
124	101	36.680	259	272	292	12	246	9	266	173
124	73	38.314	261	272	275	1	247	5	260	172
124	28	34.050	279	272	292	14	268	11	283	171
124	94	40.254	236	272	271	33	238	37	271	170
124	108	35.433	254	272	284	17	238	9	262	170
124	41	35.821	268	272	288	3	246	3	266	170
124	62	37.175	269	272	287	11	247	6	272	170
124	70	36.900	271	272	288	3	246	7	271	170
124	16	35.878	262	272	292	12	248	9	269	170
124	90	35.741	263	272	281	8	246	5	266	169
124	120	36.264	273	272	285	1	250	1	273	169
124	58	37.154	253	272	309	19	238	33	285	169
124	37	37.109	256	272	300	17	247	14	267	168
124	8	33.942	274	272	302	3	238	6	279	167
124	57	36.782	261	272	294	17	248	10	265	166
124	115	36.170	282	272	296	1	249	2	281	166
124	19	37.313	268	272	288	11	246	6	271	165
124	39	35.385	260	272	292	11	246	8	266	163
124	40	35.740	277	272	288	1	253	2	278	162
124	86	35.686	255	272	281	17	247	14	267	162
124	93	36.364	275	272	297	3	251	12	286	159
124	2	36.364	275	272	297	3	251	12	286	159
124	20	37.083	240	272	295	26	246	40	279	159
124	97	36.293	259	272	288	3	241	7	265	157
124	67	34.409	279	272	295	1	249	2	280	154
124	25	38.247	251	272	296	18	249	34	281	153
124	72	38.397	237	272	296	33	250	45	281	151
124	14	34.496	258	272	291	3	241	12	269	150
124	11	35.656	244	272	298	26	250	39	282	150
124	1	34.496	258	272	305	3	241	12	269	150
124	21	35.271	258	272	280	3	247	7	264	149
124	42	32.862	283	272	294	1	250	2	280	148
124	13	35.156	256	272	305	33	269	47	293	148
124	83	33.617	235	272	296	33	247	45	279	147
124	110	35.897	234	272	295	33	247	45	278	145
124	116	35.470	234	272	296	33	246	45	278	145
124	5	37.021	235	272	297	33	246	46	279	145
125	125	100.000	292	292	292	1	292	1	292	614
125	128	66.899	287	292	290	1	287	1	287	428
125	29	70.819	281	292	287	10	290	7	287	423
125	111	73.408	267	292	276	10	276	7	273	419
125	81	69.343	274	292	286	11	284	8	281	419
125	57	64.706	289	292	294	3	290	2	290	418
125	121	70.480	271	292	279	10	280	6	276	415
125	55	67.845	283	292	297	11	292	14	296	410
125	37	68.978	274	292	300	11	284	14	286	405
125	95	65.693	274	292	291	11	284	14	287	400
125	16	67.870	277	292	292	11	287	14	289	396
125	86	68.284	268	292	281	11	278	14	280	393
125	28	65.827	278	292	292	11	288	14	290	388
125	41	67.778	270	292	288	11	279	14	281	388
125	9	66.052	271	292	292	11	281	14	283	385
125	84	65.343	277	292	281	3	278	5	280	385
125	31	64.388	278	292	298	11	285	14	287	385
125	76	64.260	277	292	281	3	278	5	280	380
125	65	68.539	267	292	287	10	276	8	273	380
125	101	64.894	282	292	292	11	292	14	292	379
125	79	65.789	266	292	281	11	276	14	278	377
125	107	67.293	266	292	281	11	276	14	278	377
125	106	64.260	277	292	284	10	286	8	279	375
125	90	67.910	268	292	281	11	278	14	280	374
125	17	64.964	274	292	289	11	284	14	285	372
125	44	64.179	268	292	282	11	278	14	281	372
125	117	65.056	269	292	282	11	279	14	279	371
125	7	65.799	269	292	283	11	279	14	280	370
125	112	64.855	276	292	286	11	286	14	284	369
125	54	65.299	268	292	278	11	278	14	277	364
125	39	63.768	276	292	292	11	286	14	287	362
125	15	63.838	271	292	281	11	281	14	280	360
125	96	64.234	274	292	287	10	282	13	284	360
125	22	62.731	271	292	281	11	278	14	280	357
125	46	48.944	284	292	294	5	278	14	293	248
125	23	47.876	259	292	304	10	256	26	281	247
125	100	45.704	291	292	296	3	278	7	295	246
125	91	45.693	267	292	298	1	258	13	277	245
125	80	47.569	288	292	298	1	278	13	297	244
125	64	44.615	260	292	300	14	256	19	276	242
125	18	49.174	242	292	261	26	258	1	240	241
125	6	46.899	258	292	303	12	256	25	279	240
125	3	45.594	261	292	301	10	258	26	281	239
125	32	46.468	269	292	303	3	258	22	282	238
125	71	44.604	278	292	295	10	273	20	293	236
125	58	44.788	259	292	309	10	256	30	285	236
125	10	47.328	262	292	307	10	256	30	284	236
125	108	45.385	260	292	284	10	256	8	262	233
125	8	46.097	269	292	302	4	256	16	279	228
125	59	44.574	258	292	294	8	264	17	266	226
125	92	42.806	278	292	293	9	279	18	287	225
125	66	41.637	281	292	296	9	282	18	290	225
125	61	41.935	279	292	295	10	279	16	289	223
125	48	43.243	259	292	289	9	267	18	266	223
125	56	43.066	274	292	299	11	278	17	285	223
125	33	42.391	276	292	296	11	282	17	284	223
125	102	42.969	256	292	293	11	264	17	267	221
125	123	42.086	278	292	294	9	279	18	287	221
125	122	42.701	274	292	290	11	279	17	284	221
125	129	44.488	254	292	289	11	264	17	264	219
125	47	43.023	258	292	299	11	264	17	268	217
125	68	42.471	259	292	298	11	264	17	268	217
125	12	41.699	259	292	293	8	264	17	267	215
125	34	43.775	249	292	288	8	256	17	255	214
125	4	42.041	245	292	309	25	264	35	279	212
125	75	40.293	273	292	291	8	280	17	278	211
125	87	41.026	273	292	313	25	281	35	306	211
125	62	40.711	253	292	287	17	264	23	271	210
125	50	42.023	257	292	294	9	264	18	265	208
125	94	42.616	237	292	271	25	256	35	271	207
125	26	40.467	257	292	292	9	264	18	266	207
125	70	39.768	259	292	288	17	268	23	275	206
125	53	38.996	259	292	295	8	264	17	266	202
125	36	39.773	264	292	293	11	264	17	276	200
125	24	42.248	258	292	273	11	265	17	248	199
125	40	42.294	279	292	288	10	278	20	286	197
125	19	39.033	269	292	288	17	278	23	287	197
125	115	42.199	282	292	296	10	279	28	296	196
125	104	40.551	254	292	283	8	257	17	259	194
125	109	38.951	267	292	273	11	276	17	258	192
125	127	41.429	280	292	283	7	278	18	283	192
125	118	40.625	256	292	284	8	259	17	261	192
125	105	38.672	256	292	283	8	259	16	260	192
125	120	40.357	280	292	285	10	279	17	285	191
125	82	39.300	257	292	274	11	266	17	249	189
125	52	40.551	254	292	284	8	257	17	259	189
125	77	39.326	267	292	273	11	276	17	258	188
125	69	40.310	258	292	283	6	259	16	262	188
125	103	40.684	263	292	283	8	266	18	269	187
125	45	39.844	256	292	283	6	257	15	259	187
125	5	41.135	282	292	297	9	279	27	297	187
125	126	40.784	255	292	283	7	257	17	260	186
125	38	39.689	257	292	276	11	265	19	250	186
125	67	39.502	281	292	295	10	279	27	295	186
125	20	43.580	257	292	295	8	257	27	272	186
125	60	39.163	263	292	274	11	271	18	255	185
125	74	40.283	283	292	274	4	278	8	273	184
125	35	38.824	255	292	282	6	256	15	258	184
125	114	37.407	270	292	272	11	276	17	257	184
125	78	37.838	259	292	274	11	269	17	250	183
125	51	40.769	260	292	275	11	265	18	249	183
125	119	40.551	254	292	274	10	260	14	254	183
125	93	39.858	281	292	297	8	279	26	297	183
125	2	39.858	281	292	297	8	279	26	297	183
125	25	40.072	277	292	296	10	275	28	289	182
125	72	40.996	261	292	296	10	264	27	277	181
125	88	39.535	258	292	272	11	266	17	248	180
125	73	38.806	268	292	275	14	278	19	274	180
125	43	38.521	257	292	273	11	265	18	249	179
125	83	36.749	283	292	296	6	279	23	296	180
125	97	39.568	278	292	288	10	278	20	287	180
125	11	38.406	276	292	298	10	279	28	293	180
125	124	38.132	257	292	272	11	266	17	248	179
125	49	37.143	280	292	278	11	280	19	273	178
125	63	39.850	266	292	283	2	262	12	266	178
125	27	37.500	256	292	271	11	265	17	247	177
125	42	38.811	286	292	294	4	279	17	291	177
125	30	37.500	256	292	274	11	265	17	247	176
125	85	37.354	257	292	274	11	266	17	248	176
125	21	40.152	264	292	280	4	264	13	263	176
125	1	38.276	290	292	305	3	285	17	294	176
125	14	40.840	262	292	291	3	257	17	267	175
125	98	36.576	257	292	272	11	266	17	248	174
125	110	37.143	280	292	295	9	279	26	295	172
125	116	36.786	280	292	296	9	279	26	296	171
125	89	36.719	256	292	272	11	265	17	247	170
125	13	41.699	259	292	305	10	259	29	274	171
125	99	36.515	241	292	275	28	267	34	250	169
126	126	100.000	283	283	283	1	283	1	283	578
126	105	71.223	278	283	283	7	283	5	282	425
126	35	71.378	283	283	282	1	283	1	282	421
126	45	71.025	283	283	283	1	283	1	282	417
126	104	70.819	281	283	283	4	283	3	283	410
126	118	68.683	281	283	284	4	283	3	283	409
126	103	68.198	283	283	283	1	283	1	283	409
126	52	70.922	282	283	284	3	283	6	283	407
126	69	65.018	283	283	283	1	283	1	283	399
126	63	66.078	283	283	283	1	283	1	283	390
126	127	64.413	281	283	283	2	282	3	283	379
126	73	54.417	283	283	275	3	282	3	274	290
126	74	54.340	265	283	274	20	283	14	274	284
126	119	52.518	278	283	274	9	282	1	273	282
126	21	49.462	279	283	280	5	282	5	279	255
126	25	46.075	293	283	296	3	283	8	296	244
126	97	46.528	288	283	288	4	283	4	288	243
126	20	44.595	296	283	295	3	283	4	295	239
126	5	43.434	297	283	297	2	282	3	296	238
126	11	44.218	294	283	298	2	280	3	293	237
126	42	42.905	296	283	294	2	283	3	294	236
126	120	45.205	292	283	285	1	282	1	284	234
126	14	44.792	288	283	291	3	283	8	291	234
126	1	44.792	288	283	305	3	283	8	291	234
126	67	44.595	296	283	295	2	282	3	294	233
126	93	42.662	293	283	297	3	282	8	296	231
126	2	42.662	293	283	297	3	282	8	296	231
126	13	42.123	292	283	305	3	283	8	296	229
126	40	45.139	288	283	288	2	282	3	286	227
126	115	40.989	283	283	296	2	271	3	282	227
126	72	44.014	284	283	296	7	281	15	293	226
126	116	42.612	291	283	296	3	282	8	295	223
126	110	42.759	290	283	295	3	282	8	294	219
126	6	43.321	277	283	303	11	259	6	279	213
126	32	42.143	280	283	303	3	259	2	280	212
126	64	43.066	274	283	300	3	259	4	276	210
126	83	40.753	292	283	296	3	282	8	295	209
126	87	42.244	303	283	313	4	282	6	303	209
126	23	40.845	284	283	304	1	259	1	281	206
126	50	42.537	268	283	294	2	261	2	259	205
126	18	45.378	238	283	261	37	259	1	238	202
126	10	44.358	257	283	307	23	259	33	284	203
126	58	43.846	260	283	309	20	259	30	285	203
126	12	39.796	294	283	293	2	282	2	276	202
126	80	41.667	276	283	298	5	260	2	276	202
126	100	41.155	277	283	296	6	260	1	274	201
126	102	41.216	296	283	293	2	283	2	283	201
126	91	41.091	275	283	298	5	259	2	275	201
126	68	38.676	287	283	298	2	276	2	277	201
126	71	41.026	273	283	295	3	259	2	272	199
126	47	38.699	292	283	299	2	282	2	277	199
126	111	43.116	276	283	276	20	283	7	276	199
126	34	38.754	289	283	288	2	282	2	281	198
126	33	38.298	282	283	296	2	274	2	274	198
126	108	42.324	241	283	284	37	259	24	262	197
126	46	42.857	266	283	294	13	259	7	271	197
126	29	42.754	276	283	287	20	283	7	276	197
126	26	39.925	268	283	292	2	261	2	260	196
126	4	39.161	286	283	309	20	282	19	301	196
126	123	40.149	269	283	294	2	261	2	261	195
126	19	42.806	278	283	288	24	282	14	287	195
126	92	40.727	275	283	293	2	267	2	267	195
126	53	42.222	270	283	295	2	261	2	260	194
126	62	40.149	269	283	287	27	282	22	286	193
126	3	41.281	281	283	301	3	259	2	279	192
126	59	38.321	274	283	294	2	267	2	266	191
126	66	39.700	267	283	296	2	259	2	259	191
126	61	38.384	297	283	295	2	282	2	288	190
126	48	40.000	265	283	289	2	259	2	255	189
126	55	43.590	234	283	297	37	259	29	259	189
126	88	41.538	260	283	272	2	261	2	240	188
126	15	41.353	266	283	281	1	259	1	255	188
126	70	40.075	267	283	288	30	282	25	287	187
126	124	41.473	258	283	272	2	259	2	238	187
126	94	40.234	256	283	271	20	259	19	271	186
126	36	41.328	271	283	293	33	282	28	292	187
126	30	41.923	260	283	274	2	261	2	240	186
126	125	40.784	255	283	292	17	260	7	257	186
126	95	40.068	292	283	291	3	282	7	281	186
126	81	40.809	272	283	286	22	282	9	275	186
126	122	38.095	273	283	290	2	267	2	264	186
126	106	41.270	252	283	284	20	263	8	254	185
126	90	38.433	268	283	281	3	260	3	259	185
126	128	39.683	252	283	290	20	260	10	257	185
126	86	39.544	263	283	281	9	260	1	259	184
126	16	39.695	262	283	292	31	281	23	280	184
126	77	40.000	260	283	273	2	261	2	241	183
126	109	40.157	254	283	273	7	260	3	239	183
126	57	39.844	256	283	294	16	260	5	256	183
126	129	39.194	273	283	289	2	267	2	264	183
126	121	40.637	251	283	279	20	259	6	252	183
126	75	38.462	273	283	291	2	267	2	264	183
126	82	42.520	254	283	274	14	267	10	247	182
126	114	40.226	266	283	272	2	267	2	246	182
126	76	38.811	286	283	281	9	283	1	281	182
126	43	39.146	281	283	273	5	282	2	266	181
126	8	42.520	254	283	302	23	259	29	279	182
126	31	40.075	267	283	298	3	259	3	258	182
126	96	39.194	273	283	287	20	273	13	281	181
126	60	41.985	262	283	274	2	261	3	242	180
126	84	38.577	267	283	281	9	264	1	263	180
126	79	40.458	262	283	281	9	259	1	258	179
126	78	38.722	266	283	274	2	267	2	245	178
126	44	38.095	294	283	282	1	283	1	282	178
126	56	37.778	270	283	299	2	259	2	262	178
126	54	38.346	266	283	278	1	259	1	255	178
126	117	40.449	267	283	282	1	259	1	256	177
126	37	40.075	267	283	300	3	259	3	258	178
126	38	39.231	260	283	276	2	261	4	243	177
126	28	40.230	261	283	292	10	260	6	259	176
126	41	38.433	268	283	288	3	260	3	259	176
126	27	37.358	265	283	271	7	267	3	246	175
126	7	41.631	233	283	283	37	259	29	257	174
126	39	41.702	235	283	292	37	261	29	260	174
126	24	39.615	260	283	273	2	261	2	241	173
126	49	38.077	260	283	278	2	261	4	243	174
126	98	36.923	260	283	272	2	261	2	240	173
126	17	38.077	260	283	289	12	261	5	260	172
126	85	37.218	266	283	274	2	267	2	246	171
126	9	38.408	289	283	292	3	281	3	279	172
126	107	39.916	238	283	281	32	259	24	258	171
126	51	39.695	262	283	275	2	261	3	242	170
126	89	38.077	260	283	272	2	261	2	240	170
126	112	39.592	245	283	286	22	259	15	255	168
126	22	37.778	270	283	281	1	259	1	258	168
126	101	36.059	269	283	292	3	261	7	260	167
126	99	36.842	266	283	275	2	267	2	247	164
126	65	38.645	251	283	287	19	259	7	253	164
127	127	100.000	283	283	283	1	283	1	283	578
127	63	73.145	283	283	283	1	283	1	282	422
127	103	72.242	281	283	283	3	283	2	282	421
127	69	68.905	283	283	283	1	283	1	282	419
127	45	64.413	281	283	283	3	283	2	281	380
127	126	64.413	281	283	283	3	283	2	282	379
127	35	61.210	281	283	282	3	283	2	281	366
127	104	62.857	280	283	283	5	283	3	282	358
127	105	61.091	275	283	283	8	281	5	279	355
127	52	60.289	277	283	284	8	283	6	282	352
127	118	60.806	273	283	284	12	283	10	282	348
127	74	55.682	264	283	274	21	283	14	273	295
127	73	55.235	277	283	275	12	283	3	274	294
127	119	54.924	264	283	274	21	283	14	273	293
127	21	52.158	278	283	280	7	283	6	279	278
127	97	48.780	287	283	288	5	283	4	287	259
127	25	48.797	291	283	296	4	283	8	295	258
127	11	49.635	274	283	298	3	263	3	273	253
127	5	47.183	284	283	297	3	272	3	283	249
127	40	46.207	290	283	288	3	283	3	286	244
127	67	46.622	296	283	295	3	283	3	294	244
127	115	44.876	283	283	296	3	272	3	282	239
127	120	44.828	290	283	285	3	283	2	284	238
127	14	46.048	291	283	291	3	283	3	290	239
127	1	46.048	291	283	305	3	283	3	290	238
127	42	47.426	272	283	294	3	263	3	271	237
127	116	45.763	295	283	296	4	283	8	295	237
127	72	45.956	272	283	296	4	263	4	272	237
127	20	44.027	293	283	295	4	282	4	293	233
127	13	44.161	274	283	305	4	263	4	274	227
127	93	43.253	289	283	297	4	282	8	292	225
127	2	43.253	289	283	297	4	282	8	292	225
127	83	41.438	292	283	296	4	283	8	295	220
127	110	41.611	298	283	295	4	283	4	294	219
127	87	44.406	286	283	313	21	283	19	303	218
127	32	42.705	281	283	303	4	260	2	280	207
127	6	42.182	275	283	303	4	261	6	280	206
127	10	45.455	253	283	307	24	256	33	280	205
127	34	40.702	285	283	288	8	283	3	281	203
127	92	41.176	289	283	293	8	283	3	286	203
127	12	40.614	293	283	293	8	283	3	286	203
127	123	41.288	264	283	294	8	262	3	261	201
127	23	40.493	284	283	304	3	261	2	282	201
127	33	39.394	264	283	296	8	262	3	261	201
127	71	43.706	286	283	295	4	266	6	283	199
127	58	41.634	257	283	309	21	260	30	285	200
127	53	43.233	266	283	295	8	262	3	260	199
127	4	40.625	288	283	309	21	283	19	301	199
127	111	45.525	257	283	276	38	282	23	274	197
127	18	45.833	240	283	261	38	261	1	239	196
127	43	41.219	279	283	273	8	283	4	266	197
127	64	39.394	297	283	300	8	283	4	299	197
127	29	43.796	274	283	287	21	282	7	274	197
127	88	41.154	260	283	272	8	265	3	245	196
127	102	38.811	286	283	293	8	281	3	280	196
127	94	42.636	258	283	271	21	260	19	271	195
127	26	39.100	289	283	292	8	283	3	285	195
127	68	39.576	283	283	298	8	277	3	277	195
127	50	42.636	258	283	294	8	256	3	253	194
127	55	40.959	271	283	297	10	268	1	267	194
127	47	41.418	268	283	299	8	262	3	262	193
127	30	42.412	257	283	274	8	263	3	241	192
127	59	39.773	264	283	294	8	262	3	260	192
127	121	42.105	266	283	279	17	271	2	263	192
127	125	41.429	280	283	292	18	283	7	278	192
127	91	40.288	278	283	298	4	264	4	279	192
127	38	40.214	281	283	276	3	281	4	264	191
127	81	43.223	273	283	286	22	283	8	275	191
127	95	40.690	290	283	291	15	283	6	281	191
127	46	44.444	252	283	294	32	266	28	277	191
127	106	42.913	254	283	284	38	280	24	273	190
127	80	42.238	277	283	298	4	260	4	275	190
127	78	40.385	260	283	274	8	265	3	244	189
127	48	38.202	267	283	289	8	265	3	262	190
127	128	40.741	270	283	290	17	272	2	268	190
127	3	43.697	238	283	301	38	260	42	279	189
127	108	40.741	243	283	284	34	260	20	262	188
127	66	40.304	263	283	296	8	260	3	259	189
127	7	40.288	278	283	283	15	283	6	279	187
127	89	41.473	258	283	272	8	263	3	241	187
127	8	41.455	275	283	302	4	260	6	279	187
127	61	37.801	291	283	295	8	283	3	288	187
127	109	39.615	260	283	273	8	265	3	245	186
127	54	39.785	279	283	278	12	283	3	277	186
127	100	37.801	291	283	296	4	272	2	292	186
127	122	38.462	286	283	290	8	283	3	283	186
127	114	40.698	258	283	272	8	263	3	241	184
127	60	40.152	264	283	274	12	272	4	252	184
127	17	39.630	270	283	289	10	265	1	263	184
127	77	39.216	255	283	273	8	262	3	241	184
127	75	37.729	273	283	291	8	274	3	270	184
127	49	41.065	263	283	278	5	265	2	248	184
127	57	39.706	272	283	294	21	281	9	275	184
127	37	39.114	271	283	300	10	270	1	268	184
127	28	40.357	280	283	292	15	282	6	279	183
127	41	42.105	266	283	288	12	267	3	264	182
127	124	39.453	256	283	272	8	263	3	241	181
127	112	40.351	285	283	286	15	277	6	285	182
127	56	37.241	290	283	299	8	283	3	285	182
127	96	41.909	241	283	287	33	263	24	261	181
127	22	40.234	256	283	281	38	283	29	280	181
127	85	39.453	256	283	274	8	263	3	241	180
127	44	39.249	293	283	282	3	283	2	281	180
127	117	39.116	294	283	282	3	283	2	278	180
127	129	39.850	266	283	289	8	265	3	261	180
127	86	39.768	259	283	281	12	260	3	258	179
127	51	39.326	267	283	275	8	272	4	254	179
127	19	43.802	242	283	288	34	261	28	264	179
127	65	40.727	275	283	287	20	281	7	273	179
127	16	40.816	245	283	292	32	265	23	264	178
127	24	39.080	261	283	273	8	265	3	246	178
127	101	37.918	269	283	292	10	268	1	266	177
127	90	39.382	259	283	281	12	260	3	258	177
127	62	39.033	269	283	287	28	283	22	286	177
127	39	41.803	244	283	292	32	265	23	263	176
127	98	37.109	256	283	272	8	263	3	241	175
127	27	37.597	258	283	271	8	263	3	241	175
127	9	38.328	287	283	292	12	282	3	279	176
127	15	39.100	289	283	281	3	283	2	277	175
127	36	40.927	259	283	293	20	260	17	268	175
127	82	39.535	258	283	274	8	263	3	242	174
127	107	39.544	263	283	281	33	282	24	279	174
127	76	37.589	282	283	281	12	283	3	280	172
127	31	38.636	264	283	298	12	261	3	259	172
127	79	38.652	282	283	281	12	282	3	279	171
127	84	38.996	259	283	281	12	260	3	258	171
127	70	40.574	244	283	288	34	260	28	263	171
127	99	36.680	259	283	275	8	263	3	242	168
128	128	100.000	290	290	290	1	290	1	290	610
128	57	73.264	288	290	294	1	288	1	287	466
128	29	72.760	279	290	287	10	288	7	285	457
128	55	73.118	279	290	297	11	289	14	292	456
128	111	74.349	269	290	276	10	278	7	275	452
128	81	70.877	285	290	286	1	285	1	282	439
128	95	68.662	284	290	291	1	284	4	287	430
128	125	66.899	287	290	292	1	287	1	287	428
128	37	70.545	275	290	300	11	285	14	287	426
128	121	71.174	281	290	279	1	281	1	277	421
128	41	71.747	269	290	288	11	279	14	281	420
128	28	68.231	277	290	292	11	287	14	289	417
128	101	69.925	266	290	292	11	276	14	278	409
128	9	68.817	279	290	292	11	289	14	291	407
128	31	67.897	271	290	298	11	281	14	283	405
128	79	69.173	266	290	281	11	276	14	278	402
128	76	67.669	266	290	281	11	276	14	278	397
128	16	65.000	280	290	292	11	290	14	292	397
128	84	66.541	266	290	281	11	276	14	278	395
128	44	66.165	266	290	282	11	276	14	279	390
128	86	65.789	266	290	281	11	276	14	278	390
128	15	66.917	266	290	281	11	276	14	275	388
128	7	63.830	282	290	283	1	282	4	283	385
128	17	63.899	277	290	289	11	286	14	287	385
128	117	65.441	272	290	282	11	282	14	282	383
128	90	64.662	266	290	281	11	276	14	278	382
128	106	65.414	266	290	284	8	273	6	267	380
128	65	61.458	288	290	287	1	288	1	285	379
128	54	65.789	266	290	278	11	276	14	275	379
128	22	64.662	266	290	281	11	276	14	278	378
128	96	66.912	272	290	287	10	279	13	281	376
128	39	64.552	268	290	292	9	276	12	278	371
128	107	62.545	275	290	281	2	276	5	278	370
128	112	61.278	266	290	286	11	276	14	275	358
128	91	50.549	273	290	298	1	264	13	282	269
128	23	49.822	281	290	304	9	275	25	299	266
128	80	50.746	268	290	298	1	257	13	276	264
128	71	52.529	257	290	295	9	256	19	272	263
128	100	52.239	268	290	296	1	259	11	276	261
128	3	48.315	267	290	301	6	260	22	283	260
128	32	49.627	268	290	303	7	260	23	284	259
128	58	49.071	269	290	309	6	256	22	285	259
128	6	47.569	288	290	303	8	277	22	301	258
128	108	48.872	266	290	284	8	260	6	266	257
128	64	50.000	260	290	300	10	260	23	280	256
128	10	50.746	268	290	307	8	260	28	288	255
128	46	51.128	266	290	294	17	270	25	286	254
128	18	51.362	257	290	261	26	273	1	254	253
128	8	49.442	269	290	302	4	260	20	283	253
128	87	42.561	289	290	313	9	280	18	305	226
128	92	42.969	256	290	293	11	264	17	267	225
128	48	42.205	263	290	289	2	264	8	263	224
128	59	41.538	260	290	294	10	266	16	268	223
128	61	42.912	261	290	295	10	266	16	271	223
128	4	41.697	271	290	309	25	284	35	304	222
128	56	39.860	286	290	299	10	289	16	293	221
128	70	42.599	277	290	288	7	276	14	285	220
128	36	43.939	264	290	293	11	264	17	276	219
128	34	40.809	272	290	288	2	268	8	267	219
128	66	39.777	269	290	296	2	268	8	271	219
128	94	44.958	238	290	271	25	256	35	271	219
128	33	40.214	281	290	296	11	285	17	290	219
128	123	40.755	265	290	294	2	264	8	267	219
128	47	40.364	275	290	299	11	279	17	285	219
128	19	40.141	284	290	288	1	274	3	281	216
128	68	39.924	263	290	298	10	268	16	272	216
128	12	39.033	269	290	293	2	266	8	269	215
128	102	39.700	267	290	293	2	264	8	267	214
128	50	41.353	266	290	294	10	268	16	269	213
128	62	40.580	276	290	287	8	277	15	285	213
128	53	39.847	261	290	295	10	267	16	269	211
128	26	39.259	270	290	292	2	268	8	270	211
128	24	44.186	258	290	273	11	265	17	248	209
128	129	42.126	254	290	289	11	264	17	264	209
128	115	42.553	282	290	296	6	279	24	293	204
128	122	40.784	255	290	290	10	264	16	264	204
128	105	40.161	249	290	283	21	266	30	267	203
128	104	39.855	276	290	283	10	272	19	283	203
128	5	44.086	279	290	297	10	281	28	296	203
128	40	42.264	265	290	288	8	266	18	272	201
128	75	37.879	264	290	291	2	264	8	264	200
128	42	42.857	266	290	294	22	282	40	294	199
128	45	41.079	241	290	283	21	258	31	260	199
128	118	40.562	249	290	284	21	266	31	268	198
128	120	41.948	267	290	285	10	268	17	273	196
128	11	40.780	282	290	298	6	279	24	293	196
128	25	42.294	279	290	296	10	282	28	296	196
128	52	40.833	240	290	284	22	258	32	260	193
128	119	42.460	252	290	274	8	256	12	250	191
128	83	40.684	263	290	296	24	281	42	295	191
128	127	40.741	270	290	283	2	268	17	272	190
128	109	39.245	265	290	273	2	265	8	247	189
128	69	39.706	272	290	283	10	276	20	280	189
128	116	41.036	251	290	296	24	269	42	283	189
128	77	39.453	256	290	273	11	265	17	248	188
128	63	40.458	262	290	283	2	259	12	262	189
128	103	38.148	270	290	283	10	275	20	278	188
128	97	41.219	279	290	288	10	282	20	288	187
128	93	41.634	257	290	297	21	272	40	287	187
128	2	41.634	257	290	297	21	272	40	287	187
128	67	39.098	266	290	295	22	282	40	295	186
128	126	39.683	252	290	283	10	257	20	260	185
128	78	36.226	265	290	274	11	275	17	256	184
128	35	38.189	254	290	282	6	256	19	258	184
128	20	39.855	276	290	295	10	278	29	294	183
128	82	39.062	256	290	274	11	265	17	248	182
128	114	37.736	265	290	272	2	265	8	247	182
128	72	40.927	259	290	296	22	275	40	288	182
128	98	36.981	265	290	272	2	265	8	247	181
128	14	41.699	259	290	291	7	259	21	269	181
128	60	37.879	264	290	274	11	272	18	256	181
128	13	41.797	256	290	305	10	259	29	274	181
128	1	39.789	284	290	305	7	284	21	293	181
128	74	39.370	254	290	274	10	256	14	250	180
128	30	37.984	258	290	274	11	265	17	247	179
128	110	40.157	254	290	295	24	272	42	285	179
128	51	35.793	271	290	275	10	278	17	262	178
128	88	37.354	257	290	272	11	265	17	247	177
128	38	38.132	257	290	276	11	265	19	250	177
128	73	39.600	250	290	275	10	256	14	251	176
128	85	36.328	256	290	274	11	265	17	247	175
128	124	37.838	259	290	272	10	265	16	247	175
128	89	34.766	256	290	272	11	265	17	247	172
128	21	38.996	259	290	280	22	276	32	277	172
128	43	35.798	257	290	273	11	265	18	249	171
128	27	34.799	273	290	271	2	273	8	255	167
128	99	35.938	256	290	275	11	265	17	248	165
128	49	35.019	257	290	278	11	265	19	250	165
129	129	100.000	289	289	289	1	289	1	289	603
129	122	80.000	290	289	290	1	289	1	290	499
129	92	67.687	294	289	293	1	289	1	293	410
129	102	65.529	293	289	293	1	289	1	293	407
129	12	64.164	293	289	293	1	289	1	293	401
129	66	63.851	296	289	296	1	289	1	296	397
129	68	63.087	298	289	298	1	288	1	297	392
129	26	64.846	293	289	292	1	289	1	292	390
129	33	63.176	296	289	296	1	289	1	296	389
129	56	61.538	299	289	299	1	288	1	299	389
129	47	62.333	300	289	299	1	289	1	299	385
129	61	61.695	295	289	295	1	289	1	295	384
129	59	61.905	294	289	294	1	289	1	294	383
129	53	62.838	296	289	295	1	289	1	295	383
129	123	60.410	293	289	294	1	287	1	293	377
129	75	61.512	291	289	291	1	289	1	291	376
129	34	60.208	289	289	288	1	289	1	288	375
129	50	61.017	295	289	294	1	289	1	294	373
129	48	57.732	291	289	289	1	289	1	289	367
129	114	49.811	265	289	272	1	264	1	246	259
129	82	47.636	275	289	274	1	274	1	257	256
129	85	47.925	265	289	274	1	264	1	246	252
129	27	44.523	283	289	271	1	282	1	264	248
129	78	46.269	268	289	274	1	268	1	249	246
129	24	45.017	291	289	273	1	283	1	273	246
129	88	45.583	283	289	272	1	281	1	264	246
129	98	47.170	265	289	272	1	264	1	246	245
129	109	45.357	280	289	273	1	277	1	261	244
129	124	46.792	265	289	272	1	264	1	246	243
129	77	44.803	279	289	273	1	277	1	261	243
129	30	46.442	267	289	274	1	266	1	248	242
129	43	45.070	284	289	273	1	282	2	266	239
129	89	43.662	284	289	272	1	282	1	265	239
129	99	45.489	266	289	275	1	264	1	247	235
129	51	45.865	266	289	275	1	264	2	248	233
129	60	44.891	274	289	274	1	272	2	256	232
129	38	45.113	266	289	276	1	264	3	249	230
129	49	45.865	266	289	278	1	264	3	249	229
129	54	43.728	279	289	278	2	275	2	274	224
129	23	42.349	281	289	304	1	256	1	281	224
129	70	45.038	262	289	288	32	282	32	287	222
129	125	43.223	273	289	292	17	283	11	279	221
129	101	43.382	272	289	292	7	273	4	275	221
129	58	41.115	287	289	309	3	259	2	288	218
129	29	41.948	267	289	287	13	273	4	270	217
129	106	45.455	253	289	284	17	264	9	258	217
129	121	41.007	278	289	279	12	283	2	275	216
129	111	41.573	267	289	276	13	273	4	270	215
129	117	40.925	281	289	282	8	283	4	279	214
129	128	42.205	263	289	290	17	273	11	273	214
129	36	43.123	269	289	293	4	256	4	268	214
129	18	48.133	241	289	261	32	258	1	240	213
129	62	41.758	273	289	287	4	267	4	274	213
129	57	43.590	273	289	294	17	283	10	278	213
129	87	41.100	309	289	313	4	288	6	308	214
129	41	42.606	284	289	288	8	286	5	284	213
129	6	43.775	249	289	303	23	256	31	279	212
129	46	47.951	244	289	294	28	257	30	272	212
129	17	41.176	272	289	289	9	275	6	277	212
129	7	41.281	281	289	283	8	283	5	280	211
129	19	42.912	261	289	288	30	282	30	287	211
129	100	46.875	256	289	296	17	256	21	273	210
129	28	41.071	280	289	292	9	283	6	281	210
129	22	41.791	268	289	281	2	264	2	266	209
129	44	39.931	288	289	282	1	282	1	281	209
129	32	44.094	254	289	303	17	256	27	280	210
129	71	47.059	255	289	295	17	256	21	272	209
129	3	39.781	274	289	301	3	256	6	279	209
129	91	43.728	279	289	298	3	259	4	278	209
129	10	43.750	256	289	307	17	256	31	284	209
129	64	40.727	275	289	300	3	256	4	276	209
129	9	41.697	271	289	292	8	273	5	275	208
129	16	46.281	242	289	292	32	264	29	267	207
129	65	43.137	255	289	287	15	264	7	261	206
129	79	41.199	267	289	281	3	264	3	266	206
129	80	46.124	258	289	298	17	259	23	278	206
129	112	41.219	279	289	286	8	281	5	276	206
129	107	42.917	240	289	281	30	264	27	266	205
129	37	39.236	288	289	300	1	283	1	281	204
129	95	39.931	288	289	291	8	289	5	288	204
129	86	40.076	262	289	281	8	264	5	266	203
129	84	41.637	281	289	281	8	282	5	280	202
129	31	38.710	279	289	298	8	281	5	283	203
129	81	41.026	273	289	286	17	283	8	276	202
129	15	40.418	287	289	281	2	283	2	278	201
129	55	41.577	279	289	297	1	273	1	276	201
129	39	41.379	261	289	292	9	264	6	266	201
129	76	42.412	257	289	281	8	256	5	258	200
129	108	40.157	254	289	284	17	256	9	262	199
129	115	43.922	255	289	296	19	264	31	278	197
129	40	42.125	273	289	288	1	264	2	270	196
129	90	38.571	280	289	281	8	282	5	280	196
129	5	43.411	258	289	297	32	283	45	297	196
129	8	41.367	278	289	302	17	281	27	301	195
129	96	42.915	247	289	287	17	257	14	259	193
129	93	41.445	263	289	297	26	283	39	297	193
129	2	41.445	263	289	297	26	283	39	297	193
129	94	41.949	236	289	271	32	256	36	271	192
129	97	40.909	286	289	288	3	282	7	287	192
129	4	40.323	248	289	309	32	268	36	283	190
129	11	42.857	252	289	298	19	264	31	278	188
129	83	38.745	271	289	296	19	283	30	296	187
129	116	39.689	257	289	296	32	283	44	296	186
129	25	40.310	258	289	296	13	264	25	278	186
129	42	40.794	277	289	294	19	282	25	294	185
129	127	39.024	287	289	283	3	282	8	283	184
129	72	40.800	250	289	296	26	268	38	281	184
129	120	36.986	292	289	285	1	283	1	285	184
129	67	41.538	260	289	295	32	283	44	295	184
129	126	39.194	273	289	283	2	264	2	267	183
129	20	44.118	238	289	295	32	264	46	279	183
129	69	41.509	265	289	283	3	258	7	261	182
129	35	41.200	250	289	282	32	274	36	272	182
129	13	39.552	268	289	305	3	264	16	279	182
129	74	43.882	237	289	274	32	264	31	258	180
129	45	41.921	229	289	283	32	256	36	258	180
129	103	39.098	266	289	283	2	258	2	261	179
129	52	38.246	285	289	284	3	282	6	284	177
129	73	41.176	272	289	275	17	282	15	274	176
129	118	42.553	235	289	284	32	256	36	258	174
129	104	37.770	278	289	283	10	282	13	282	173
129	63	38.023	263	289	283	3	260	7	263	173
129	105	36.940	268	289	283	3	265	5	266	172
129	14	36.140	285	289	291	3	282	12	290	172
129	1	36.140	285	289	305	3	282	12	290	172
129	110	38.521	257	289	295	32	283	44	295	172
129	119	39.114	271	289	274	17	282	15	273	166
129	21	38.908	293	289	280	1	282	2	279	164
13	13	100.000	305	305	305	1	305	1	305	638
13	20	66.892	296	305	295	1	296	1	295	422
13	1	64.164	293	305	305	6	298	2	293	407
13	11	64.094	298	305	298	1	297	1	297	403
13	14	63.918	291	305	291	6	296	2	291	402
13	42	65.320	297	305	294	1	296	1	294	400
13	25	62.290	297	305	296	1	296	1	296	388
13	5	60.811	296	305	297	1	294	1	295	369
13	72	57.627	295	305	296	1	294	1	293	366
13	67	58.305	295	305	295	1	294	1	293	362
13	115	59.140	279	305	296	1	279	1	278	362
13	97	56.338	284	305	288	14	296	5	288	357
13	110	57.966	295	305	295	1	294	1	293	358
13	83	57.095	296	305	296	1	294	1	294	355
13	116	56.419	296	305	296	1	294	1	294	353
13	93	56.081	296	305	297	1	294	1	295	350
13	2	56.081	296	305	297	1	294	1	295	350
13	40	57.823	294	305	288	1	294	1	285	345
13	120	48.475	295	305	285	4	294	3	283	268
13	103	41.667	288	305	283	12	296	3	283	229
13	126	42.123	292	305	283	8	296	3	283	229
13	127	44.161	274	305	283	4	274	4	263	227
13	104	42.857	294	305	283	6	296	4	283	225
13	45	42.230	296	305	283	4	296	3	283	224
13	21	43.771	297	305	280	1	294	4	278	223
13	73	43.144	299	305	275	1	294	1	273	223
13	119	44.649	271	305	274	28	294	13	272	220
13	63	43.525	278	305	283	22	296	13	283	220
13	74	44.485	272	305	274	29	296	14	274	218
13	69	43.060	281	305	283	19	296	11	283	218
13	52	42.909	275	305	284	1	272	3	259	216
13	35	41.667	288	305	282	12	296	3	282	216
13	118	42.806	278	305	284	22	296	12	283	215
13	105	40.283	283	305	283	16	293	5	279	212
13	87	42.857	259	305	313	29	271	19	273	209
13	58	42.308	260	305	309	29	271	30	285	198
13	6	40.925	281	305	303	12	271	2	279	197
13	68	39.286	280	305	298	16	282	3	271	194
13	33	41.264	269	305	296	10	271	1	259	193
13	4	41.313	259	305	309	29	272	19	272	193
13	123	37.847	288	305	294	16	293	3	284	190
13	102	37.847	288	305	293	16	296	3	283	189
13	94	39.922	258	305	271	29	271	19	271	189
13	122	40.559	286	305	290	16	294	3	282	189
13	47	37.729	273	305	299	16	279	3	268	189
13	50	42.570	249	305	294	37	279	23	265	189
13	3	39.146	281	305	301	7	272	1	280	188
13	32	38.214	280	305	303	12	272	2	281	185
13	80	38.909	275	305	298	12	272	4	276	184
13	23	40.873	252	305	304	34	271	30	281	184
13	59	38.028	284	305	294	16	290	3	280	183
13	57	41.634	257	305	294	26	272	6	256	182
13	91	38.095	273	305	298	12	271	4	275	182
13	129	39.552	268	305	289	16	279	3	264	182
13	128	41.797	256	305	290	29	274	10	259	181
13	71	37.943	282	305	295	2	271	7	272	181
13	64	36.879	282	305	300	2	271	6	276	181
13	66	38.403	263	305	296	16	271	3	259	180
13	10	37.979	287	305	307	3	271	1	284	181
13	18	42.259	239	305	261	46	271	1	238	178
13	108	40.385	260	305	284	34	275	12	271	179
13	15	41.538	260	305	281	16	267	3	251	178
13	34	40.486	247	305	288	37	277	23	264	178
13	100	36.594	276	305	296	12	275	2	277	178
13	75	38.697	261	305	291	16	271	3	256	178
13	106	37.809	283	305	284	29	304	8	283	177
13	48	40.909	242	305	289	36	271	22	255	177
13	56	38.148	270	305	299	16	271	3	262	177
13	61	36.981	265	305	295	16	271	3	261	177
13	92	39.918	243	305	293	46	281	32	269	177
13	111	39.085	284	305	276	26	296	4	276	176
13	12	39.200	250	305	293	37	279	23	267	176
13	53	40.249	241	305	295	46	279	32	266	176
13	29	38.732	284	305	287	26	296	4	276	176
13	8	38.163	283	305	302	1	271	3	279	175
13	55	43.154	241	305	297	41	271	24	259	175
13	17	39.928	278	305	289	8	275	3	262	173
13	81	42.085	259	305	286	26	271	4	253	172
13	112	42.510	247	305	286	34	271	17	255	172
13	125	41.699	259	305	292	29	274	10	259	171
13	95	41.036	251	305	291	34	274	17	262	171
13	26	39.370	254	305	292	37	279	23	266	171
13	46	40.323	248	305	294	37	271	25	271	169
13	96	42.000	250	305	287	27	267	11	254	169
13	121	39.689	257	305	279	25	271	1	252	168
13	28	40.076	262	305	292	22	272	9	259	168
13	39	41.667	252	305	292	34	273	17	260	168
13	62	38.956	249	305	287	36	272	22	264	168
13	43	39.370	254	305	273	47	294	34	265	167
13	82	36.972	284	305	274	16	298	3	262	167
13	65	40.945	254	305	287	27	271	6	253	167
13	37	38.113	265	305	300	16	271	3	258	167
13	19	39.300	257	305	288	36	277	22	272	167
13	90	39.416	274	305	281	8	272	3	259	166
13	16	38.007	271	305	292	34	294	17	280	165
13	54	42.149	242	305	278	34	267	17	251	164
13	86	40.647	278	305	281	8	272	3	259	164
13	44	37.050	278	305	282	14	275	1	263	163
13	41	39.370	254	305	288	28	272	12	259	162
13	77	38.211	246	305	273	47	292	33	260	162
13	36	36.333	300	305	293	16	294	6	291	162
13	7	40.909	242	305	283	34	267	17	253	161
13	114	37.262	263	305	272	32	292	19	259	160
13	70	35.185	270	305	288	37	294	23	286	160
13	117	40.400	250	305	282	28	267	12	252	160
13	79	38.433	268	305	281	8	267	3	254	160
13	9	38.321	274	305	292	34	294	17	279	159
13	101	38.554	249	305	292	34	274	17	261	159
13	84	37.943	282	305	281	23	296	7	281	159
13	49	35.473	296	305	278	6	293	3	269	158
13	109	35.938	256	305	273	47	297	33	269	157
13	78	35.659	258	305	274	16	273	3	239	157
13	27	37.021	235	305	271	47	281	33	248	156
13	51	36.431	269	305	275	22	289	10	254	156
13	99	35.341	249	305	275	35	283	21	251	155
13	30	35.556	270	305	274	34	294	20	270	155
13	38	38.525	244	305	276	47	289	35	255	154
13	107	39.167	240	305	281	41	271	24	258	154
13	31	41.423	239	305	298	41	267	24	254	154
13	24	34.375	288	305	273	16	303	3	267	153
13	76	38.462	260	305	281	23	267	7	254	153
13	98	37.097	248	305	272	32	279	19	246	152
13	88	36.564	227	305	272	48	274	34	241	151
13	22	38.983	236	305	281	41	267	24	254	151
13	89	35.341	249	305	272	26	274	12	241	148
13	124	35.156	256	305	272	47	293	33	269	148
13	85	34.884	258	305	274	47	304	33	266	148
13	60	35.547	256	305	274	47	293	34	271	146
14	14	100.000	291	291	291	1	291	1	291	607
14	1	100.000	291	291	305	1	291	1	291	607
14	42	67.007	294	291	294	2	291	2	294	412
14	20	62.712	295	291	295	2	291	2	295	402
14	13	63.918	291	291	305	2	291	6	296	402
14	25	63.729	295	291	296	2	291	2	296	401
14	11	63.014	292	291	298	2	288	2	293	395
14	72	59.932	292	291	296	2	289	2	293	386
14	97	60.702	285	291	288	9	291	4	288	381
14	67	59.386	293	291	295	2	290	2	294	375
14	115	60.616	292	291	296	2	288	2	293	375
14	5	61.356	295	291	297	2	290	2	296	373
14	110	58.703	293	291	295	2	290	2	294	370
14	83	58.844	294	291	296	2	290	2	295	367
14	40	60.000	285	291	288	6	290	2	286	364
14	93	59.107	291	291	297	2	290	6	296	358
14	2	59.107	291	291	297	2	290	6	296	358
14	116	59.450	291	291	296	2	290	6	295	357
14	120	52.740	292	291	285	3	290	2	284	286
14	63	47.038	287	291	283	9	291	4	283	245
14	45	45.548	292	291	283	3	291	2	283	241
14	103	45.486	288	291	283	8	291	3	283	241
14	105	44.948	287	291	283	8	291	5	282	239
14	127	46.048	291	291	283	3	290	3	283	239
14	104	45.329	289	291	283	6	291	4	283	236
14	118	45.196	281	291	284	14	291	9	283	236
14	126	44.792	288	291	283	8	291	3	283	234
14	52	44.291	289	291	284	6	291	4	283	233
14	69	43.151	292	291	283	3	291	2	283	227
14	119	45.788	273	291	274	22	290	12	273	224
14	35	42.857	287	291	282	8	291	3	282	221
14	74	44.118	272	291	274	24	291	14	274	219
14	73	43.403	288	291	275	8	290	3	274	218
14	21	43.003	293	291	280	1	290	1	279	215
14	87	44.403	268	291	313	16	266	9	273	212
14	4	44.015	259	291	309	24	267	19	272	200
14	94	43.023	258	291	271	24	266	19	271	196
14	33	39.338	272	291	296	2	266	1	259	189
14	101	40.067	297	291	292	1	288	1	280	187
14	50	39.847	261	291	294	12	266	3	257	184
14	123	36.585	287	291	294	12	288	3	284	184
14	58	40.078	257	291	309	24	266	30	285	183
14	64	38.849	278	291	300	2	266	6	276	182
14	6	40.000	255	291	303	26	266	25	279	182
14	128	41.699	259	291	290	21	269	7	259	181
14	112	39.350	277	291	286	1	269	1	258	181
14	48	37.500	288	291	289	12	290	3	282	181
14	80	38.768	276	291	298	4	267	4	276	180
14	7	38.255	298	291	283	3	291	2	283	179
14	3	37.993	279	291	301	4	267	2	280	179
14	17	41.667	276	291	289	4	270	3	262	179
14	37	39.928	278	291	300	1	269	1	261	179
14	66	35.889	287	291	296	12	288	3	284	179
14	54	39.057	297	291	278	3	291	2	278	177
14	53	37.786	262	291	295	12	266	3	258	177
14	71	40.794	277	291	295	7	266	1	272	177
14	12	35.986	289	291	293	12	290	3	286	177
14	23	39.419	241	291	304	40	266	41	281	177
14	39	40.794	277	291	292	1	267	1	259	176
14	16	41.155	277	291	292	1	267	1	260	176
14	106	41.304	276	291	284	22	284	6	269	175
14	100	37.184	277	291	296	4	267	2	274	176
14	111	39.928	278	291	276	24	291	7	276	174
14	29	39.928	278	291	287	24	291	7	276	175
14	125	40.840	262	291	292	17	267	3	257	175
14	81	40.559	286	291	286	16	290	1	275	175
14	79	40.809	272	291	281	4	266	3	258	174
14	46	37.545	277	291	294	2	266	7	271	174
14	15	39.404	302	291	281	3	290	2	277	174
14	68	36.655	281	291	298	6	277	1	271	174
14	84	38.721	297	291	281	4	291	3	281	173
14	122	36.986	292	291	290	6	290	1	283	173
14	57	40.840	262	291	294	16	267	1	256	173
14	91	38.043	276	291	298	4	266	4	275	173
14	102	36.678	289	291	293	12	290	3	286	172
14	95	38.435	294	291	291	7	290	6	281	172
14	31	37.500	304	291	298	4	290	3	283	172
14	41	39.273	275	291	288	4	267	3	259	171
14	9	40.000	295	291	292	4	289	3	279	171
14	56	38.983	236	291	299	41	266	32	262	171
14	121	41.406	256	291	279	24	269	6	255	170
14	76	37.584	298	291	281	4	291	3	281	170
14	65	40.000	255	291	287	21	266	5	253	169
14	107	40.074	272	291	281	4	266	3	258	169
14	117	39.130	299	291	282	3	290	2	278	169
14	44	36.789	299	291	282	3	291	2	282	169
14	96	40.530	264	291	287	37	288	25	278	168
14	34	35.439	285	291	288	12	290	3	281	168
14	75	37.692	260	291	291	12	266	3	256	168
14	61	40.254	236	291	295	41	266	32	261	168
14	129	35.789	285	291	289	12	290	3	282	168
14	59	36.398	261	291	294	12	266	3	258	168
14	10	39.216	255	291	307	27	266	33	284	168
14	32	39.453	256	291	303	27	267	31	281	167
14	47	35.926	270	291	299	6	266	1	260	167
14	28	37.627	295	291	292	7	289	6	279	166
14	55	36.242	298	291	297	1	288	1	279	166
14	18	40.167	239	291	261	41	266	1	238	165
14	70	35.417	288	291	288	15	290	6	287	165
14	86	38.321	274	291	281	4	267	3	259	165
14	92	35.294	289	291	293	12	290	3	286	165
14	77	36.000	275	291	273	12	284	3	257	164
14	26	36.395	294	291	292	6	290	1	285	164
14	22	36.242	298	291	281	3	291	2	281	164
14	24	35.316	269	291	273	12	280	3	253	164
14	108	39.004	241	291	284	40	266	23	262	164
14	43	36.879	282	291	273	12	290	4	266	163
14	8	35.401	274	291	302	8	266	6	279	162
14	90	36.996	273	291	281	4	267	3	259	160
14	36	34.448	299	291	293	9	290	3	292	160
14	88	36.822	258	291	272	12	269	3	241	159
14	62	35.739	291	291	287	15	290	6	286	159
14	38	39.700	267	291	276	1	266	2	241	157
14	49	37.918	269	291	278	1	269	2	244	157
14	114	36.122	263	291	272	12	274	3	246	155
14	19	35.986	289	291	288	15	290	6	287	155
14	82	38.235	238	291	274	37	274	28	247	155
14	30	33.962	265	291	274	12	276	3	248	153
14	98	34.981	263	291	272	12	274	3	246	152
14	89	33.962	265	291	272	12	276	3	248	151
14	85	34.457	267	291	274	12	278	3	250	150
14	124	34.496	258	291	272	12	269	3	241	150
14	109	34.109	258	291	273	12	269	3	241	150
14	51	36.330	267	291	275	1	266	1	240	148
14	27	33.333	270	291	271	12	281	3	253	147
14	60	34.495	287	291	274	1	284	1	257	147
14	78	32.941	255	291	274	12	266	3	237	144
14	99	32.222	270	291	275	12	281	3	254	144
15	15	100.000	281	281	281	1	281	1	281	586
15	54	79.783	277	281	278	1	277	1	277	477
15	7	76.678	283	281	283	1	281	1	283	462
15	117	75.532	282	281	282	2	281	2	282	449
15	44	73.214	280	281	282	2	277	2	281	442
15	22	72.500	280	281	281	1	277	1	280	437
15	17	70.567	282	281	289	3	281	3	284	428
15	79	70.251	279	281	281	1	276	1	279	427
15	101	72.364	275	281	292	5	276	5	279	427
15	9	69.718	284	281	292	1	281	1	284	423
15	107	68.459	279	281	281	1	276	1	279	422
15	41	68.705	278	281	288	1	275	1	278	421
15	31	69.149	282	281	298	1	279	1	282	422
15	95	69.314	277	281	291	6	278	6	282	418
15	28	68.310	284	281	292	1	281	1	284	417
15	76	67.857	280	281	281	1	277	1	280	417
15	65	72.830	265	281	287	14	275	9	273	416
15	86	70.357	280	281	281	1	277	1	280	412
15	84	66.429	280	281	281	1	277	1	280	412
15	37	68.214	280	281	300	3	278	3	281	410
15	16	67.870	277	281	292	4	276	4	280	403
15	90	67.857	280	281	281	1	277	1	280	402
15	55	67.391	276	281	297	4	275	4	279	400
15	39	68.613	274	281	292	6	276	6	279	394
15	81	66.667	270	281	286	13	278	7	276	391
15	128	66.917	266	281	290	14	275	11	276	388
15	112	64.576	271	281	286	6	276	6	276	383
15	121	66.914	269	281	279	11	275	4	272	382
15	106	67.568	259	281	284	14	272	9	267	380
15	57	66.165	266	281	294	14	275	10	275	379
15	111	65.543	267	281	276	14	276	8	274	372
15	29	65.543	267	281	287	14	276	8	274	371
15	96	65.809	272	281	287	14	280	14	283	369
15	125	63.838	271	281	292	14	280	11	281	360
15	23	45.425	306	281	304	1	277	1	303	264
15	80	50.929	269	281	298	3	255	12	275	258
15	91	49.458	277	281	298	3	263	12	282	258
15	6	49.627	268	281	303	17	269	28	292	258
15	71	47.744	266	281	295	3	255	10	272	256
15	100	48.540	274	281	296	3	255	2	273	254
15	46	48.540	274	281	294	3	263	9	278	250
15	32	50.391	256	281	303	14	255	27	280	249
15	64	45.333	300	281	300	3	278	4	300	249
15	3	49.020	255	281	301	14	255	27	279	248
15	18	48.249	257	281	261	29	272	1	254	242
15	108	47.266	256	281	284	14	255	9	262	242
15	8	49.627	268	281	302	3	255	14	279	242
15	10	50.400	250	281	307	22	255	37	284	240
15	58	47.490	259	281	309	15	255	32	285	239
15	123	44.000	275	281	294	2	267	2	271	228
15	66	44.161	274	281	296	2	265	2	269	228
15	48	43.750	272	281	289	1	264	1	264	225
15	26	42.391	276	281	292	2	265	2	268	224
15	59	42.182	275	281	294	2	267	2	270	223
15	12	42.857	280	281	293	2	271	2	276	223
15	33	41.297	293	281	296	2	280	2	289	222
15	61	42.182	275	281	295	2	265	2	271	221
15	47	42.909	275	281	299	2	265	2	270	219
15	62	40.000	285	281	287	3	277	6	286	218
15	56	43.253	289	281	299	2	277	2	285	218
15	87	44.118	272	281	313	28	280	35	306	218
15	92	42.647	272	281	293	2	264	2	268	216
15	50	42.701	274	281	294	2	266	2	268	215
15	36	41.237	291	281	293	3	277	6	292	214
15	53	41.455	275	281	295	2	266	2	269	214
15	102	40.206	291	281	293	2	278	2	287	213
15	75	41.392	273	281	291	2	266	2	267	213
15	70	41.455	275	281	288	17	277	20	287	211
15	4	40.753	292	281	309	7	278	13	302	212
15	94	44.828	261	281	271	7	255	13	271	210
15	19	39.860	286	281	288	3	277	6	287	211
15	68	41.404	285	281	298	2	275	2	275	209
15	120	43.729	295	281	285	1	278	1	285	208
15	34	39.925	268	281	288	2	263	2	263	202
15	122	41.091	275	281	290	2	269	2	270	202
15	129	41.045	268	281	289	2	263	2	264	198
15	105	40.441	272	281	283	1	265	3	267	197
15	24	41.948	267	281	273	2	264	2	248	194
15	118	40.141	284	281	284	1	281	8	284	191
15	40	41.137	299	281	288	2	279	3	288	190
15	109	40.449	267	281	273	2	263	2	246	188
15	104	38.621	290	281	283	3	281	6	283	188
15	126	41.353	266	281	283	1	255	1	259	188
15	110	41.762	261	281	295	28	278	43	295	187
15	115	41.328	271	281	296	17	280	38	295	186
15	45	42.146	261	281	283	3	257	7	260	186
15	25	40.418	287	281	296	1	277	22	295	185
15	35	38.062	289	281	282	1	277	1	281	184
15	11	39.384	292	281	298	2	271	3	286	182
15	114	38.577	267	281	272	2	264	2	247	181
15	77	39.700	267	281	273	2	263	2	247	180
15	124	37.970	266	281	272	2	263	2	246	180
15	52	43.534	232	281	284	29	257	36	260	180
15	72	37.584	298	281	296	3	279	4	293	179
15	83	40.613	261	281	296	28	279	43	294	179
15	30	38.225	293	281	274	2	279	2	273	179
15	51	36.000	275	281	275	3	275	8	260	178
15	78	37.132	272	281	274	2	270	2	252	178
15	60	38.462	260	281	274	14	271	18	256	177
15	13	41.538	260	281	305	3	251	16	267	178
15	27	37.778	270	281	271	5	272	8	255	176
15	89	36.860	293	281	272	2	278	2	272	176
15	42	37.667	300	281	294	2	277	3	293	176
15	38	36.940	268	281	276	2	264	4	250	175
15	127	39.100	289	281	283	2	277	3	283	175
15	5	40.074	272	281	297	18	278	39	297	175
15	73	40.996	261	281	275	1	256	1	252	174
15	88	37.970	266	281	272	2	263	2	246	174
15	99	37.079	267	281	275	2	264	2	248	174
15	14	39.404	302	281	291	2	277	3	290	174
15	74	41.569	255	281	274	6	256	6	251	173
15	1	39.404	302	281	305	2	277	3	290	174
15	85	37.546	269	281	274	2	266	2	249	172
15	97	41.379	261	281	288	29	277	37	287	173
15	63	42.520	254	281	283	29	277	37	282	172
15	116	38.931	262	281	296	28	278	43	296	173
15	20	38.487	304	281	295	3	281	4	295	172
15	119	40.385	260	281	274	1	256	1	251	172
15	69	39.130	253	281	283	29	277	37	282	172
15	103	39.700	267	281	283	1	256	1	260	171
15	98	35.531	273	281	272	2	269	2	253	170
15	82	37.079	267	281	274	2	264	2	248	170
15	49	36.431	269	281	278	2	264	4	250	168
15	93	40.000	265	281	297	28	278	44	297	168
15	2	40.000	265	281	297	28	278	44	297	168
15	21	37.943	282	281	280	3	277	7	279	167
15	67	36.877	301	281	295	2	277	3	294	166
15	43	35.115	262	281	273	5	264	9	249	162
16	16	100.000	292	292	292	1	292	1	292	612
16	101	74.653	288	292	292	1	288	1	287	459
16	39	76.736	288	292	292	1	288	1	287	458
16	17	70.035	287	292	289	1	286	1	285	428
16	28	70.609	279	292	292	2	280	2	279	425
16	79	69.892	279	292	281	2	280	2	279	422
16	95	66.084	286	292	291	2	286	2	287	414
16	9	66.551	287	292	292	2	288	2	287	412
16	76	67.857	280	292	281	1	280	1	279	411
16	55	67.384	279	292	297	1	279	1	279	410
16	86	67.986	278	292	281	2	279	2	278	409
16	112	67.708	288	292	286	1	288	1	284	408
16	84	68.100	279	292	281	1	279	1	278	407
16	117	67.376	282	292	282	4	285	4	282	405
16	107	69.455	275	292	281	7	280	7	279	405
16	15	67.870	277	292	281	4	280	4	276	403
16	106	67.742	279	292	284	14	292	9	283	402
16	57	68.797	266	292	294	14	279	10	275	403
16	22	68.478	276	292	281	4	279	4	278	402
16	54	68.953	277	292	278	4	280	4	276	402
16	41	66.547	278	292	288	2	279	2	278	399
16	81	68.165	267	292	286	13	279	7	273	397
16	128	65.000	280	292	290	14	292	11	290	397
16	31	65.468	278	292	298	2	279	2	278	397
16	37	65.591	279	292	300	1	279	1	278	397
16	125	67.870	277	292	292	14	289	11	287	396
16	7	66.078	283	292	283	3	285	3	283	396
16	44	64.621	277	292	282	4	280	4	280	392
16	90	67.986	278	292	281	2	279	2	278	390
16	111	67.416	267	292	276	14	280	8	274	387
16	29	67.416	267	292	287	14	280	8	274	387
16	65	67.528	271	292	287	14	283	9	277	384
16	121	63.941	269	292	279	11	279	4	272	368
16	96	60.714	280	292	287	1	279	1	278	352
16	80	51.894	264	292	298	6	260	15	276	270
16	91	50.190	263	292	298	6	259	15	275	267
16	71	47.925	265	292	295	4	259	11	272	261
16	46	50.570	263	292	294	6	259	12	271	261
16	100	47.601	271	292	296	6	267	13	280	257
16	23	49.027	257	292	304	14	259	27	281	252
16	6	48.092	262	292	303	23	273	34	292	249
16	64	47.222	252	292	300	17	259	27	276	248
16	18	50.000	252	292	261	29	268	1	246	246
16	58	47.471	257	292	309	15	259	32	285	246
16	3	47.287	258	292	301	14	260	27	280	240
16	32	47.059	255	292	303	16	260	29	281	239
16	108	44.891	274	292	284	6	267	1	269	236
16	10	46.154	260	292	307	22	267	37	291	234
16	70	42.188	256	292	288	17	267	20	271	226
16	26	44.664	253	292	292	20	270	23	269	225
16	33	41.418	268	292	296	4	267	8	267	225
16	8	47.328	262	292	302	16	267	29	286	225
16	68	43.173	271	292	298	4	267	8	268	225
16	92	42.647	272	292	293	20	288	23	289	224
16	59	43.333	270	292	294	4	271	8	270	224
16	62	42.379	269	292	287	11	271	11	275	223
16	56	44.358	257	292	299	29	279	32	283	224
16	47	42.537	268	292	299	29	292	32	284	223
16	34	43.396	265	292	288	20	280	23	280	222
16	48	44.048	252	292	289	19	270	22	266	222
16	123	42.308	260	292	294	14	271	17	271	221
16	19	40.794	277	292	288	1	272	4	276	221
16	66	43.600	250	292	296	20	267	23	267	218
16	12	42.188	256	292	293	14	267	17	267	218
16	102	41.825	263	292	293	29	288	32	289	217
16	61	43.210	243	292	295	29	267	32	269	217
16	36	39.792	289	292	293	4	280	7	291	216
16	87	42.238	277	292	313	3	267	5	281	213
16	122	40.909	286	292	290	4	288	8	286	209
16	53	42.085	259	292	295	14	267	17	266	209
16	129	46.281	242	292	289	29	267	32	264	207
16	50	43.651	252	292	294	20	267	23	265	207
16	4	42.692	260	292	309	16	267	22	279	207
16	75	41.569	255	292	291	20	269	23	266	206
16	94	43.701	254	292	271	16	259	22	271	203
16	104	42.066	271	292	283	3	260	2	259	201
16	24	41.111	270	292	273	14	282	17	261	199
16	120	42.007	269	292	285	4	260	4	262	199
16	35	39.519	291	292	282	4	284	4	277	198
16	77	39.464	261	292	273	9	268	12	248	192
16	45	41.065	263	292	283	4	260	8	259	192
16	118	42.000	250	292	284	15	260	21	259	192
16	5	41.729	266	292	297	23	280	39	295	189
16	105	41.079	241	292	283	23	260	29	258	188
16	115	41.860	258	292	296	23	275	39	286	187
16	97	40.404	297	292	288	1	280	1	286	186
16	60	37.970	266	292	274	14	277	18	258	185
16	52	40.234	256	292	284	23	269	30	274	185
16	74	40.698	258	292	274	6	259	6	250	184
16	126	39.695	262	292	283	23	280	31	281	184
16	82	37.918	269	292	274	9	274	12	256	183
16	40	40.449	267	292	288	23	282	31	287	183
16	78	38.224	259	292	274	14	272	17	250	182
16	30	39.080	261	292	274	9	268	12	247	182
16	114	38.951	267	292	272	9	271	12	252	181
16	51	37.956	274	292	275	1	267	1	248	180
16	109	38.403	263	292	273	9	269	12	248	179
16	25	41.313	259	292	296	23	275	39	286	180
16	99	36.154	260	292	275	9	267	12	247	179
16	69	39.098	266	292	283	23	284	31	278	179
16	20	42.045	264	292	295	23	280	40	293	179
16	127	40.816	245	292	283	23	264	32	265	178
16	85	36.260	262	292	274	9	269	12	248	177
16	38	36.678	289	292	276	1	282	2	259	177
16	103	38.225	293	292	283	4	285	4	279	176
16	21	39.116	294	292	280	1	285	1	276	176
16	14	41.155	277	292	291	1	260	1	267	176
16	98	35.878	262	292	272	9	269	12	248	175
16	72	40.000	260	292	296	15	268	29	278	176
16	67	38.435	294	292	295	1	280	10	293	176
16	88	37.743	257	292	272	14	269	17	248	175
16	1	41.155	277	292	305	1	260	1	267	176
16	89	36.502	263	292	272	9	270	12	249	174
16	93	38.603	272	292	297	18	280	34	295	174
16	2	38.603	272	292	297	18	280	34	295	174
16	43	35.690	297	292	273	1	287	1	272	173
16	42	39.394	264	292	294	17	275	32	284	174
16	11	41.085	258	292	298	23	275	39	286	173
16	27	36.923	260	292	271	9	267	12	246	172
16	63	39.256	242	292	283	23	261	31	261	172
16	124	35.878	262	292	272	9	269	12	248	170
16	119	39.419	241	292	274	23	259	25	250	169
16	49	36.090	266	292	278	4	267	10	249	169
16	73	37.548	261	292	275	23	280	25	273	168
16	13	38.007	271	292	305	17	280	34	294	165
16	83	35.955	267	292	296	23	280	38	294	163
16	116	36.090	266	292	296	23	280	38	294	162
16	110	37.450	251	292	295	19	264	34	273	160
17	17	100.000	289	289	289	1	289	1	289	602
17	101	77.622	286	289	292	1	286	1	286	481
17	107	72.857	280	289	281	2	281	2	281	452
17	76	72.043	279	289	281	1	279	1	279	442
17	79	72.401	279	289	281	1	279	1	279	439
17	39	71.575	292	289	292	1	289	1	292	432
17	54	72.924	277	289	278	3	279	3	276	429
17	15	70.567	282	289	281	3	284	3	281	428
17	16	70.035	287	289	292	1	285	1	286	428
17	117	71.631	282	289	282	3	284	3	282	426
17	41	68.345	278	289	288	1	278	1	278	426
17	86	70.397	277	289	281	2	278	2	278	424
17	7	71.326	279	289	283	6	284	6	283	423
17	84	70.504	278	289	281	1	278	1	278	423
17	9	69.534	279	289	292	1	279	1	279	422
17	112	66.667	288	289	286	1	288	1	285	421
17	31	69.424	278	289	298	1	278	1	278	419
17	55	69.534	279	289	297	1	278	1	279	419
17	65	72.119	269	289	287	12	280	7	275	417
17	28	68.345	278	289	292	2	279	2	279	411
17	44	69.065	278	289	282	3	279	3	280	409
17	22	67.636	275	289	281	4	278	4	278	407
17	90	68.345	278	289	281	1	278	1	278	406
17	95	66.784	283	289	291	6	286	6	288	406
17	106	70.330	273	289	284	14	286	9	278	405
17	37	65.636	291	289	300	1	288	1	289	405
17	81	68.914	267	289	286	13	278	7	273	392
17	111	67.790	267	289	276	14	279	8	274	385
17	128	63.899	277	289	290	14	287	11	286	385
17	29	67.790	267	289	287	14	279	8	274	385
17	57	66.165	266	289	294	14	278	10	275	385
17	121	65.799	269	289	279	11	278	4	272	377
17	125	64.964	274	289	292	14	285	11	284	372
17	96	65.530	264	289	287	14	275	14	275	355
17	71	50.370	270	289	295	3	259	10	273	268
17	91	49.270	274	289	298	3	266	12	282	265
17	100	48.529	272	289	296	6	267	13	281	264
17	80	50.179	279	289	298	3	271	12	287	263
17	3	49.281	278	289	301	14	273	27	300	259
17	46	51.481	270	289	294	3	258	9	271	258
17	6	47.902	286	289	303	3	272	10	292	254
17	23	48.249	257	289	304	14	258	27	281	254
17	18	49.416	257	289	261	29	275	1	254	251
17	108	46.931	277	289	284	14	273	9	283	248
17	8	46.713	289	289	302	1	277	12	297	241
17	32	46.154	273	289	303	16	277	29	298	241
17	58	46.154	260	289	309	14	258	31	285	240
17	33	44.161	274	289	296	1	268	1	269	237
17	66	44.203	276	289	296	1	269	1	270	236
17	10	46.718	259	289	307	22	267	37	292	236
17	123	43.197	294	289	294	1	283	1	289	236
17	64	42.756	283	289	300	3	266	4	283	236
17	12	45.487	277	289	293	1	269	1	270	234
17	48	45.035	282	289	289	1	274	1	273	231
17	26	42.701	274	289	292	1	269	1	269	230
17	53	44.364	275	289	295	1	268	1	268	229
17	70	42.435	271	289	288	17	281	20	286	228
17	92	43.956	273	289	293	1	267	1	268	226
17	62	41.852	270	289	287	7	270	11	275	224
17	56	41.379	290	289	299	6	288	9	293	224
17	4	46.185	249	289	309	28	269	35	282	224
17	61	41.812	287	289	295	6	286	9	286	222
17	50	43.590	273	289	294	1	268	1	267	222
17	87	44.981	269	289	313	7	266	13	281	221
17	59	41.091	275	289	294	1	270	1	270	219
17	122	43.123	269	289	290	6	272	9	270	219
17	36	39.493	276	289	293	2	266	5	276	218
17	34	43.726	263	289	288	1	260	1	257	218
17	94	46.639	238	289	271	28	258	35	271	217
17	102	41.053	285	289	293	1	278	1	280	217
17	47	42.007	269	289	299	6	269	9	271	217
17	75	41.111	270	289	291	1	267	1	265	216
17	68	41.135	282	289	298	6	282	9	284	215
17	19	38.676	287	289	288	1	281	4	286	214
17	129	42.146	261	289	289	6	266	9	264	210
17	24	42.164	268	289	273	3	269	7	250	202
17	120	41.791	268	289	285	3	262	7	265	202
17	114	43.019	265	289	272	1	261	1	241	199
17	78	40.580	276	289	274	1	273	1	252	198
17	115	41.958	286	289	296	1	274	10	286	194
17	82	40.293	273	289	274	7	277	10	259	192
17	104	42.697	267	289	283	3	258	6	258	192
17	85	41.132	265	289	274	1	261	1	241	192
17	77	39.576	283	289	273	1	279	1	259	192
17	45	41.199	267	289	283	3	258	3	258	190
17	69	41.313	259	289	283	29	279	37	281	190
17	27	39.850	266	289	271	1	261	1	241	189
17	98	38.989	277	289	272	1	272	1	253	186
17	40	40.927	259	289	288	28	279	36	285	186
17	105	38.628	277	289	283	1	268	3	267	186
17	43	39.313	262	289	273	11	270	15	252	185
17	74	41.154	260	289	274	6	261	6	253	184
17	127	39.630	270	289	283	1	263	10	265	184
17	35	38.028	284	289	282	1	279	9	280	184
17	103	40.672	268	289	283	3	266	11	267	184
17	118	39.259	270	289	284	3	268	10	268	183
17	109	38.516	283	289	273	1	277	1	259	183
17	49	40.074	272	289	278	3	269	5	252	182
17	88	38.516	283	289	272	1	277	1	259	182
17	51	37.407	270	289	275	11	278	15	260	182
17	30	39.163	263	289	274	9	269	12	250	181
17	89	38.868	265	289	272	1	261	1	241	181
17	99	38.095	273	289	275	1	269	1	250	180
17	73	41.045	268	289	275	1	261	1	254	179
17	72	43.725	247	289	296	28	267	43	278	179
17	60	39.768	259	289	274	5	261	9	243	179
17	119	41.250	240	289	274	24	261	26	253	179
17	14	41.667	276	289	291	3	262	4	270	179
17	25	40.502	279	289	296	12	279	27	294	178
17	1	41.667	276	289	305	3	262	4	270	178
17	42	41.270	252	289	294	28	274	43	284	177
17	38	39.163	263	289	276	11	269	16	252	177
17	124	38.889	270	289	272	1	266	1	246	175
17	5	37.415	294	289	297	3	279	12	295	175
17	67	36.610	295	289	295	1	281	10	295	175
17	110	39.583	240	289	295	28	262	43	273	174
17	83	37.308	260	289	296	28	281	43	294	173
17	97	39.161	286	289	288	3	279	11	286	173
17	126	38.077	260	289	283	5	260	12	261	172
17	13	39.928	278	289	305	3	262	8	275	173
17	52	37.453	267	289	284	3	258	6	258	172
17	11	39.630	270	289	298	11	274	26	286	171
17	63	40.000	240	289	283	29	261	37	262	171
17	20	39.273	275	289	295	1	262	10	275	170
17	21	38.276	290	289	280	1	279	1	278	168
17	116	38.846	260	289	296	28	279	43	294	168
17	93	38.403	263	289	297	28	279	44	295	164
17	2	38.403	263	289	297	28	279	44	295	164
18	18	100.000	261	261	261	1	261	1	261	541
18	46	78.544	261	261	294	1	261	34	294	439
18	80	76.245	261	261	298	1	261	38	298	430
18	91	75.096	261	261	298	1	261	38	298	430
18	100	73.180	261	261	296	1	261	36	296	416
18	71	72.797	261	261	295	1	261	36	295	404
18	6	62.879	264	261	303	1	261	40	303	355
18	23	61.597	263	261	304	1	261	42	304	352
18	32	60.687	262	261	303	1	261	42	303	344
18	58	59.470	264	261	309	1	261	46	309	338
18	64	60.076	263	261	300	1	261	39	300	333
18	10	61.847	249	261	307	1	245	44	291	326
18	108	59.514	247	261	284	1	245	24	269	324
18	3	58.039	255	261	301	1	254	42	295	317
18	8	58.397	262	261	302	1	261	42	302	313
18	86	53.175	252	261	281	1	247	29	268	265
18	81	53.200	250	261	286	1	246	23	262	257
18	76	50.943	265	261	281	1	260	29	276	255
18	128	51.362	257	261	290	1	254	26	273	253
18	44	51.004	249	261	282	1	246	29	268	252
18	9	51.311	267	261	292	1	261	29	280	252
18	28	51.181	254	261	292	1	248	29	269	251
18	17	49.416	257	261	289	1	254	29	275	251
18	84	50.187	267	261	281	1	260	29	280	251
18	57	48.249	257	261	294	1	254	25	272	250
18	90	49.430	263	261	281	1	260	29	281	249
18	106	50.000	262	261	284	1	259	24	271	248
18	29	50.190	263	261	287	1	259	23	270	248
18	95	51.190	252	261	291	1	249	29	271	248
18	22	49.810	263	261	281	1	260	29	280	247
18	111	49.810	263	261	276	1	259	23	270	246
18	41	50.192	261	261	288	1	258	29	278	246
18	16	50.000	252	261	292	1	246	29	268	246
18	117	52.479	242	261	282	1	239	29	257	245
18	54	48.679	265	261	278	1	260	29	277	245
18	37	50.584	257	261	300	1	254	29	275	245
18	101	49.027	257	261	292	1	254	29	275	245
18	31	49.434	265	261	298	1	260	29	280	244
18	121	48.207	251	261	279	1	246	22	261	244
18	112	50.403	248	261	286	1	245	29	263	243
18	15	48.249	257	261	281	1	254	29	272	242
18	55	48.120	266	261	297	1	260	29	284	242
18	107	50.000	254	261	281	1	249	29	270	240
18	125	49.174	242	261	292	1	240	26	258	241
18	79	49.194	248	261	281	1	245	29	266	239
18	7	47.170	265	261	283	1	260	29	279	234
18	65	47.843	255	261	287	1	249	24	265	233
18	39	48.413	252	261	292	1	247	29	268	233
18	96	50.996	251	261	287	1	246	29	267	231
18	33	45.914	257	261	296	1	255	32	278	229
18	50	48.996	249	261	294	1	248	32	268	228
18	87	45.935	246	261	313	1	240	36	275	222
18	68	46.694	242	261	298	1	240	32	262	221
18	66	48.560	243	261	296	1	243	32	264	221
18	102	47.500	240	261	293	1	240	32	261	220
18	47	44.697	264	261	299	1	261	32	278	218
18	53	45.000	260	261	295	1	259	32	280	217
18	62	44.361	266	261	287	1	261	32	287	217
18	70	44.813	241	261	288	1	238	32	263	216
18	56	44.697	264	261	299	1	260	32	285	216
18	92	48.963	241	261	293	1	240	32	261	214
18	19	45.679	243	261	288	1	240	32	265	213
18	129	48.133	241	261	289	1	240	32	258	212
18	12	46.091	243	261	293	1	243	32	264	212
18	36	45.528	246	261	293	1	238	32	268	210
18	61	45.643	241	261	295	1	239	32	262	209
18	48	46.444	239	261	289	1	238	32	255	209
18	26	44.856	243	261	292	1	243	32	263	208
18	123	44.444	243	261	294	1	243	32	264	207
18	103	46.444	239	261	283	1	239	37	260	206
18	59	44.400	250	261	294	1	249	32	270	205
18	122	45.000	240	261	290	1	240	32	258	205
18	126	45.378	238	261	283	1	238	37	259	202
18	34	45.188	239	261	288	1	239	32	256	201
18	35	43.333	240	261	282	1	239	36	259	199
18	63	45.188	239	261	283	1	239	37	260	199
18	94	42.798	243	261	271	1	238	36	271	197
18	75	42.085	259	261	291	1	256	32	275	197
18	127	45.833	240	261	283	1	239	38	261	196
18	69	46.025	239	261	283	1	238	37	259	196
18	85	39.706	272	261	274	2	260	33	273	194
18	4	43.320	247	261	309	1	238	36	271	196
18	114	44.304	237	261	272	2	238	33	238	192
18	98	42.449	245	261	272	2	245	33	246	192
18	24	43.038	237	261	273	2	238	33	239	192
18	73	43.333	240	261	275	1	240	31	253	192
18	77	41.772	237	261	273	2	238	33	239	190
18	27	42.797	236	261	271	3	238	34	238	189
18	104	43.277	238	261	283	1	238	36	258	189
18	45	42.324	241	261	283	1	238	36	258	188
18	82	41.772	237	261	274	2	238	33	239	187
18	105	44.583	240	261	283	1	238	35	257	187
18	99	41.949	236	261	275	3	238	34	239	187
18	78	39.695	262	261	274	2	255	33	262	186
18	109	43.882	237	261	273	2	238	33	238	186
18	74	42.562	242	261	274	1	240	31	252	186
18	88	45.339	236	261	272	3	238	34	238	185
18	119	43.388	242	261	274	1	240	31	252	185
18	89	41.525	236	261	272	3	238	34	238	185
18	42	42.017	238	261	294	1	238	44	268	184
18	120	44.583	240	261	285	1	238	33	261	184
18	51	41.004	239	261	275	2	238	34	240	183
18	30	44.304	237	261	274	2	238	33	238	182
18	43	40.928	237	261	273	2	238	34	240	182
18	52	42.017	238	261	284	1	238	36	258	182
18	11	43.154	241	261	298	1	238	45	270	182
18	20	44.118	238	261	295	1	238	46	271	182
18	118	41.270	252	261	284	1	250	36	271	181
18	38	41.772	237	261	276	2	238	35	241	180
18	25	41.569	255	261	296	1	251	45	284	179
18	97	42.017	238	261	288	1	238	37	262	178
18	115	40.076	262	261	296	1	259	45	294	178
18	60	41.423	239	261	274	2	238	34	240	177
18	13	42.259	239	261	305	1	238	46	271	178
18	124	42.194	237	261	272	2	238	33	238	175
18	72	41.909	241	261	296	1	238	44	269	174
18	40	38.956	249	261	288	1	248	37	273	174
18	116	39.669	242	261	296	1	238	44	270	174
18	49	40.678	236	261	278	3	238	36	241	172
18	5	41.004	239	261	297	1	238	45	271	169
18	83	39.419	241	261	296	1	238	44	270	167
18	67	39.600	250	261	295	1	246	44	278	167
18	14	40.167	239	261	291	1	238	41	266	165
18	1	40.167	239	261	305	1	238	41	266	164
18	110	37.815	238	261	295	1	238	44	269	164
18	21	40.000	240	261	280	1	240	36	257	161
18	93	36.515	241	261	297	1	238	45	271	147
18	2	36.515	241	261	297	1	238	45	271	147
19	19	100.000	288	288	288	1	288	1	288	602
19	36	77.474	293	288	293	1	288	1	293	485
19	70	75.000	288	288	288	1	288	1	288	468
19	62	74.653	288	288	287	1	288	1	287	459
19	3	43.506	308	288	301	1	288	1	301	243
19	80	45.290	276	288	298	1	263	3	275	239
19	58	47.809	251	288	309	27	267	41	289	240
19	32	46.503	286	288	303	14	288	23	303	238
19	23	45.486	288	288	304	11	288	27	304	238
19	108	45.525	257	288	284	22	267	14	266	234
19	91	43.165	278	288	298	1	265	3	277	234
19	8	43.182	308	288	302	1	288	1	302	234
19	100	43.522	301	288	296	1	288	1	296	234
19	92	47.410	251	288	293	23	271	23	267	232
19	34	44.403	268	288	288	23	287	23	281	232
19	10	46.570	277	288	307	22	288	34	307	232
19	6	43.197	294	288	303	5	288	15	303	231
19	102	45.185	270	288	293	23	287	23	286	230
19	33	45.318	267	288	296	6	271	11	267	229
19	64	44.853	272	288	300	27	288	34	300	228
19	71	44.649	271	288	295	1	263	8	272	228
19	26	44.815	270	288	292	23	287	23	285	227
19	87	44.186	301	288	313	2	287	4	303	228
19	46	45.221	272	288	294	4	263	3	271	226
19	76	39.721	287	288	281	5	287	2	280	226
19	59	44.444	252	288	294	23	271	23	266	225
19	12	44.574	258	288	293	23	275	23	271	223
19	66	45.091	275	288	296	6	274	11	270	222
19	68	43.357	286	288	298	6	285	11	286	222
19	86	41.912	272	288	281	20	287	17	280	221
19	16	40.794	277	288	292	4	276	1	272	221
19	61	45.306	245	288	295	28	271	28	269	221
19	90	39.792	289	288	281	5	287	2	280	219
19	79	42.066	271	288	281	20	286	17	279	219
19	111	42.751	269	288	276	23	286	14	276	218
19	48	44.074	270	288	289	22	287	22	282	218
19	29	43.701	254	288	287	23	271	14	261	218
19	9	40.909	286	288	292	5	286	2	279	218
19	44	40.625	288	288	282	6	287	3	281	218
19	95	42.279	272	288	291	20	287	17	281	218
19	4	44.403	268	288	309	31	287	35	301	218
19	47	42.125	273	288	299	23	285	23	285	217
19	55	40.072	277	288	297	4	276	1	272	217
19	54	41.111	270	288	278	6	271	3	263	216
19	128	40.141	284	288	290	3	281	1	274	216
19	39	41.637	281	288	292	10	286	7	279	216
19	123	39.655	290	288	294	6	283	3	283	216
19	41	39.502	281	288	288	5	281	2	276	215
19	17	38.676	287	288	289	4	286	1	281	214
19	107	40.830	289	288	281	3	286	1	279	214
19	18	45.679	243	288	261	32	265	1	240	213
19	112	41.912	272	288	286	20	286	17	276	214
19	57	41.353	266	288	294	12	271	3	263	213
19	31	38.676	287	288	298	5	287	2	280	213
19	117	41.958	286	288	282	6	287	3	278	213
19	75	42.435	271	288	291	23	287	23	284	213
19	53	45.200	250	288	295	23	271	23	266	213
19	56	41.812	287	288	299	6	285	11	289	213
19	50	44.400	250	288	294	23	271	23	265	212
19	65	40.647	278	288	287	3	276	1	266	211
19	94	47.059	238	288	271	31	263	35	271	211
19	37	38.676	287	288	300	4	287	1	280	211
19	101	39.510	286	288	292	4	285	5	280	211
19	15	39.860	286	288	281	6	287	3	277	211
19	121	40.418	287	288	279	3	285	1	272	210
19	129	41.328	271	288	289	4	273	4	266	210
19	7	39.792	289	288	283	3	287	4	279	209
19	84	38.328	287	288	281	5	287	2	281	209
19	28	38.462	286	288	292	5	286	2	279	208
19	120	41.695	295	288	285	6	287	3	284	205
19	122	40.278	288	288	290	7	287	13	283	205
19	81	38.889	270	288	286	22	287	13	275	204
19	106	40.075	267	288	284	15	276	6	263	201
19	35	42.612	291	288	282	1	287	6	281	201
19	22	36.861	274	288	281	7	276	4	271	197
19	125	39.033	269	288	292	23	287	17	278	197
19	126	42.806	278	288	283	14	287	24	282	195
19	96	42.041	245	288	287	23	264	20	259	192
19	104	41.328	271	288	283	28	287	32	282	192
19	97	38.176	296	288	288	6	287	7	287	185
19	63	42.222	270	288	283	7	264	4	260	183
19	78	38.628	277	288	274	2	277	7	251	182
19	45	39.100	289	288	283	6	287	7	282	182
19	115	38.516	283	288	296	3	263	1	270	181
19	24	41.392	273	288	273	6	274	11	250	181
19	103	40.977	266	288	283	28	287	33	282	181
19	67	36.893	309	288	295	3	287	1	294	181
19	40	37.954	303	288	288	3	287	1	286	180
19	127	43.802	242	288	283	28	264	34	261	179
19	42	38.652	282	288	294	3	263	1	268	178
19	69	42.500	240	288	283	28	263	33	259	177
19	118	41.509	265	288	284	28	287	32	283	177
19	105	39.493	276	288	283	14	285	22	279	176
19	21	38.699	292	288	280	3	288	4	280	176
19	89	40.293	273	288	272	8	274	4	249	174
19	43	38.328	287	288	273	6	287	12	266	174
19	30	40.370	270	288	274	6	273	11	248	174
19	88	40.925	281	288	272	6	284	11	254	174
19	119	40.310	258	288	274	11	265	15	252	174
19	83	35.948	306	288	296	3	287	1	295	174
19	73	40.154	259	288	275	11	265	15	253	173
19	116	37.582	306	288	296	3	287	1	295	174
19	109	38.577	267	288	273	7	271	13	246	172
19	52	37.838	296	288	284	3	287	3	283	172
19	38	39.338	272	288	276	4	271	11	249	168
19	82	39.080	261	288	274	6	263	11	239	168
19	49	36.149	296	288	278	4	287	3	271	168
19	110	37.970	266	288	295	31	287	43	294	168
19	51	38.828	273	288	275	7	275	14	252	167
19	99	37.591	274	288	275	6	274	3	250	166
19	60	38.662	269	288	274	6	271	12	248	166
19	5	36.393	305	288	297	2	287	4	296	167
19	74	39.419	241	288	274	28	265	27	252	166
19	77	37.455	275	288	273	6	274	3	250	166
19	13	39.300	257	288	305	22	272	36	277	167
19	124	37.313	268	288	272	6	271	11	246	165
19	20	36.275	306	288	295	3	286	1	293	165
19	11	37.500	272	288	298	1	263	11	270	165
19	114	37.638	271	288	272	6	271	3	246	163
19	93	38.321	274	288	297	21	287	34	296	163
19	2	38.321	274	288	297	21	287	34	296	163
19	85	37.849	251	288	274	23	271	23	246	161
19	25	35.505	307	288	296	3	287	1	295	162
19	27	37.052	251	288	271	23	271	23	246	159
19	72	37.452	259	288	296	13	263	23	269	159
19	98	35.793	271	288	272	6	271	3	246	157
19	14	35.986	289	288	291	6	287	15	290	155
19	1	35.986	289	288	305	6	287	15	290	155
2	93	100.000	297	297	297	1	297	1	297	622
2	2	100.000	297	297	297	1	297	1	297	622
2	5	72.054	297	297	297	1	297	1	297	463
2	116	67.677	297	297	296	1	297	1	296	422
2	83	60.606	297	297	296	1	297	1	296	405
2	110	64.310	297	297	295	1	297	1	295	403
2	67	62.500	296	297	295	1	296	1	294	394
2	11	60.884	294	297	298	1	294	1	293	390
2	115	58.249	297	297	296	1	297	1	296	381
2	20	59.122	296	297	295	1	295	1	293	377
2	97	59.862	289	297	288	8	296	7	287	377
2	72	58.305	295	297	296	1	295	1	293	370
2	25	57.095	296	297	296	1	296	1	295	364
2	40	59.596	297	297	288	1	296	1	286	361
2	42	59.060	298	297	294	1	296	1	293	358
2	14	59.107	291	297	291	6	296	2	290	358
2	1	59.107	291	297	305	6	296	2	290	357
2	13	56.081	296	297	305	1	295	1	294	350
2	120	50.169	295	297	285	8	297	3	285	268
2	118	44.792	288	297	284	12	296	6	283	238
2	52	44.245	278	297	284	6	280	4	267	233
2	104	43.243	296	297	283	9	296	3	282	232
2	126	42.662	293	297	283	8	296	3	282	231
2	105	43.116	276	297	283	8	280	5	266	226
2	127	43.253	289	297	283	8	292	4	282	225
2	63	43.493	292	297	283	9	296	4	282	220
2	45	42.909	275	297	283	12	283	3	270	218
2	69	43.243	296	297	283	5	296	4	282	218
2	103	43.333	270	297	283	8	274	3	262	217
2	87	42.466	292	297	313	28	297	19	304	217
2	35	40.273	293	297	282	8	296	3	281	211
2	119	46.825	252	297	274	28	271	14	250	208
2	74	45.492	244	297	274	28	267	14	246	206
2	73	43.431	274	297	275	28	296	14	274	206
2	122	42.254	284	297	290	19	297	10	284	205
2	4	40.293	273	297	309	28	286	19	286	199
2	21	40.942	276	297	280	11	283	6	267	197
2	33	41.935	279	297	296	12	279	3	267	192
2	129	41.065	263	297	289	39	297	26	283	191
2	94	40.310	258	297	271	28	271	19	271	190
2	48	41.045	268	297	289	35	296	22	282	189
2	128	41.634	257	297	290	40	287	21	272	187
2	32	38.305	295	297	303	8	286	2	294	187
2	50	40.873	252	297	294	36	279	23	265	185
2	23	38.929	280	297	304	8	271	3	281	184
2	125	39.858	281	297	292	26	297	8	279	183
2	64	39.114	271	297	300	8	267	4	272	182
2	12	39.116	294	297	293	12	294	3	278	180
2	123	37.627	295	297	294	12	297	3	287	180
2	96	40.769	260	297	287	28	279	13	266	179
2	101	39.464	261	297	292	40	292	24	274	178
2	68	41.700	247	297	298	45	279	32	268	178
2	75	40.081	247	297	291	36	279	23	264	178
2	111	39.676	247	297	276	43	280	21	262	177
2	65	39.161	286	297	287	13	290	1	267	177
2	59	37.102	283	297	294	12	289	3	271	178
2	47	41.129	248	297	299	45	280	32	269	178
2	79	39.695	262	297	281	40	293	24	280	177
2	57	38.676	287	297	294	13	290	1	274	177
2	6	38.545	275	297	303	8	267	2	275	177
2	102	40.637	251	297	293	45	286	32	274	177
2	81	41.870	246	297	286	43	279	21	261	176
2	29	38.800	250	297	287	40	280	18	262	176
2	112	38.376	271	297	286	34	295	18	276	176
2	16	38.603	272	297	292	34	295	18	280	174
2	66	40.154	259	297	296	45	291	32	285	175
2	55	39.764	254	297	297	40	284	24	272	175
2	7	39.189	296	297	283	13	297	4	280	174
2	3	36.042	283	297	301	4	272	2	280	173
2	53	37.545	277	297	295	12	279	3	266	172
2	95	38.686	274	297	291	34	297	18	282	172
2	24	39.015	264	297	273	16	279	7	247	172
2	121	40.079	252	297	279	40	279	17	260	172
2	43	41.423	239	297	273	41	279	29	248	171
2	34	37.455	275	297	288	12	279	3	263	171
2	106	35.955	267	297	284	26	284	13	263	171
2	54	39.560	273	297	278	34	296	18	277	170
2	92	37.906	277	297	293	12	279	3	267	171
2	10	35.430	302	297	307	4	286	2	298	171
2	56	40.530	264	297	299	45	296	32	285	170
2	58	34.643	280	297	309	4	267	2	281	171
2	61	38.202	267	297	295	45	297	32	289	170
2	49	41.004	239	297	278	41	279	30	249	168
2	46	36.996	273	297	294	14	271	3	271	168
2	15	40.000	265	297	281	44	297	28	278	168
2	107	36.207	290	297	281	12	293	3	280	168
2	82	38.889	234	297	274	46	279	33	247	167
2	41	38.305	295	297	288	8	290	3	272	167
2	22	38.224	259	297	281	40	290	24	277	166
2	86	35.793	271	297	281	34	296	18	280	166
2	26	38.372	258	297	292	36	287	23	274	166
2	62	38.433	268	297	287	34	284	21	278	166
2	9	37.918	269	297	292	34	294	18	281	166
2	80	35.690	297	297	298	4	284	4	287	166
2	114	37.687	268	297	272	12	279	3	246	165
2	37	37.500	264	297	300	44	297	28	281	166
2	108	39.662	237	297	284	43	267	22	258	165
2	109	38.132	257	297	273	39	294	26	258	164
2	71	37.770	278	297	295	4	271	2	272	164
2	28	37.349	249	297	292	40	279	24	266	164
2	39	38.372	258	297	292	34	279	18	266	164
2	100	35.052	291	297	296	4	283	2	284	164
2	17	38.403	263	297	289	44	295	28	279	164
2	19	38.321	274	297	288	34	296	21	287	163
2	44	37.786	262	297	282	44	296	28	281	162
2	117	39.847	261	297	282	44	297	28	279	162
2	30	36.803	269	297	274	12	279	3	246	162
2	70	36.264	273	297	288	34	295	21	287	162
2	77	37.759	241	297	273	39	279	26	247	161
2	84	37.402	254	297	281	34	279	18	266	161
2	76	36.162	271	297	281	34	296	18	280	161
2	51	38.494	239	297	275	41	279	29	248	160
2	88	36.162	271	297	272	16	285	7	250	160
2	124	36.364	275	297	272	12	286	3	251	159
2	27	37.449	243	297	271	41	282	28	249	159
2	98	35.842	279	297	272	12	290	3	253	159
2	31	33.898	295	297	298	12	297	3	284	160
2	90	36.885	244	297	281	44	279	28	266	159
2	91	35.461	282	297	298	4	267	4	271	160
2	60	37.657	239	297	274	41	279	29	248	157
2	8	34.767	279	297	302	4	271	2	279	157
2	36	39.918	243	297	293	41	267	28	264	157
2	38	36.957	276	297	276	6	279	3	249	156
2	85	35.507	276	297	274	4	279	3	246	155
2	89	34.875	281	297	272	12	291	3	256	154
2	78	33.793	290	297	274	8	297	3	262	153
2	18	36.515	241	297	261	45	271	1	238	147
2	99	33.906	233	297	275	47	279	34	247	147
20	20	100.000	295	295	295	1	295	1	295	614
20	13	66.892	296	295	305	1	295	1	296	422
20	11	64.966	294	295	298	1	292	1	293	407
20	115	64.189	296	295	296	1	294	1	295	407
20	42	65.657	297	295	294	1	295	1	294	407
20	14	62.712	295	295	291	2	295	2	291	402
20	1	62.712	295	295	305	2	295	2	291	402
20	67	62.712	295	295	295	1	293	1	293	392
20	25	61.616	297	295	296	1	295	1	296	390
20	5	64.643	280	295	297	1	279	1	279	385
20	97	63.028	284	295	288	14	295	5	288	385
20	72	61.017	295	295	296	1	293	1	293	384
20	93	59.122	296	295	297	1	293	1	295	377
20	2	59.122	296	295	297	1	293	1	295	377
20	83	60.000	295	295	296	2	293	6	294	375
20	116	59.797	296	295	296	1	293	1	294	374
20	40	60.606	297	295	288	1	295	1	288	366
20	110	58.781	279	295	295	1	279	1	277	363
20	120	50.680	294	295	285	4	293	3	283	285
20	126	44.595	296	295	283	4	295	3	283	239
20	104	46.780	295	295	283	5	295	3	283	238
20	74	47.059	272	295	274	29	295	14	274	234
20	127	44.027	293	295	283	4	293	4	282	233
20	103	41.924	291	295	283	8	295	3	283	230
20	45	46.125	271	295	283	29	295	19	282	229
20	119	47.584	269	295	274	29	293	14	272	228
20	73	43.289	298	295	275	1	293	1	273	227
20	69	41.946	298	295	283	1	295	4	283	226
20	63	43.197	294	295	283	5	295	4	283	225
20	52	45.977	261	295	284	16	272	6	259	224
20	118	46.457	254	295	284	24	274	14	261	221
20	105	43.071	267	295	283	16	279	5	265	220
20	21	46.350	274	295	280	1	271	4	255	213
20	87	40.000	305	295	313	13	293	10	302	213
20	35	40.878	296	295	282	4	295	3	282	211
20	4	40.559	286	295	309	29	292	19	299	206
20	94	42.636	258	295	271	29	271	19	271	203
20	33	42.086	278	295	296	10	279	1	267	203
20	50	43.548	248	295	294	38	279	24	265	198
20	123	40.143	279	295	294	8	279	3	267	197
20	122	45.238	252	295	290	32	279	19	264	196
20	58	39.373	287	295	309	3	271	1	285	196
20	111	42.500	280	295	276	29	295	7	276	194
20	66	41.877	277	295	296	12	279	7	267	194
20	29	42.143	280	295	287	29	295	7	276	193
20	102	41.634	257	295	293	46	295	32	283	194
20	91	41.343	283	295	298	3	271	3	275	193
20	80	42.049	283	295	298	3	272	3	276	193
20	6	40.141	284	295	303	3	271	1	279	192
20	23	40.071	282	295	304	4	271	3	281	192
20	100	41.343	283	295	296	3	272	1	274	192
20	32	39.649	285	295	303	3	271	1	280	192
20	34	39.493	276	295	288	8	279	3	263	190
20	68	44.262	244	295	298	46	279	32	268	190
20	47	42.510	247	295	299	46	283	32	272	190
20	10	40.000	290	295	307	3	271	1	284	189
20	12	39.711	277	295	293	10	279	1	267	189
20	56	43.023	258	295	299	46	292	32	283	189
20	57	42.647	272	295	294	29	288	9	274	189
20	71	42.049	283	295	295	3	271	1	272	189
20	48	40.964	249	295	289	36	279	22	263	188
20	59	39.576	283	295	294	4	279	3	266	188
20	53	39.502	281	295	295	8	279	3	266	187
20	64	38.434	281	295	300	3	271	3	276	187
20	75	40.873	252	295	291	38	285	24	270	186
20	125	43.580	257	295	292	27	272	8	257	186
20	3	39.789	284	295	301	3	271	1	279	185
20	95	42.308	260	295	291	44	293	27	280	184
20	128	39.855	276	295	290	29	294	10	278	183
20	129	44.118	238	295	289	46	279	32	264	182
20	18	44.118	238	295	261	46	271	1	238	182
20	55	41.176	289	295	297	16	294	7	281	182
20	46	37.589	282	295	294	2	271	3	271	182
20	81	40.433	277	295	286	26	292	4	273	182
20	37	42.802	257	295	300	45	292	28	278	181
20	92	42.683	246	295	293	46	279	32	267	180
20	16	42.045	264	295	292	40	293	23	280	179
20	44	40.530	264	295	282	45	295	28	282	178
20	61	39.552	268	295	295	14	271	9	261	177
20	117	39.726	292	295	282	12	293	3	277	176
20	28	39.922	258	295	292	45	293	28	279	176
20	106	42.259	239	295	284	44	274	22	253	175
20	54	38.000	300	295	278	4	295	3	278	175
20	96	40.727	275	295	287	31	294	12	280	175
20	26	38.516	283	295	292	8	279	3	266	175
20	121	41.057	246	295	279	44	279	20	260	175
20	112	41.634	257	295	286	45	293	28	276	174
20	41	39.384	292	295	288	12	294	3	280	174
20	65	40.467	257	295	287	45	292	23	273	174
20	101	41.313	259	295	292	44	293	27	279	174
20	15	38.487	304	295	281	4	295	3	281	172
20	7	40.856	257	295	283	45	293	28	278	172
20	39	41.729	266	295	292	40	293	23	279	172
20	90	40.385	260	295	281	45	295	28	281	172
20	76	40.996	261	295	281	45	295	28	281	171
20	62	38.376	271	295	287	35	293	21	285	171
20	108	41.129	248	295	284	38	271	19	262	170
20	17	39.273	275	295	289	10	275	1	262	170
20	43	37.591	274	295	273	6	279	2	248	169
20	9	39.847	261	295	292	45	293	28	279	169
20	86	41.841	239	295	281	44	272	27	259	169
20	84	37.370	289	295	281	1	280	1	267	169
20	114	37.132	272	295	272	8	279	3	246	168
20	38	38.406	276	295	276	6	279	3	249	168
20	8	37.895	285	295	302	1	271	3	279	168
20	79	40.310	258	295	281	45	293	28	279	168
20	24	37.037	270	295	273	10	279	1	247	166
20	82	39.919	248	295	274	32	279	19	247	166
20	31	41.702	235	295	298	45	267	28	254	166
20	88	35.793	271	295	272	12	282	7	249	164
20	19	36.275	306	295	288	1	293	3	286	165
20	22	39.080	261	295	281	44	295	27	281	164
20	85	35.662	272	295	274	8	279	3	246	163
20	77	39.167	240	295	273	40	279	26	247	162
20	49	37.091	275	295	278	5	279	2	249	162
20	107	40.586	239	295	281	42	271	25	258	162
20	109	36.029	272	295	273	8	279	3	246	161
20	98	34.926	272	295	272	8	279	3	246	161
20	36	37.455	275	295	293	41	293	27	291	161
20	30	37.037	270	295	274	12	279	7	246	160
20	60	36.861	274	295	274	6	279	2	248	160
20	51	38.912	239	295	275	41	279	28	248	160
20	70	37.597	258	295	288	35	279	21	271	160
20	124	37.083	240	295	272	40	279	26	246	159
20	78	35.870	276	295	274	4	279	3	245	158
20	27	36.052	233	295	271	47	279	33	246	157
20	89	34.328	268	295	272	12	279	7	246	151
20	99	31.716	268	295	275	12	279	7	247	145
21	21	100.000	280	280	280	1	280	1	280	583
21	73	57.040	277	280	275	7	279	3	274	317
21	74	54.317	278	280	274	2	277	2	271	310
21	119	56.458	271	280	274	11	279	6	273	300
21	35	51.625	277	280	282	6	279	6	281	283
21	127	52.158	278	280	283	6	279	7	283	281
21	69	50.890	281	280	283	3	279	3	282	272
21	45	50.903	277	280	283	6	279	6	282	266
21	104	50.965	259	280	283	3	257	2	260	263
21	52	53.462	260	280	284	3	257	2	260	262
21	126	50.357	280	280	283	5	279	5	282	261
21	63	48.043	281	280	283	3	279	3	282	261
21	103	48.375	277	280	283	7	279	7	282	254
21	118	50.530	283	280	284	3	279	2	283	253
21	105	48.746	279	280	283	3	277	2	279	253
21	97	47.241	290	280	288	2	279	2	287	240
21	67	46.809	282	280	295	4	265	1	279	234
21	115	44.523	283	280	296	4	265	1	280	230
21	42	46.454	282	280	294	4	266	1	279	229
21	40	44.792	288	280	288	2	279	2	286	226
21	11	47.510	261	280	298	4	255	13	270	225
21	13	43.771	297	280	305	4	278	1	294	225
21	20	45.620	274	280	295	4	255	1	271	219
21	25	47.547	265	280	296	10	264	19	279	218
21	14	43.003	293	280	291	1	279	1	290	218
21	1	43.003	293	280	305	1	279	1	290	218
21	120	43.860	285	280	285	7	279	3	284	217
21	72	44.238	269	280	296	7	266	15	280	214
21	116	41.438	292	280	296	7	279	8	295	211
21	5	43.511	262	280	297	21	272	30	287	209
21	87	39.799	299	280	313	8	279	6	303	207
21	110	40.468	299	280	295	4	279	1	294	206
21	83	41.071	280	280	296	10	278	18	292	205
21	93	40.942	276	280	297	6	267	11	283	204
21	2	40.942	276	280	297	6	267	11	283	204
21	55	38.621	290	280	297	1	277	1	279	183
21	19	38.699	292	280	288	4	280	3	288	182
21	16	39.116	294	280	292	1	276	1	285	181
21	62	36.644	292	280	287	4	280	3	287	181
21	125	40.152	264	280	292	13	263	4	264	179
21	79	39.858	281	280	281	2	268	2	273	178
21	4	40.239	251	280	309	36	265	36	281	179
21	7	38.909	275	280	283	3	266	3	268	177
21	95	38.849	278	280	291	2	266	2	270	177
21	102	36.806	288	280	293	7	279	3	286	177
21	6	37.500	280	280	303	6	256	1	280	177
21	94	40.664	241	280	271	36	255	36	271	176
21	128	38.996	259	280	290	32	277	22	276	176
21	50	39.231	260	280	294	7	255	3	257	176
21	123	39.623	265	280	294	2	255	1	259	176
21	64	36.957	276	280	300	5	256	2	277	176
21	86	36.940	268	280	281	11	264	3	267	175
21	54	37.589	282	280	278	7	279	3	277	174
21	26	36.713	286	280	292	7	279	3	285	175
21	68	37.456	283	280	298	2	270	1	275	175
21	112	36.770	291	280	286	1	278	1	276	174
21	47	38.028	284	280	299	2	272	1	277	174
21	17	39.116	294	280	289	1	278	1	279	174
21	59	38.996	259	280	294	7	255	3	258	173
21	3	37.184	277	280	301	4	255	3	279	173
21	36	36.486	296	280	293	5	280	4	293	173
21	81	37.324	284	280	286	9	279	2	275	172
21	39	38.328	287	280	292	1	269	1	274	172
21	66	39.231	260	280	296	7	255	3	259	172
21	101	35.495	293	280	292	1	276	1	284	172
21	33	38.491	265	280	296	7	260	3	264	172
21	41	38.516	283	280	288	7	277	3	278	171
21	58	37.762	286	280	309	6	256	1	286	172
21	37	37.770	278	280	300	1	266	1	269	172
21	57	40.726	248	280	294	32	266	21	266	171
21	80	38.321	274	280	298	5	255	2	275	172
21	12	36.462	277	280	293	7	272	3	276	171
21	31	38.628	277	280	298	2	266	2	269	171
21	28	37.716	289	280	292	2	278	2	279	171
21	88	38.433	268	280	272	7	270	3	257	170
21	15	37.943	282	280	281	7	279	3	277	170
21	38	37.692	260	280	276	1	260	2	246	169
21	77	34.831	267	280	273	7	273	3	257	169
21	111	39.004	241	280	276	36	263	23	261	169
21	29	39.516	248	280	287	36	268	23	268	170
21	32	37.857	280	280	303	6	255	1	280	170
21	75	37.282	287	280	291	7	279	3	284	169
21	34	37.743	257	280	288	7	256	3	256	169
21	90	37.143	280	280	281	11	277	3	278	169
21	70	37.879	264	280	288	7	255	6	263	169
21	121	37.805	246	280	279	32	264	18	261	169
21	92	35.540	287	280	293	7	279	3	286	169
21	53	37.931	261	280	295	7	255	3	258	169
21	108	38.683	243	280	284	32	255	20	262	168
21	109	37.984	258	280	273	7	264	3	247	168
21	65	40.083	242	280	287	34	263	22	261	168
21	117	37.762	286	280	282	6	279	6	278	167
21	49	35.766	274	280	278	7	274	5	266	167
21	18	40.417	240	280	261	36	257	1	240	166
21	129	39.852	271	280	289	2	260	1	261	167
21	43	35.943	281	280	273	1	279	1	266	166
21	10	36.806	288	280	307	6	255	1	284	166
21	56	36.594	276	280	299	2	263	1	270	165
21	48	35.273	275	280	289	7	272	3	272	164
21	91	35.145	276	280	298	5	257	2	277	164
21	76	38.811	286	280	281	11	279	3	280	163
21	61	38.889	252	280	295	32	270	28	276	163
21	78	35.659	258	280	274	7	264	3	246	162
21	122	38.577	267	280	290	2	260	1	261	162
21	106	40.084	237	280	284	36	263	24	258	161
21	24	33.574	277	280	273	2	278	1	259	160
21	107	37.329	292	280	281	2	279	2	280	160
21	22	35.540	287	280	281	8	279	4	280	160
21	44	37.063	286	280	282	7	279	3	281	160
21	114	37.795	254	280	272	7	260	3	243	159
21	71	37.132	272	280	295	6	255	1	272	159
21	98	35.714	252	280	272	7	258	3	241	158
21	96	38.645	251	280	287	32	266	25	269	159
21	89	35.271	258	280	272	7	264	3	247	158
21	30	35.659	258	280	274	7	264	3	247	158
21	23	36.032	247	280	304	30	256	36	282	159
21	100	35.870	276	280	296	6	258	1	276	158
21	82	35.816	282	280	274	2	279	1	265	157
21	85	36.364	253	280	274	7	259	3	242	157
21	51	35.907	259	280	275	1	259	1	244	156
21	9	34.615	286	280	292	5	278	5	279	155
21	60	36.293	259	280	274	1	259	1	244	154
21	46	37.600	250	280	294	25	256	23	272	154
21	27	35.659	258	280	271	2	259	1	242	153
21	84	35.000	280	280	281	11	277	3	278	152
21	8	35.018	277	280	302	4	255	3	279	152
21	124	35.271	258	280	272	7	264	3	247	150
21	99	33.597	253	280	275	7	259	3	243	147
22	22	100.000	281	281	281	1	281	1	281	590
22	44	75.801	281	281	282	2	281	2	282	458
22	54	75.801	281	281	278	1	281	1	278	454
22	15	72.500	280	281	281	1	280	1	277	437
22	7	72.143	280	281	283	1	280	1	279	432
22	117	71.326	279	281	282	2	280	2	278	429
22	101	72.894	273	281	292	6	278	6	278	427
22	76	68.327	281	281	281	1	281	1	281	421
22	84	67.972	281	281	281	1	281	1	281	419
22	79	68.345	278	281	281	1	278	1	278	416
22	107	66.548	281	281	281	1	281	1	281	415
22	55	69.565	276	281	297	4	278	4	279	411
22	9	66.906	278	281	292	1	278	1	278	409
22	95	66.192	281	281	291	1	280	1	281	409
22	28	67.626	278	281	292	1	278	1	278	408
22	41	67.626	278	281	288	1	278	1	278	408
22	17	67.636	275	281	289	4	278	4	278	407
22	31	67.857	280	281	298	1	280	1	280	407
22	16	68.478	276	281	292	4	278	4	279	402
22	86	66.192	281	281	281	1	281	1	281	400
22	90	65.836	281	281	281	1	281	1	281	399
22	37	67.509	277	281	300	5	280	5	280	394
22	65	67.925	265	281	287	14	278	9	273	387
22	39	67.399	273	281	292	6	278	6	278	385
22	112	65.693	274	281	286	5	278	5	275	385
22	81	65.428	269	281	286	13	280	7	275	383
22	57	67.293	266	281	294	14	278	10	275	381
22	111	65.428	269	281	276	14	281	8	276	379
22	29	65.428	269	281	287	14	281	8	276	379
22	128	64.662	266	281	290	14	278	11	276	378
22	106	66.160	263	281	284	14	276	9	268	375
22	121	64.286	266	281	279	14	278	7	272	367
22	96	63.670	267	281	287	14	278	14	278	358
22	125	62.731	271	281	292	14	280	11	278	357
22	80	48.311	296	281	298	4	281	5	297	264
22	71	49.237	262	281	295	7	258	14	272	260
22	91	46.619	281	281	298	4	266	5	282	256
22	46	48.708	271	281	294	6	266	12	278	255
22	100	48.669	263	281	296	6	258	13	273	254
22	23	48.062	258	281	304	14	259	27	282	251
22	18	49.810	263	281	261	29	280	1	260	247
22	6	45.594	261	281	303	24	272	35	292	246
22	108	46.212	264	281	284	6	258	1	262	245
22	3	48.627	255	281	301	14	258	27	279	245
22	58	47.656	256	281	309	15	258	32	285	242
22	64	46.640	253	281	300	17	259	27	277	240
22	8	49.624	266	281	302	5	258	16	279	239
22	10	47.037	270	281	307	2	258	19	284	238
22	32	45.756	271	281	303	22	281	35	302	238
22	123	41.993	281	281	294	2	276	2	277	227
22	48	42.647	272	281	289	2	269	2	266	220
22	87	43.494	269	281	313	7	266	13	281	219
22	4	41.045	268	281	309	7	266	13	279	217
22	94	41.923	260	281	271	7	258	13	271	216
22	92	41.877	277	281	293	2	272	2	273	216
22	66	41.544	272	281	296	2	266	2	267	215
22	12	43.775	249	281	293	22	266	25	267	214
22	33	41.697	271	281	296	2	266	2	267	213
22	34	41.724	290	281	288	2	280	2	281	212
22	122	42.391	276	281	290	2	274	2	272	212
22	59	41.697	271	281	294	2	266	2	266	211
22	129	41.791	268	281	289	2	266	2	264	209
22	102	42.336	274	281	293	2	266	2	267	207
22	56	42.701	274	281	299	2	266	2	270	207
22	47	41.758	273	281	299	2	266	2	268	206
22	75	38.889	270	281	291	2	268	2	266	205
22	61	39.560	273	281	295	2	266	2	269	205
22	120	40.339	295	281	285	1	280	1	284	204
22	68	41.877	277	281	298	2	266	2	268	204
22	53	39.706	272	281	295	2	266	2	266	204
22	36	39.416	274	281	293	4	266	7	276	202
22	26	40.449	267	281	292	22	280	25	285	202
22	50	42.972	249	281	294	22	266	25	265	201
22	62	39.855	276	281	287	1	267	1	272	199
22	70	38.182	275	281	288	1	266	1	271	198
22	19	36.861	274	281	288	4	271	7	276	197
22	24	40.370	270	281	273	2	267	2	248	194
22	124	36.531	271	281	272	2	268	2	248	189
22	105	42.083	240	281	283	24	260	30	259	189
22	104	42.259	239	281	283	25	260	32	260	188
22	40	42.205	263	281	288	27	280	35	286	186
22	60	39.080	261	281	274	14	272	18	254	184
22	82	38.113	265	281	274	5	268	8	249	183
22	109	37.132	272	281	273	2	268	2	248	182
22	77	36.667	270	281	273	2	267	2	248	182
22	30	37.778	270	281	274	2	267	2	247	182
22	114	36.531	271	281	272	2	268	2	248	182
22	115	40.310	258	281	296	27	277	43	289	182
22	118	40.167	239	281	284	29	263	36	264	181
22	127	40.234	256	281	283	29	280	38	283	181
22	5	39.695	262	281	297	28	280	44	296	181
22	45	42.128	235	281	283	29	260	36	260	180
22	89	35.556	270	281	272	2	267	2	247	178
22	74	37.979	287	281	274	1	281	1	274	177
22	51	36.293	259	281	275	14	270	18	252	177
22	69	39.300	257	281	283	29	281	37	283	177
22	52	41.423	239	281	284	25	260	32	260	176
22	88	34.317	271	281	272	2	268	2	248	175
22	27	36.122	263	281	271	5	266	8	246	175
22	78	33.696	276	281	274	2	274	2	253	175
22	99	34.657	277	281	275	2	274	2	255	175
22	25	41.887	265	281	296	27	281	43	296	174
22	43	37.066	259	281	273	14	270	18	252	174
22	85	36.162	271	281	274	2	268	2	248	174
22	63	39.689	257	281	283	29	281	37	283	174
22	38	36.900	271	281	276	2	266	4	249	173
22	67	37.193	285	281	295	6	277	15	288	173
22	72	41.057	246	281	296	27	267	42	278	173
22	103	38.132	257	281	283	29	281	37	283	172
22	35	37.931	261	281	282	29	281	36	282	171
22	73	38.550	262	281	275	24	280	26	274	170
22	98	34.686	271	281	272	2	268	2	248	170
22	97	39.163	263	281	288	29	281	37	288	170
22	49	36.296	270	281	278	2	266	4	249	169
22	116	36.641	262	281	296	27	280	42	295	169
22	83	37.023	262	281	296	27	280	42	295	169
22	126	37.778	270	281	283	1	258	1	259	168
22	93	38.224	259	281	297	24	277	40	290	166
22	2	38.224	259	281	297	24	277	40	290	166
22	42	38.168	262	281	294	28	281	43	294	165
22	14	36.242	298	281	291	2	281	3	291	164
22	110	36.260	262	281	295	27	280	42	294	164
22	1	36.242	298	281	305	2	281	3	291	164
22	20	39.080	261	281	295	27	281	44	295	164
22	11	35.395	291	281	298	2	272	3	284	160
22	119	36.364	264	281	274	24	280	26	273	159
22	21	34.495	287	281	280	4	280	8	279	155
22	13	38.983	236	281	305	24	254	41	267	151
23	23	100.000	304	304	304	1	304	1	304	629
23	32	75.908	303	304	303	3	304	2	303	484
23	6	73.898	295	304	303	3	297	2	295	471
23	58	69.805	308	304	309	3	304	2	309	462
23	10	71.753	308	304	307	3	304	2	307	453
23	64	66.007	303	304	300	3	304	4	300	426
23	3	63.907	302	304	301	3	304	6	301	404
23	108	67.014	288	304	284	18	304	1	284	398
23	8	68.214	280	304	302	25	304	25	302	397
23	91	64.111	287	304	298	3	288	4	282	377
23	46	60.066	303	304	294	3	304	2	294	373
23	80	59.736	303	304	298	3	304	4	298	371
23	100	60.726	303	304	296	3	304	2	296	368
23	71	63.569	269	304	295	25	292	19	283	362
23	18	61.597	263	304	261	42	304	1	261	352
23	57	50.183	273	304	294	26	294	9	269	270
23	81	50.181	277	304	286	24	294	5	267	269
23	9	51.408	284	304	292	27	304	14	280	268
23	128	49.822	281	304	290	25	299	9	275	266
23	15	45.425	306	304	281	1	303	1	277	264
23	117	50.179	279	304	282	27	303	14	278	263
23	29	49.110	281	304	287	24	298	5	271	262
23	54	45.752	306	304	278	1	303	1	277	261
23	111	49.110	281	304	276	24	298	5	271	261
23	121	51.145	262	304	279	26	282	6	253	261
23	7	49.470	283	304	283	27	303	14	279	261
23	95	49.470	283	304	291	27	303	14	281	260
23	37	50.549	273	304	300	27	294	14	272	259
23	31	48.561	278	304	298	27	298	14	276	258
23	28	49.296	284	304	292	27	304	14	280	256
23	86	50.763	262	304	281	27	285	14	262	256
23	96	50.538	279	304	287	24	299	11	274	256
23	44	48.708	271	304	282	27	294	14	273	254
23	101	47.970	271	304	292	27	294	14	272	254
23	76	48.175	274	304	281	27	294	14	272	254
23	17	48.249	257	304	289	27	281	14	258	254
23	84	48.846	260	304	281	27	281	14	258	252
23	16	49.027	257	304	292	27	281	14	259	252
23	22	48.062	258	304	281	27	282	14	259	251
23	79	47.445	274	304	281	27	294	14	272	250
23	41	48.905	274	304	288	27	294	14	272	250
23	106	48.162	272	304	284	26	294	8	264	249
23	55	48.905	274	304	297	27	294	14	273	249
23	65	48.689	267	304	287	21	285	3	257	248
23	125	47.876	259	304	292	26	281	10	256	247
23	107	49.027	257	304	281	27	281	14	258	245
23	112	48.837	258	304	286	27	282	14	256	244
23	39	49.027	257	304	292	27	281	14	258	243
23	90	46.429	280	304	281	27	303	14	281	242
23	19	45.486	288	304	288	27	304	11	288	238
23	12	43.662	284	304	293	2	281	2	259	230
23	36	43.985	266	304	293	27	285	17	272	228
23	62	46.215	251	304	287	37	285	27	267	225
23	53	42.143	280	304	295	2	281	2	258	224
23	129	42.500	280	304	289	2	281	2	256	224
23	33	41.343	283	304	296	2	282	2	260	224
23	92	42.349	281	304	293	2	282	2	260	223
23	70	43.359	256	304	288	32	285	22	267	222
23	66	41.786	280	304	296	2	281	2	259	221
23	50	42.500	280	304	294	2	281	2	257	219
23	47	40.426	282	304	299	2	282	2	261	219
23	24	41.786	280	304	273	2	281	2	239	214
23	59	42.143	280	304	294	2	281	2	258	215
23	26	41.489	282	304	292	2	281	2	258	213
23	123	40.493	284	304	294	2	281	2	259	213
23	87	43.496	246	304	313	41	281	35	273	212
23	61	40.070	287	304	295	2	282	2	262	211
23	48	39.502	281	304	289	1	281	1	255	211
23	68	42.629	251	304	298	38	282	28	261	211
23	102	39.146	281	304	293	2	282	2	260	209
23	115	40.523	306	304	296	2	301	3	293	208
23	122	39.789	284	304	290	2	281	2	256	207
23	75	39.161	286	304	291	2	281	2	256	207
23	126	40.845	284	304	283	1	281	1	259	206
23	56	43.023	258	304	299	27	282	17	263	207
23	77	39.643	280	304	273	2	281	2	239	206
23	103	41.135	282	304	283	3	282	7	260	204
23	105	40.071	282	304	283	1	281	3	257	204
23	63	43.369	279	304	283	23	291	11	269	202
23	35	38.163	283	304	282	1	282	1	259	202
23	127	40.493	284	304	283	2	282	3	261	201
23	97	38.816	304	304	288	3	303	7	287	200
23	67	39.216	306	304	295	2	303	3	294	201
23	69	41.071	280	304	283	3	281	7	259	200
23	34	37.895	285	304	288	2	286	2	260	200
23	104	38.571	280	304	283	3	281	6	258	199
23	94	42.857	245	304	271	41	281	35	271	198
23	85	37.943	282	304	274	2	281	2	238	198
23	11	40.780	282	304	298	2	281	3	270	198
23	124	36.071	280	304	272	2	281	2	238	197
23	120	38.790	281	304	285	1	281	1	261	197
23	114	37.857	280	304	272	2	281	2	238	196
23	109	37.255	255	304	273	27	281	17	238	195
23	99	37.143	280	304	275	2	281	2	239	195
23	40	38.929	280	304	288	2	281	3	262	195
23	78	36.655	281	304	274	2	281	2	237	194
23	88	36.429	280	304	272	2	281	2	238	193
23	30	37.143	280	304	274	2	281	2	238	192
23	27	37.037	270	304	271	22	281	2	238	192
23	82	38.824	255	304	274	27	281	17	239	192
23	4	42.276	246	304	309	41	281	35	271	193
23	38	40.784	255	304	276	27	281	19	241	191
23	20	40.071	282	304	295	3	281	4	271	192
23	43	38.431	255	304	273	27	281	18	240	191
23	118	39.300	257	304	284	26	281	19	258	191
23	119	39.464	261	304	274	23	282	11	251	190
23	98	36.429	280	304	272	2	281	2	238	190
23	51	39.689	257	304	275	27	281	18	240	189
23	89	35.357	280	304	272	2	281	2	238	189
23	74	39.552	268	304	274	16	282	4	251	189
23	45	40.551	254	304	283	29	281	22	258	188
23	42	39.502	281	304	294	2	281	3	268	187
23	110	36.184	304	304	295	3	303	8	294	187
23	116	42.149	242	304	296	40	281	42	270	187
23	73	37.931	261	304	275	23	282	11	252	186
23	60	39.608	255	304	274	27	281	18	240	186
23	52	36.786	280	304	284	3	281	6	258	186
23	25	38.380	284	304	296	2	281	3	270	186
23	72	38.790	281	304	296	3	281	8	269	184
23	83	41.339	254	304	296	29	281	30	270	184
23	93	38.929	280	304	297	3	281	8	271	184
23	2	38.929	280	304	297	3	281	8	271	184
23	13	40.873	252	304	305	30	281	34	271	184
23	5	36.424	302	304	297	2	292	3	290	182
23	49	33.929	280	304	278	2	281	4	241	177
23	14	39.419	241	304	291	41	281	40	266	177
23	1	39.419	241	304	305	41	281	40	266	176
23	21	36.032	247	304	280	36	282	30	256	157
24	24	100.000	273	273	273	1	273	1	273	564
24	77	68.498	273	273	273	1	273	1	273	418
24	78	66.182	275	273	274	1	272	1	273	390
24	88	63.333	270	273	272	1	270	1	269	374
24	30	62.500	272	273	274	1	270	1	269	368
24	114	61.538	273	273	272	1	273	1	272	366
24	89	60.517	271	273	272	1	271	1	270	365
24	98	60.148	271	273	272	1	271	1	270	363
24	124	60.440	273	273	272	1	273	1	272	360
24	27	61.679	274	273	271	1	273	1	271	358
24	109	60.294	272	273	273	1	271	1	271	356
24	43	61.397	272	273	273	1	271	2	271	355
24	49	60.289	277	273	278	1	273	3	278	354
24	85	58.303	271	273	274	1	271	1	269	348
24	82	59.701	268	273	274	1	267	1	266	344
24	38	59.559	272	273	276	1	271	3	271	343
24	99	58.242	273	273	275	1	272	1	271	342
24	60	58.824	272	273	274	1	271	2	272	337
24	51	58.029	274	273	275	1	271	2	273	337
24	33	48.881	268	273	296	1	247	1	267	255
24	50	47.619	273	273	294	1	253	1	271	247
24	66	47.970	271	273	296	1	250	1	270	247
24	59	47.761	268	273	294	1	248	1	267	245
24	12	48.905	274	273	293	1	253	1	273	244
24	129	46.067	267	273	289	1	249	1	266	242
24	53	47.778	270	273	295	1	248	1	267	242
24	122	46.840	269	273	290	1	250	1	267	241
24	47	43.878	294	273	299	1	271	1	286	239
24	26	45.392	293	273	292	1	273	1	286	238
24	56	46.494	271	273	299	1	247	1	270	238
24	48	46.715	274	273	289	1	255	1	269	237
24	68	44.407	295	273	298	1	271	1	287	236
24	92	43.537	294	273	293	1	273	1	287	234
24	75	45.113	266	273	291	1	248	1	265	234
24	123	45.161	279	273	294	1	258	1	278	233
24	34	44.483	290	273	288	1	273	1	282	231
24	102	43.537	294	273	293	1	273	1	287	229
24	61	42.593	270	273	295	1	247	1	269	224
24	101	44.106	263	273	292	9	247	5	266	214
24	23	41.786	280	273	304	2	239	2	281	214
24	100	40.780	282	273	296	3	249	2	282	213
24	71	40.000	270	273	295	1	240	4	273	211
24	91	40.441	272	273	298	3	239	4	275	209
24	128	44.186	258	273	290	17	248	11	265	209
24	29	43.580	257	273	287	17	247	8	261	207
24	111	43.580	257	273	276	17	247	8	261	207
24	79	42.105	266	273	281	7	248	3	267	204
24	46	41.111	270	273	294	7	239	2	271	204
24	54	41.948	267	273	278	2	248	2	264	203
24	17	42.164	268	273	289	7	250	3	269	202
24	65	42.471	259	273	287	15	250	7	264	202
24	117	41.418	268	273	282	1	247	1	264	201
24	121	40.385	260	273	279	12	247	2	260	201
24	81	41.071	280	273	286	17	267	8	286	201
24	9	42.642	265	273	292	7	248	4	267	201
24	57	44.534	247	273	294	17	239	10	255	200
24	80	40.299	268	273	298	3	239	8	275	200
24	106	38.376	271	273	284	17	264	9	278	200
24	86	42.164	268	273	281	7	250	3	269	199
24	16	41.111	270	273	292	17	261	14	282	199
24	44	40.221	271	273	282	1	247	1	267	199
24	125	42.248	258	273	292	17	248	11	265	199
24	84	40.684	263	273	281	8	247	5	266	198
24	95	41.418	268	273	291	17	259	14	280	198
24	76	40.647	278	273	281	8	259	5	279	197
24	39	40.357	280	273	292	10	263	7	285	196
24	3	37.956	274	273	301	3	239	6	279	196
24	36	43.321	277	273	293	4	247	4	276	195
24	28	41.860	258	273	292	14	248	11	267	194
24	15	41.948	267	273	281	2	248	2	264	194
24	22	40.370	270	273	281	2	248	2	267	194
24	18	43.038	237	273	261	33	239	2	238	192
24	107	39.928	278	273	281	6	259	3	279	192
24	96	40.392	255	273	287	17	248	14	267	192
24	90	41.825	263	273	281	8	247	5	266	192
24	112	40.590	271	273	286	17	264	14	283	192
24	108	38.976	254	273	284	17	239	9	262	192
24	55	39.483	271	273	297	1	247	1	267	191
24	7	39.695	262	273	283	8	247	5	265	191
24	31	40.755	265	273	298	7	247	3	266	190
24	64	38.828	273	273	300	3	239	4	276	190
24	10	41.016	256	273	307	17	239	31	284	190
24	41	39.777	269	273	288	3	248	3	267	189
24	32	39.370	254	273	303	17	239	27	280	189
24	37	38.384	297	273	300	1	272	1	280	189
24	69	41.392	273	273	283	1	253	5	276	187
24	6	37.770	278	273	303	3	239	2	279	188
24	70	40.278	288	273	288	7	261	2	283	186
24	8	36.735	294	273	302	3	259	6	292	185
24	105	38.768	276	273	283	3	258	5	280	182
24	35	38.077	260	273	282	2	241	2	260	181
24	19	41.392	273	273	288	11	250	6	274	181
24	104	39.526	253	273	283	3	239	6	258	180
24	103	38.007	271	273	283	7	259	11	281	179
24	45	37.354	257	273	283	2	239	2	258	178
24	118	36.996	273	273	284	7	259	10	282	178
24	127	39.080	261	273	283	3	246	8	265	178
24	58	41.004	239	273	309	33	239	47	285	178
24	40	37.956	274	273	288	1	252	2	275	177
24	97	39.844	256	273	288	3	239	7	262	176
24	87	41.633	245	273	313	33	247	37	281	176
24	115	37.050	278	273	296	1	248	2	279	176
24	63	39.922	258	273	283	3	243	7	263	174
24	126	39.615	260	273	283	2	241	2	261	173
24	94	40.254	236	273	271	33	239	37	271	173
24	4	37.729	273	273	309	33	266	37	308	174
24	73	38.039	255	273	275	20	259	19	273	172
24	93	39.015	264	273	297	7	247	16	279	172
24	2	39.015	264	273	297	7	247	16	279	172
24	74	39.912	228	273	274	33	248	32	259	171
24	52	36.823	277	273	284	3	259	6	282	171
24	116	40.000	235	273	296	33	248	45	279	171
24	62	39.273	275	273	287	11	252	6	276	170
24	110	38.321	274	273	295	3	248	8	278	170
24	67	36.101	277	273	295	1	248	2	278	169
24	25	39.847	261	273	296	19	260	31	290	169
24	5	39.921	253	273	297	33	266	46	296	169
24	11	37.050	278	273	298	1	248	2	279	168
24	119	39.754	244	273	274	17	247	15	258	167
24	83	40.000	235	273	296	33	248	45	279	167
24	72	39.316	234	273	296	33	248	45	278	167
24	20	37.037	270	273	295	1	247	10	279	166
24	14	35.316	269	273	291	3	253	12	280	164
24	1	35.461	282	273	305	3	262	12	293	164
24	21	33.574	277	273	280	1	259	2	278	159
24	120	34.444	270	273	285	2	249	2	271	158
24	42	36.481	233	273	294	33	248	45	277	157
24	13	34.375	288	273	305	3	267	16	303	153
25	25	100.000	296	296	296	1	296	1	296	614
25	72	77.211	294	296	296	1	294	1	293	495
25	11	69.966	293	296	298	1	293	1	293	446
25	42	67.568	296	296	294	1	296	1	294	425
25	115	64.505	293	296	296	1	293	1	293	411
25	67	64.407	295	296	295	1	295	1	294	408
25	14	63.729	295	296	291	2	296	2	291	401
25	1	63.729	295	296	305	2	296	2	291	400
25	83	60.811	296	296	296	1	295	1	295	397
25	40	64.527	296	296	288	1	295	1	286	395
25	5	61.824	296	296	297	1	295	1	296	392
25	20	61.616	297	296	295	1	296	1	295	390
25	116	61.824	296	296	296	1	295	1	295	388
25	13	62.290	297	296	305	1	296	1	296	388
25	97	63.333	270	296	288	27	296	19	288	380
25	110	59.322	295	296	295	1	295	1	294	378
25	93	57.095	296	296	297	1	295	1	296	364
25	2	57.095	296	296	297	1	295	1	296	364
25	120	50.853	293	296	285	8	295	3	284	279
25	127	48.797	291	296	283	8	295	4	283	258
25	105	47.080	274	296	283	8	278	5	265	247
25	103	44.816	299	296	283	3	296	2	283	245
25	104	45.918	294	296	283	6	296	4	283	244
25	126	46.075	293	296	283	8	296	3	283	244
25	118	45.085	295	296	284	6	296	4	284	244
25	69	45.791	297	296	283	3	296	2	283	244
25	52	45.302	298	296	284	6	296	4	283	243
25	74	47.985	273	296	274	28	296	14	274	241
25	63	47.985	273	296	283	27	296	19	283	241
25	45	46.975	281	296	283	19	296	10	282	235
25	73	46.996	283	296	275	19	295	6	274	232
25	35	45.423	284	296	282	17	296	8	282	231
25	119	48.583	247	296	274	28	270	14	250	229
25	87	43.464	306	296	313	14	295	7	303	220
25	21	46.296	270	296	280	19	279	10	264	216
25	4	41.667	288	296	309	28	295	19	301	209
25	94	43.798	258	296	271	28	270	19	271	206
25	57	42.491	273	296	294	28	289	9	274	196
25	128	42.294	279	296	290	28	296	10	282	196
25	65	42.007	269	296	287	27	286	7	269	195
25	33	42.353	255	296	296	31	278	19	267	194
25	111	42.456	285	296	276	22	296	1	276	192
25	29	42.456	285	296	287	22	296	1	276	192
25	3	37.943	282	296	301	4	271	2	280	191
25	95	40.523	306	296	291	1	295	1	281	191
25	112	38.176	296	296	286	1	288	1	273	191
25	34	42.745	255	296	288	35	283	22	271	190
25	58	38.462	286	296	309	2	270	4	285	191
25	12	40.370	270	296	293	35	295	22	286	189
25	44	40.132	304	296	282	3	296	2	282	188
25	117	39.535	301	296	282	3	296	2	282	186
25	55	42.748	262	296	297	43	293	27	279	186
25	47	40.078	257	296	299	31	278	19	268	186
25	15	40.418	287	296	281	22	295	1	277	185
25	6	39.502	281	296	303	4	270	2	279	186
25	129	40.698	258	296	289	25	278	13	264	185
25	23	38.380	284	296	304	3	270	2	281	186
25	101	39.576	283	296	292	5	278	4	266	185
25	102	41.909	241	296	293	45	278	32	267	185
25	92	38.129	278	296	293	8	278	3	267	184
25	7	38.079	302	296	283	3	296	2	283	184
25	68	41.129	248	296	298	41	278	28	268	184
25	32	38.434	281	296	303	4	271	2	281	184
25	81	41.065	263	296	286	43	295	21	275	183
25	50	39.700	267	296	294	18	278	5	265	183
25	71	40.000	280	296	295	4	270	2	272	183
25	75	41.418	268	296	291	36	295	23	284	182
25	41	41.993	281	296	288	10	278	1	266	182
25	54	40.339	295	296	278	10	296	1	278	182
25	96	41.935	248	296	287	41	279	25	267	182
25	122	40.467	257	296	290	31	283	19	269	182
25	80	41.339	254	296	298	30	271	24	276	182
25	125	40.072	277	296	292	28	289	10	275	182
25	123	39.526	253	296	294	35	280	22	269	182
25	91	38.351	279	296	298	4	270	4	275	181
25	48	40.316	253	296	289	35	282	22	267	181
25	66	42.194	237	296	296	41	270	28	259	181
25	59	40.964	249	296	294	36	278	23	266	180
25	18	41.569	255	296	261	45	284	1	251	179
25	16	41.313	259	296	292	39	286	23	275	180
25	39	40.078	257	296	292	39	285	23	273	179
25	108	39.098	266	296	284	41	290	20	279	179
25	9	39.274	303	296	292	1	294	1	279	179
25	61	39.847	261	296	295	27	278	15	269	179
25	37	38.014	292	296	300	4	285	3	273	179
25	28	39.464	261	296	292	44	294	28	279	179
25	46	40.984	244	296	294	39	270	28	271	179
25	10	37.801	291	296	307	4	270	2	284	179
25	17	40.502	279	296	289	27	294	12	279	178
25	86	39.924	263	296	281	43	296	27	281	178
25	79	38.284	303	296	281	1	294	1	279	177
25	121	40.316	253	296	279	43	285	20	267	177
25	106	37.970	266	296	284	28	285	8	265	177
25	90	37.377	305	296	281	1	296	1	281	176
25	76	39.016	305	296	281	1	296	1	281	176
25	22	41.887	265	296	281	43	296	27	281	174
25	53	38.776	245	296	295	41	278	28	266	174
25	31	37.134	307	296	298	1	295	1	283	173
25	84	39.024	287	296	281	1	278	1	266	172
25	56	39.147	258	296	299	31	278	19	270	173
25	107	38.361	305	296	281	1	296	1	281	171
25	100	38.340	253	296	296	34	271	25	274	172
25	26	39.759	249	296	292	36	278	23	266	172
25	64	36.918	279	296	300	4	270	4	276	171
25	24	39.847	261	296	273	31	290	19	260	169
25	62	39.852	271	296	287	35	289	22	283	169
25	8	36.491	285	296	302	1	270	3	279	169
25	36	38.603	272	296	293	24	278	14	276	165
25	30	39.149	235	296	274	46	280	33	248	163
25	82	39.200	250	296	274	31	278	19	247	162
25	19	35.505	307	296	288	1	295	3	287	162
25	89	36.576	257	296	272	24	280	11	248	160
25	114	36.918	279	296	272	2	278	1	246	159
25	78	34.752	282	296	274	2	283	1	250	159
25	43	34.797	296	296	273	1	295	1	266	158
25	49	37.184	277	296	278	2	278	3	249	156
25	70	36.704	267	296	288	41	295	28	287	156
25	38	36.604	265	296	276	6	270	3	241	156
25	88	37.768	233	296	272	47	279	34	247	155
25	98	35.018	277	296	272	2	278	1	246	155
25	109	35.587	281	296	273	2	279	1	247	154
25	124	38.247	251	296	272	34	281	18	249	153
25	77	35.600	250	296	273	31	280	19	249	150
25	27	37.109	256	296	271	47	295	34	270	150
25	85	36.462	277	296	274	2	278	1	246	150
25	60	36.694	248	296	274	34	278	19	248	147
25	51	35.656	244	296	275	27	270	16	240	146
25	99	33.591	259	296	275	20	278	7	247	144
26	26	100.000	292	292	292	1	292	1	292	615
26	12	80.546	293	292	293	1	292	1	293	509
26	59	81.293	294	292	294	1	292	1	294	509
26	66	77.778	297	292	296	1	292	1	296	488
26	34	77.055	292	292	288	1	292	1	288	475
26	75	75.768	293	292	291	1	292	1	291	464
26	123	73.401	297	292	294	1	290	1	293	462
26	53	72.333	300	292	295	1	292	1	295	455
26	50	74.237	295	292	294	1	292	1	294	452
26	48	70.548	292	292	289	1	292	1	289	440
26	92	68.259	293	292	293	1	292	1	293	425
26	33	68.013	297	292	296	1	292	1	296	421
26	61	66.780	295	292	295	1	292	1	295	416
26	102	68.601	293	292	293	1	292	1	293	414
26	47	65.667	300	292	299	1	292	1	299	407
26	56	64.356	303	292	299	1	291	1	299	404
26	68	66.445	301	292	298	1	292	1	298	402
26	122	63.699	292	292	290	1	292	1	290	389
26	129	64.846	293	292	289	1	292	1	289	384
26	109	45.361	291	292	273	1	283	1	270	242
26	88	47.191	267	292	272	1	266	1	246	241
26	27	45.424	295	292	271	1	286	1	271	241
26	99	47.566	267	292	275	1	266	1	247	240
26	114	49.064	267	292	272	1	266	1	246	238
26	24	45.392	293	292	273	1	286	1	273	238
26	124	45.051	293	292	272	1	286	1	272	238
26	78	44.898	294	292	274	1	285	1	273	238
26	30	44.521	292	292	274	1	285	1	271	237
26	70	46.154	260	292	288	32	285	32	287	236
26	38	46.570	277	292	276	1	275	3	258	236
26	49	46.931	277	292	278	1	273	3	258	236
26	82	45.788	273	292	274	1	271	1	253	235
26	89	44.056	286	292	272	1	285	1	265	234
26	98	44.366	284	292	272	1	283	1	263	233
26	43	44.983	289	292	273	1	285	2	266	231
26	36	43.416	281	292	293	8	272	3	282	231
26	17	42.701	274	292	289	1	269	1	269	230
26	77	41.980	293	292	273	1	286	1	273	229
26	85	45.896	268	292	274	1	266	1	246	227
26	51	45.896	268	292	275	1	266	2	248	227
26	44	41.034	290	292	282	1	285	1	281	227
26	91	44.043	277	292	298	3	263	4	280	228
26	95	46.185	249	292	291	23	266	20	267	227
26	117	43.704	270	292	282	1	266	1	264	227
26	19	44.815	270	292	288	23	285	23	287	227
26	54	43.015	272	292	278	2	268	2	265	226
26	16	44.664	253	292	292	23	269	20	270	225
26	15	42.391	276	292	281	2	268	2	265	224
26	84	41.404	285	292	281	8	285	5	280	224
26	31	41.328	271	292	298	7	268	3	268	224
26	96	44.015	259	292	287	12	266	9	266	223
26	7	41.696	283	292	283	8	285	5	279	222
26	60	43.986	291	292	274	1	283	2	271	221
26	9	42.697	267	292	292	7	266	4	266	221
26	90	40.636	283	292	281	8	285	5	280	220
26	28	41.573	267	292	292	10	270	7	270	220
26	121	40.613	261	292	279	12	267	2	261	219
26	100	44.014	284	292	296	3	267	2	281	219
26	65	42.279	272	292	287	15	278	7	276	219
26	101	42.164	268	292	292	8	268	5	268	219
26	80	41.516	277	292	298	3	263	4	280	218
26	46	42.909	275	292	294	3	263	2	276	217
26	111	42.308	260	292	276	12	266	3	261	217
26	62	42.804	271	292	287	7	266	2	271	217
26	29	42.308	260	292	287	12	266	3	261	217
26	106	43.726	263	292	284	12	269	4	261	216
26	57	43.359	256	292	294	17	267	10	264	215
26	37	43.825	251	292	300	22	266	19	266	214
26	79	41.758	273	292	281	3	267	3	267	213
26	23	41.489	282	292	304	2	258	2	281	213
26	39	41.887	265	292	292	10	269	7	269	212
26	71	42.349	281	292	295	1	267	4	280	212
26	128	39.259	270	292	290	8	270	2	268	211
26	64	40.714	280	292	300	3	263	4	281	211
26	32	40.925	281	292	303	3	258	2	280	210
26	76	41.259	286	292	281	8	285	5	280	209
26	86	41.365	249	292	281	26	269	23	269	209
26	18	44.856	243	292	261	32	263	1	243	208
26	6	40.972	288	292	303	3	263	2	284	208
26	107	39.777	269	292	281	8	269	5	269	207
26	55	41.544	272	292	297	1	267	1	268	208
26	41	38.966	290	292	288	7	288	3	283	207
26	125	40.467	257	292	292	18	266	9	264	207
26	112	41.065	263	292	286	23	277	20	277	207
26	3	40.511	274	292	301	3	258	6	279	206
26	87	40.000	280	292	313	32	291	36	308	207
26	4	40.467	257	292	309	32	273	36	286	206
26	81	42.292	253	292	286	17	258	8	253	204
26	22	40.449	267	292	281	25	285	22	280	202
26	10	43.462	260	292	307	17	258	31	284	202
26	108	39.764	254	292	284	17	258	9	262	201
26	58	44.223	251	292	309	28	263	42	290	201
26	94	40.909	242	292	271	32	258	36	271	199
26	8	41.606	274	292	302	3	258	6	279	197
26	69	41.481	270	292	283	1	263	5	266	196
26	126	39.925	268	292	283	2	260	2	261	196
26	127	39.100	289	292	283	3	285	8	283	195
26	104	40.230	261	292	283	3	258	6	258	194
26	45	40.996	261	292	283	3	258	7	258	194
26	35	38.202	267	292	282	2	260	2	260	191
26	103	40.809	272	292	283	3	270	11	271	190
26	63	38.889	288	292	283	3	285	7	282	189
26	52	40.996	261	292	284	3	258	6	258	189
26	105	39.483	271	292	283	3	268	5	267	188
26	118	40.800	250	292	284	23	268	27	268	183
26	120	36.735	294	292	285	1	285	1	284	183
26	74	41.700	247	292	274	17	258	15	250	182
26	73	39.855	276	292	275	17	286	15	275	182
26	40	37.248	298	292	288	1	285	2	286	182
26	83	40.076	262	292	296	32	285	44	295	182
26	5	39.350	277	292	297	3	270	12	283	182
26	97	38.699	292	292	288	3	285	7	287	175
26	67	36.486	296	292	295	3	286	8	295	175
26	20	38.516	283	292	295	3	266	8	279	175
26	119	38.007	271	292	274	20	286	19	274	174
26	116	39.256	242	292	296	32	267	44	279	174
26	11	40.161	249	292	298	23	266	36	278	174
26	21	36.713	286	292	280	3	285	7	279	172
26	72	35.870	276	292	296	3	266	8	277	173
26	115	36.823	277	292	296	3	266	8	278	172
26	25	39.759	249	292	296	23	266	36	278	172
26	42	39.759	249	292	294	23	266	35	276	172
26	13	39.370	254	292	305	23	266	37	279	171
26	110	35.971	278	292	295	3	267	8	278	169
26	93	38.372	258	292	297	23	274	36	287	166
26	2	38.372	258	292	297	23	274	36	287	166
26	14	36.395	294	292	291	1	285	6	290	164
26	1	36.395	294	292	305	1	285	6	290	164
27	27	100.000	271	271	271	1	271	1	271	567
27	114	78.309	272	271	272	1	271	1	272	456
27	98	75.185	270	271	272	1	269	1	270	437
27	82	74.721	269	271	274	1	268	1	269	436
27	99	74.170	271	271	275	1	270	1	271	434
27	85	73.606	269	271	274	1	269	1	269	429
27	43	70.741	270	271	273	1	269	2	271	406
27	77	67.766	273	271	273	1	271	1	273	402
27	88	68.401	269	271	272	1	268	1	269	401
27	78	67.883	274	271	274	1	270	1	273	396
27	49	67.391	276	271	278	1	271	3	278	392
27	124	66.544	272	271	272	1	271	1	272	390
27	109	66.052	271	271	273	1	269	1	271	387
27	30	66.171	269	271	274	1	268	1	269	385
27	51	64.338	272	271	275	1	269	2	273	381
27	38	65.556	270	271	276	1	269	3	271	380
27	89	63.704	270	271	272	1	269	1	270	377
27	60	65.683	271	271	274	1	269	2	272	375
27	24	61.679	274	271	273	1	271	1	273	358
27	33	45.890	292	271	296	1	270	1	286	253
27	12	45.734	293	271	293	1	271	1	287	247
27	92	46.154	273	271	293	1	251	1	272	246
27	66	47.101	276	271	296	1	251	1	272	246
27	47	44.369	293	271	299	1	269	1	286	245
27	102	46.831	284	271	293	1	258	1	282	244
27	129	46.038	265	271	289	1	246	1	264	242
27	26	45.424	295	271	292	1	271	1	286	241
27	75	45.517	290	271	291	1	271	1	285	239
27	122	43.860	285	271	290	1	266	1	283	239
27	56	44.407	295	271	299	1	269	1	290	239
27	59	45.055	273	271	294	1	252	1	272	236
27	48	42.268	291	271	289	1	271	1	283	235
27	68	46.154	273	271	298	1	248	1	270	235
27	123	45.149	268	271	294	1	246	1	267	231
27	50	43.636	275	271	294	1	254	1	273	231
27	53	43.956	273	271	295	1	251	1	271	230
27	34	44.697	264	271	288	1	246	1	263	225
27	61	41.017	295	271	295	1	271	1	289	224
27	91	39.706	272	271	298	3	238	4	275	203
27	100	37.809	283	271	296	3	249	2	283	196
27	80	38.095	294	271	298	3	264	8	297	194
27	71	39.179	268	271	295	3	239	6	273	194
27	23	37.037	270	271	304	2	238	22	281	192
27	101	39.147	258	271	292	8	241	5	261	190
27	18	42.797	236	271	261	34	238	3	238	189
27	17	39.850	266	271	289	1	241	1	261	189
27	46	39.483	271	271	294	3	238	2	271	189
27	3	37.226	274	271	301	3	238	6	279	189
27	106	39.764	254	271	284	17	248	9	260	187
27	64	36.861	274	271	300	3	238	4	276	187
27	108	36.000	275	271	284	17	259	9	279	182
27	6	40.756	238	271	303	34	238	42	279	182
27	54	37.868	272	271	278	8	257	5	274	181
27	111	37.647	255	271	276	17	246	8	261	179
27	29	37.647	255	271	287	17	246	8	261	179
27	121	36.641	262	271	279	13	248	3	262	179
27	8	36.082	291	271	302	3	259	10	297	179
27	84	37.121	264	271	281	8	246	5	266	178
27	65	38.306	248	271	287	15	238	7	253	178
27	125	37.500	256	271	292	17	247	11	265	177
27	10	36.101	277	271	307	17	259	31	302	178
27	81	37.226	274	271	286	17	264	8	275	177
27	32	36.614	254	271	303	17	238	27	280	177
27	69	41.048	229	271	283	33	243	38	264	177
27	15	37.778	270	271	281	8	255	5	272	176
27	70	35.374	294	271	288	4	270	4	287	177
27	112	38.340	253	271	286	17	248	14	265	176
27	36	39.041	292	271	293	8	259	3	289	176
27	107	36.431	269	271	281	5	246	2	266	176
27	39	37.184	277	271	292	10	258	7	282	176
27	90	38.023	263	271	281	8	246	5	266	175
27	127	37.597	258	271	283	3	241	8	263	175
27	35	36.431	269	271	282	2	248	2	268	175
27	22	36.122	263	271	281	8	246	5	266	175
27	118	37.313	268	271	284	3	249	6	273	175
27	126	37.358	265	271	283	3	246	7	267	175
27	58	37.549	253	271	309	19	238	33	285	176
27	76	36.742	264	271	281	8	246	5	266	174
27	73	40.175	229	271	275	34	248	33	261	174
27	57	39.113	248	271	294	17	238	10	255	174
27	7	39.216	255	271	283	8	238	5	257	173
27	103	38.462	260	271	283	3	241	7	262	173
27	45	35.581	267	271	283	3	252	7	272	173
27	95	39.453	256	271	291	17	246	14	267	173
27	117	36.538	260	271	282	1	238	1	256	172
27	105	37.736	265	271	283	3	246	5	265	172
27	16	36.923	260	271	292	12	246	9	267	172
27	87	40.244	246	271	313	34	246	38	281	172
27	9	36.803	269	271	292	5	246	2	266	171
27	79	35.556	270	271	281	3	247	3	267	171
27	31	36.090	266	271	298	7	246	3	266	171
27	86	36.842	266	271	281	8	246	5	266	171
27	28	37.308	260	271	292	14	246	11	266	171
27	74	39.823	226	271	274	34	246	33	258	170
27	44	34.766	256	271	282	8	238	5	259	169
27	96	38.153	249	271	287	17	241	14	261	169
27	104	36.330	267	271	283	3	252	6	272	168
27	4	40.574	244	271	309	34	246	38	279	169
27	94	40.756	238	271	271	34	238	38	271	167
27	41	35.472	265	271	288	7	246	3	266	167
27	128	34.799	273	271	290	8	255	2	273	167
27	55	35.793	271	271	297	1	246	1	267	166
27	63	36.680	259	271	283	3	242	7	263	165
27	119	39.912	228	271	274	34	246	33	258	164
27	37	34.646	254	271	300	17	246	14	266	162
27	97	36.502	263	271	288	3	245	7	269	161
27	115	34.317	271	271	296	3	246	8	278	160
27	93	37.449	243	271	297	28	249	41	282	159
27	2	37.449	243	271	297	28	249	41	282	159
27	19	37.052	251	271	288	23	246	23	271	159
27	52	35.556	270	271	284	3	249	6	273	159
27	20	36.052	233	271	295	33	246	47	279	157
27	11	37.553	237	271	298	33	250	46	282	157
27	13	37.021	235	271	305	33	248	47	281	156
27	40	35.165	273	271	288	1	246	2	270	155
27	62	34.191	272	271	287	7	246	2	271	155
27	120	34.815	270	271	285	1	247	1	270	154
27	72	36.709	237	271	296	33	250	45	281	154
27	42	36.800	250	271	294	33	264	45	293	153
27	21	35.659	258	271	280	1	242	2	259	152
27	5	34.686	271	271	297	3	249	12	282	152
27	25	37.109	256	271	296	34	270	47	295	150
27	110	33.740	246	271	295	33	259	45	290	149
27	14	33.333	270	271	291	3	253	12	281	147
27	1	33.333	270	271	305	3	253	12	281	147
27	67	36.052	233	271	295	33	246	45	277	147
27	116	33.852	257	271	296	34	270	46	295	146
27	83	33.588	262	271	296	33	270	45	295	145
28	28	100.000	292	292	292	1	292	1	292	608
28	9	77.163	289	292	292	1	289	1	289	491
28	41	75.180	278	292	288	1	278	1	278	449
28	31	70.690	290	292	298	1	290	1	289	443
28	55	73.050	282	292	297	2	282	2	283	437
28	95	69.474	285	292	291	1	284	1	285	432
28	79	69.534	279	292	281	1	279	1	279	426
28	16	70.609	279	292	292	2	279	2	280	425
28	81	70.588	272	292	286	12	282	6	277	419
28	57	71.481	270	292	294	14	282	10	279	420
28	37	69.149	282	292	300	2	282	2	282	419
28	15	68.310	284	292	281	1	284	1	281	417
28	76	68.100	279	292	281	1	279	1	279	417
28	128	68.231	277	292	290	14	289	11	287	417
28	101	67.368	285	292	292	6	290	6	290	413
28	84	66.187	278	292	281	1	278	1	278	412
28	54	69.892	279	292	278	1	279	1	276	412
28	86	68.705	278	292	281	1	278	1	278	411
28	17	68.345	278	292	289	2	279	2	279	411
28	29	68.085	282	292	287	8	288	2	280	410
28	107	67.025	279	292	281	1	279	1	279	410
28	111	68.864	273	292	276	8	279	2	274	409
28	22	67.626	278	292	281	1	278	1	278	408
28	44	66.426	277	292	282	4	279	4	280	405
28	39	67.361	288	292	292	2	289	2	289	404
28	117	67.870	277	292	282	4	279	4	277	398
28	7	67.518	274	292	283	6	279	6	278	397
28	121	67.399	273	292	279	11	282	4	276	396
28	90	65.827	278	292	281	1	278	1	278	396
28	65	68.302	265	292	287	14	278	9	273	392
28	112	65.734	286	292	286	2	287	2	284	389
28	125	65.827	278	292	292	14	290	11	288	388
28	106	65.468	278	292	284	14	291	9	283	385
28	96	62.898	283	292	287	1	281	1	281	360
28	91	50.542	277	292	298	4	266	9	282	268
28	100	51.866	268	292	296	5	262	12	277	268
28	71	49.270	274	292	295	7	270	14	283	267
28	80	50.936	267	292	298	6	262	15	279	263
28	46	49.129	287	292	294	6	280	12	294	259
28	23	49.296	284	292	304	14	280	27	304	256
28	18	51.181	254	292	261	29	269	1	248	251
28	6	49.042	261	292	303	24	272	35	292	251
28	58	48.905	274	292	309	14	272	31	298	249
28	3	48.239	284	292	301	16	283	29	295	248
28	32	48.679	265	292	303	9	259	22	281	248
28	10	52.191	251	292	307	22	258	37	284	248
28	64	47.388	268	292	300	6	258	11	276	243
28	108	49.416	257	292	284	16	258	11	262	239
28	48	44.867	263	292	289	9	270	12	267	234
28	87	40.584	308	292	313	4	290	6	313	231
28	123	43.396	265	292	294	7	266	10	267	230
28	4	45.935	246	292	309	28	266	35	279	229
28	8	50.193	259	292	302	16	258	29	279	229
28	59	42.803	264	292	294	7	268	10	268	227
28	94	43.846	260	292	271	7	258	13	271	223
28	66	42.264	265	292	296	9	270	12	271	224
28	12	41.509	265	292	293	9	268	12	269	222
28	26	41.573	267	292	292	7	270	10	270	220
28	50	42.857	266	292	294	6	269	9	268	219
28	34	44.000	250	292	288	9	258	12	255	218
28	62	41.935	279	292	287	11	279	11	285	218
28	68	43.003	293	292	298	6	290	9	287	218
28	102	41.281	281	292	293	9	281	12	287	217
28	92	44.061	261	292	293	9	266	12	267	217
28	36	41.581	291	292	293	2	279	5	291	217
28	56	42.647	272	292	299	6	268	9	272	217
28	53	41.573	267	292	295	9	269	12	269	216
28	33	40.672	268	292	296	6	270	9	271	215
28	122	42.146	261	292	290	6	266	9	264	214
28	70	40.141	284	292	288	4	279	8	286	210
28	61	41.791	268	292	295	6	268	9	271	210
28	75	39.147	258	292	291	9	266	12	264	209
28	129	42.529	261	292	289	6	266	9	264	208
28	19	38.462	286	292	288	2	279	5	286	208
28	47	41.481	270	292	299	6	268	9	270	208
28	104	43.657	268	292	283	4	260	3	260	204
28	120	41.017	295	292	285	1	281	1	285	202
28	24	41.860	258	292	273	11	267	14	248	194
28	118	40.000	280	292	284	7	279	14	282	193
28	105	39.273	275	292	283	1	268	3	267	191
28	115	38.983	295	292	296	1	272	1	284	188
28	45	40.996	261	292	283	6	260	14	260	184
28	63	42.412	257	292	283	29	279	37	281	184
28	52	41.860	258	292	284	7	260	14	260	184
28	82	39.300	257	292	274	11	266	14	247	182
28	127	40.357	280	292	283	6	279	15	282	183
28	35	38.662	269	292	282	4	258	4	258	181
28	5	40.230	261	292	297	28	279	44	295	182
28	69	40.278	288	292	283	1	279	4	281	181
28	109	38.314	261	292	273	11	267	14	247	181
28	114	39.231	260	292	272	11	266	14	246	179
28	40	41.057	246	292	288	28	268	36	272	179
28	25	39.464	261	292	296	28	279	44	294	179
28	38	38.077	260	292	276	9	266	14	249	177
28	72	36.634	303	292	296	1	279	1	293	178
28	74	37.956	274	292	274	1	270	1	262	177
28	103	41.313	259	292	283	4	258	12	259	177
28	42	40.293	273	292	294	15	278	29	291	177
28	126	40.230	261	292	283	6	259	10	260	176
28	11	40.239	251	292	298	28	273	44	285	176
28	20	39.922	258	292	295	28	279	45	293	176
28	89	37.209	258	292	272	11	267	14	247	175
28	67	36.458	288	292	295	4	272	5	283	175
28	77	38.610	259	292	273	11	267	14	248	174
28	110	39.615	260	292	295	28	279	43	293	174
28	116	36.923	260	292	296	28	279	43	294	174
28	51	36.923	260	292	275	9	266	13	248	174
28	88	35.484	279	292	272	11	283	14	268	174
28	97	39.322	295	292	288	1	279	1	286	174
28	60	37.736	265	292	274	11	273	15	255	172
28	78	36.187	257	292	274	11	267	14	246	172
28	124	34.050	279	292	272	11	283	14	268	171
28	30	37.597	258	292	274	11	267	14	247	171
28	27	37.308	260	292	271	11	266	14	246	171
28	85	36.576	257	292	274	11	266	14	246	170
28	119	38.028	284	292	274	1	279	1	272	170
28	83	37.970	266	292	296	4	254	9	266	171
28	98	36.604	265	292	272	11	273	14	254	170
28	43	37.209	258	292	273	11	266	15	248	169
28	99	36.576	257	292	275	11	266	14	247	167
28	13	40.076	262	292	305	9	259	22	272	168
28	73	37.324	284	292	275	1	279	1	273	166
28	14	37.627	295	292	291	6	279	7	289	166
28	21	37.024	289	292	280	2	279	2	278	166
28	1	37.627	295	292	305	6	279	7	289	166
28	49	36.434	258	292	278	11	266	16	249	165
28	93	37.349	249	292	297	24	266	40	279	164
28	2	37.349	249	292	297	24	266	40	279	164
29	29	100.000	287	287	287	1	287	1	287	605
29	111	99.275	276	287	276	1	276	1	276	580
29	128	72.760	279	287	290	7	285	10	288	457
29	57	71.429	287	287	294	1	285	1	287	452
29	81	74.113	282	287	286	1	282	1	282	451
29	55	71.942	278	287	297	8	285	14	291	439
29	95	70.438	274	287	291	8	281	14	287	427
29	125	70.819	281	287	292	7	287	10	290	423
29	37	69.708	274	287	300	8	281	14	286	414
29	31	71.805	266	287	298	8	273	14	278	412
29	28	68.085	282	287	292	2	280	8	288	410
29	9	70.370	270	287	292	8	277	14	282	409
29	90	68.440	282	287	281	1	276	1	281	403
29	79	69.663	267	287	281	8	274	14	279	403
29	121	68.266	271	287	279	7	277	6	276	402
29	86	67.286	269	287	281	8	276	14	281	396
29	7	70.412	267	287	283	8	274	14	278	395
29	41	66.791	268	287	288	8	275	14	280	395
29	76	66.914	269	287	281	8	276	14	281	394
29	44	66.914	269	287	282	8	276	14	282	392
29	106	68.657	268	287	284	3	270	4	267	391
29	117	68.539	267	287	282	8	274	14	277	390
29	101	68.165	267	287	292	8	274	14	279	391
29	65	65.836	281	287	287	7	287	8	287	390
29	84	66.171	269	287	281	8	276	14	281	389
29	16	67.416	267	287	292	8	274	14	280	387
29	17	67.790	267	287	289	8	274	14	279	385
29	96	66.788	274	287	287	3	275	9	280	382
29	22	65.428	269	287	281	8	276	14	281	379
29	112	65.169	267	287	286	8	274	14	276	374
29	107	65.056	269	287	281	8	276	14	281	372
29	54	65.056	269	287	278	8	276	14	278	371
29	15	65.543	267	287	281	8	274	14	276	371
29	39	67.658	269	287	292	8	274	14	279	369
29	46	52.878	278	287	294	8	270	20	292	262
29	3	49.810	263	287	301	7	257	26	283	262
29	91	52.510	259	287	298	8	255	23	277	262
29	23	49.110	281	287	304	5	271	24	298	262
29	32	50.186	269	287	303	3	257	22	284	260
29	100	51.351	259	287	296	8	256	21	276	255
29	71	48.746	279	287	295	7	270	20	293	255
29	58	47.925	265	287	309	7	257	30	289	254
29	108	47.212	269	287	284	4	257	5	266	252
29	80	51.362	257	287	298	8	255	23	277	252
29	10	50.558	269	287	307	5	257	28	288	252
29	64	46.241	266	287	300	3	257	19	280	251
29	18	50.190	263	287	261	23	270	1	259	248
29	6	47.584	269	287	303	4	257	20	283	247
29	8	50.385	260	287	302	10	257	29	283	245
29	87	47.794	272	287	313	22	278	35	306	244
29	56	44.364	275	287	299	3	272	12	281	238
29	4	42.963	270	287	309	22	278	35	304	234
29	102	42.238	277	287	293	3	276	12	283	233
29	92	44.195	267	287	293	3	267	12	273	233
29	94	47.679	237	287	271	22	253	35	271	230
29	48	42.545	275	287	289	3	277	12	278	230
29	47	43.561	264	287	299	3	262	12	269	229
29	33	42.803	264	287	296	3	262	12	268	228
29	59	43.846	260	287	294	3	261	12	266	228
29	68	42.806	278	287	298	3	276	12	278	228
29	61	43.561	264	287	295	3	262	12	270	228
29	123	44.444	261	287	294	3	261	12	267	225
29	66	42.529	261	287	296	3	261	12	267	225
29	12	43.233	266	287	293	3	261	12	267	224
29	36	42.807	285	287	293	2	274	12	291	223
29	34	41.791	268	287	288	3	268	12	270	222
29	70	42.264	265	287	288	2	261	12	271	222
29	19	43.701	254	287	288	14	261	23	271	218
29	26	42.308	260	287	292	3	261	12	266	217
29	122	43.123	269	287	290	3	271	12	274	217
29	62	41.132	265	287	287	2	261	12	271	216
29	53	40.613	261	287	295	3	261	12	266	216
29	129	42.085	259	287	289	4	262	13	265	213
29	104	43.651	252	287	283	7	254	19	259	211
29	75	41.509	265	287	291	3	266	12	270	211
29	50	42.007	269	287	294	3	265	12	269	209
29	24	43.580	257	287	273	8	261	17	247	207
29	120	42.599	277	287	285	7	274	17	283	204
29	45	42.520	254	287	283	5	254	17	259	202
29	105	42.353	255	287	283	7	257	18	261	202
29	118	41.961	255	287	284	7	257	19	262	200
29	115	42.238	277	287	296	7	275	28	292	200
29	103	41.429	280	287	283	7	276	20	283	199
29	126	42.754	276	287	283	7	276	20	283	197
29	77	41.176	255	287	273	8	261	17	247	196
29	127	43.796	274	287	283	7	274	21	282	197
29	52	42.857	252	287	284	7	254	19	259	196
29	69	41.732	254	287	283	7	256	20	262	196
29	82	41.569	255	287	274	8	261	17	247	195
29	97	43.011	279	287	288	7	276	20	288	194
29	5	43.496	246	287	297	22	261	44	279	194
29	20	42.143	280	287	295	7	276	29	295	193
29	83	40.840	262	287	296	21	274	42	294	192
29	25	42.456	285	287	296	1	276	22	296	192
29	114	40.784	255	287	272	8	261	17	246	191
29	40	41.219	279	287	288	6	274	19	285	191
29	63	44.017	234	287	283	23	253	37	259	190
29	88	40.078	257	287	272	8	263	17	248	190
29	30	41.538	260	287	274	8	261	17	246	189
29	78	38.583	254	287	274	8	261	17	245	189
29	119	43.307	254	287	274	7	256	14	253	188
29	11	40.221	271	287	298	7	271	28	288	189
29	74	40.637	251	287	274	6	253	13	250	188
29	73	40.441	272	287	275	7	274	14	273	187
29	116	42.366	262	287	296	21	274	42	294	188
29	35	39.921	253	287	282	7	253	19	258	187
29	109	38.521	257	287	273	8	263	17	248	186
29	67	40.590	271	287	295	12	274	33	293	185
29	89	38.431	255	287	272	8	261	17	246	183
29	42	40.221	271	287	294	7	271	27	286	182
29	98	37.255	255	287	272	8	261	17	246	181
29	51	37.931	261	287	275	3	261	13	248	179
29	27	37.647	255	287	271	8	261	17	246	179
29	60	38.403	263	287	274	8	268	18	255	179
29	38	38.314	261	287	276	3	261	14	249	179
29	110	40.076	262	287	295	21	274	42	293	179
29	72	38.849	278	287	296	6	274	26	293	178
29	85	37.209	258	287	274	8	264	17	249	176
29	93	38.800	250	287	297	18	262	40	280	176
29	2	38.800	250	287	297	18	262	40	280	176
29	13	38.732	284	287	305	4	276	26	296	176
29	49	37.891	256	287	278	8	261	19	249	175
29	43	37.500	256	287	273	8	261	18	248	174
29	14	39.928	278	287	291	7	276	24	291	175
29	1	39.928	278	287	305	7	276	24	291	175
29	124	36.680	259	287	272	8	265	17	250	173
29	21	39.516	248	287	280	23	268	36	268	166
29	99	35.849	265	287	275	8	270	17	255	164
3	3	100.000	301	301	301	1	301	1	301	621
3	108	81.915	282	301	284	21	301	3	284	499
3	8	78.146	302	301	302	1	301	1	302	487
3	32	71.947	303	301	303	1	301	1	303	453
3	10	68.932	309	301	307	6	301	2	307	434
3	23	63.907	302	301	304	6	301	3	304	404
3	58	61.039	308	301	309	6	301	2	309	392
3	6	63.481	293	301	303	6	293	2	294	389
3	64	58.033	305	301	300	1	301	3	300	365
3	71	57.639	288	301	295	1	287	1	280	345
3	80	55.670	291	301	298	6	295	4	291	343
3	91	56.055	289	301	298	6	293	4	289	341
3	100	58.657	283	301	296	6	287	2	281	339
3	46	56.897	290	301	294	1	289	1	281	338
3	18	58.039	255	301	261	42	295	1	254	317
3	106	48.889	270	301	284	21	287	3	259	262
3	29	49.810	263	301	287	26	283	7	257	262
3	111	49.430	263	301	276	26	283	7	257	261
3	128	48.315	267	301	290	22	283	6	260	260
3	86	48.410	283	301	281	3	283	1	262	259
3	17	49.281	278	301	289	27	300	14	273	259
3	57	47.170	265	301	294	22	283	5	259	257
3	31	50.000	280	301	298	8	279	1	258	256
3	117	48.708	271	301	282	10	279	3	256	254
3	81	49.425	261	301	286	27	279	8	253	253
3	121	49.027	257	301	279	26	279	6	252	250
3	55	50.388	258	301	297	27	279	14	259	251
3	90	48.708	271	301	281	29	296	16	274	250
3	95	49.225	258	301	291	27	279	14	259	251
3	41	49.231	260	301	288	27	279	14	258	249
3	9	44.984	309	301	292	3	295	1	283	249
3	15	49.020	255	301	281	27	279	14	255	248
3	101	48.627	255	301	292	27	279	14	258	248
3	28	48.239	284	301	292	29	295	16	283	248
3	65	47.547	265	301	287	26	287	8	262	247
3	44	47.692	260	301	282	23	280	10	260	246
3	76	46.233	292	301	281	3	287	1	267	246
3	112	47.955	269	301	286	22	287	9	264	246
3	36	48.462	260	301	293	33	283	23	272	246
3	22	48.627	255	301	281	27	279	14	258	245
3	37	49.213	254	301	300	27	279	14	258	246
3	7	48.649	259	301	283	27	283	14	261	245
3	84	45.878	279	301	281	3	279	1	258	244
3	96	49.621	264	301	287	21	279	5	258	243
3	19	43.506	308	301	288	1	301	1	288	243
3	16	47.287	258	301	292	27	280	14	260	240
3	79	45.035	282	301	281	3	279	1	258	240
3	39	46.840	269	301	292	23	286	10	266	240
3	125	45.594	261	301	292	26	281	10	258	239
3	54	47.451	255	301	278	27	279	14	255	238
3	107	44.484	281	301	281	3	279	1	258	236
3	70	47.148	263	301	288	33	289	23	274	236
3	62	42.345	307	301	287	1	301	1	287	233
3	47	42.599	277	301	299	6	279	3	260	227
3	33	40.288	278	301	296	6	279	3	259	225
3	92	41.319	288	301	293	6	289	3	272	223
3	102	42.182	275	301	293	6	279	3	259	220
3	53	40.727	275	301	295	6	279	3	258	217
3	50	40.876	274	301	294	6	279	3	257	216
3	68	40.433	277	301	298	6	279	3	260	216
3	56	40.925	281	301	299	6	279	3	262	215
3	61	41.727	278	301	295	6	279	3	261	212
3	59	40.146	274	301	294	6	279	3	258	211
3	12	39.636	275	301	293	6	279	3	259	210
3	129	39.781	274	301	289	6	279	3	256	209
3	66	39.785	279	301	296	6	279	3	259	207
3	26	40.511	274	301	292	6	279	3	258	206
3	115	40.780	282	301	296	2	280	4	271	204
3	94	42.857	245	301	271	41	279	35	271	202
3	75	39.711	277	301	291	6	279	3	256	201
3	122	38.276	290	301	290	6	292	3	271	200
3	4	41.339	254	301	309	41	287	35	280	200
3	123	40.143	279	301	294	6	279	3	259	199
3	97	40.493	284	301	288	7	289	4	272	197
3	87	42.449	245	301	313	41	279	35	273	198
3	24	37.956	274	301	273	6	279	3	239	196
3	48	37.681	276	301	289	6	279	3	255	196
3	35	39.427	279	301	282	1	279	6	258	196
3	40	39.209	278	301	288	3	280	1	263	195
3	11	40.426	282	301	298	2	280	4	271	194
3	82	36.949	295	301	274	6	296	3	260	193
3	34	37.319	276	301	288	6	279	3	255	193
3	110	40.283	283	301	295	2	279	4	269	193
3	103	40.767	287	301	283	2	288	3	263	192
3	126	41.281	281	301	283	2	279	3	259	192
3	116	40.502	279	301	296	2	279	4	270	192
3	77	37.956	274	301	273	6	279	3	239	191
3	25	37.943	282	301	296	2	280	4	271	191
3	120	38.603	272	301	285	8	279	1	261	191
3	127	43.697	238	301	283	42	279	38	260	189
3	27	37.226	274	301	271	6	279	3	238	189
3	104	39.493	276	301	283	4	279	4	258	189
3	85	37.681	276	301	274	6	279	3	238	188
3	13	39.146	281	301	305	1	280	7	272	188
3	69	39.785	279	301	283	3	279	4	259	186
3	119	38.989	277	301	274	3	279	4	250	185
3	105	38.889	288	301	283	3	283	3	268	185
3	20	39.789	284	301	295	1	279	3	271	185
3	67	38.351	279	301	295	2	280	4	270	185
3	78	36.496	274	301	274	6	279	3	237	184
3	83	36.749	283	301	296	2	279	4	270	184
3	63	45.833	240	301	283	42	279	37	259	183
3	72	35.714	280	301	296	2	280	4	270	183
3	43	37.367	281	301	273	27	300	18	265	182
3	45	40.433	277	301	283	6	279	3	258	182
3	109	34.797	296	301	273	6	300	3	255	181
3	114	37.455	275	301	272	6	279	3	238	181
3	42	38.351	279	301	294	2	280	4	269	182
3	118	38.929	280	301	284	4	280	4	259	181
3	5	38.014	292	301	297	2	287	4	280	181
3	98	35.401	274	301	272	6	279	3	238	179
3	38	37.591	274	301	276	27	296	19	261	179
3	14	37.993	279	301	291	2	280	4	267	179
3	1	37.993	279	301	305	2	280	4	267	180
3	99	36.131	274	301	275	6	279	3	239	179
3	51	38.039	255	301	275	27	279	18	240	179
3	52	37.857	280	301	284	3	279	3	258	179
3	49	36.594	276	301	278	4	279	3	241	177
3	88	36.759	253	301	272	27	279	17	238	175
3	124	35.766	274	301	272	6	279	3	238	175
3	73	37.993	279	301	275	2	279	3	251	175
3	74	38.776	245	301	274	38	279	27	250	173
3	93	36.042	283	301	297	2	280	4	272	173
3	2	36.042	283	301	297	2	280	4	272	173
3	30	35.636	275	301	274	6	280	3	239	172
3	21	37.184	277	301	280	3	279	4	255	169
3	60	34.657	277	301	274	3	279	1	240	167
3	89	34.510	255	301	272	26	280	16	239	165
30	30	100.000	274	274	274	1	274	1	274	571
30	89	81.985	272	274	272	1	272	1	272	479
30	88	81.618	272	274	272	1	272	1	272	473
30	124	74.539	271	274	272	1	271	1	271	433
30	109	69.597	273	274	273	1	272	1	273	416
30	77	68.889	270	274	273	1	269	1	270	411
30	78	68.750	272	274	274	1	269	1	271	402
30	114	67.159	271	274	272	1	271	1	271	395
30	43	67.766	273	274	273	1	272	2	273	395
30	82	66.788	274	274	274	1	273	1	273	390
30	98	65.441	272	274	272	1	272	1	272	389
30	49	67.636	275	274	278	1	271	3	277	389
30	27	66.171	269	274	271	1	269	1	268	385
30	38	64.444	270	274	276	1	269	3	270	379
30	85	65.201	273	274	274	1	272	1	271	374
30	60	63.004	273	274	274	1	272	2	274	369
30	51	62.409	274	274	275	1	272	2	275	368
30	24	62.500	272	274	273	1	269	1	270	368
30	99	63.004	273	274	275	1	272	1	272	367
30	33	48.881	268	274	296	1	246	1	267	260
30	75	45.704	291	274	291	1	272	1	285	250
30	122	46.233	292	274	290	1	272	1	284	249
30	66	45.035	282	274	296	1	260	1	281	249
30	12	45.788	273	274	293	1	251	1	271	244
30	129	46.442	267	274	289	1	248	1	266	242
30	53	45.788	273	274	295	1	251	1	270	241
30	92	45.522	268	274	293	1	246	1	267	238
30	26	44.521	292	274	292	1	271	1	285	237
30	56	45.018	271	274	299	1	246	1	270	237
30	50	45.693	267	274	294	1	246	1	265	234
30	59	43.197	294	274	294	1	273	1	287	234
30	102	42.517	294	274	293	1	272	1	287	232
30	34	45.455	264	274	288	1	246	1	263	230
30	61	42.905	296	274	295	1	272	1	289	231
30	68	43.243	296	274	298	1	272	1	289	230
30	47	43.704	270	274	299	1	246	1	268	230
30	48	43.233	266	274	289	1	246	1	263	229
30	123	44.074	270	274	294	1	248	1	269	228
30	118	41.825	263	274	284	7	252	10	272	199
30	45	41.313	259	274	283	2	240	2	260	197
30	7	40.136	294	274	283	2	272	2	280	194
30	71	42.460	252	274	295	17	238	21	272	194
30	100	41.825	263	274	296	17	248	21	282	194
30	91	39.338	272	274	298	3	238	4	275	193
30	23	37.143	280	274	304	2	238	2	281	192
30	127	42.412	257	274	283	3	241	8	263	192
30	35	40.078	257	274	282	2	238	2	258	192
30	105	40.840	262	274	283	3	246	5	265	192
30	31	38.305	295	274	298	3	273	3	282	191
30	103	41.473	258	274	283	7	247	11	268	191
30	106	39.552	268	274	284	17	263	9	272	190
30	111	41.538	260	274	276	17	246	8	261	189
30	29	41.538	260	274	287	17	246	8	261	189
30	54	40.449	267	274	278	2	247	2	264	188
30	69	39.464	261	274	283	1	243	5	264	188
30	44	38.406	276	274	282	1	246	1	267	187
30	80	40.000	270	274	298	3	240	8	277	187
30	52	41.762	261	274	284	3	245	6	264	186
30	126	41.923	260	274	283	2	240	2	261	186
30	121	36.691	278	274	279	13	262	3	279	186
30	112	40.945	254	274	286	14	246	11	263	184
30	70	38.047	297	274	288	7	271	2	287	184
30	63	39.161	286	274	283	3	271	7	282	184
30	104	39.098	266	274	283	3	251	6	271	183
30	101	37.795	254	274	292	12	241	9	261	183
30	18	44.304	237	274	261	33	238	2	238	182
30	96	39.608	255	274	287	17	247	14	267	182
30	22	37.778	270	274	281	2	247	2	267	182
30	117	39.033	269	274	282	1	246	1	264	182
30	46	40.711	253	274	294	17	238	20	271	182
30	84	38.976	254	274	281	17	246	14	266	182
30	16	39.080	261	274	292	12	247	9	268	182
30	79	38.491	265	274	281	7	246	3	266	181
30	17	39.163	263	274	289	12	250	9	269	181
30	36	40.426	282	274	293	4	253	4	281	181
30	39	38.846	260	274	292	11	246	8	266	181
30	87	38.745	271	274	313	33	272	37	304	181
30	95	39.844	256	274	291	17	247	14	268	180
30	107	36.082	291	274	281	5	271	2	280	179
30	128	37.984	258	274	290	17	247	11	265	179
30	15	38.225	293	274	281	2	273	2	279	179
30	9	38.202	267	274	292	5	247	2	267	179
30	74	41.525	236	274	274	26	247	25	259	178
30	62	39.630	270	274	287	11	248	6	273	178
30	73	40.909	242	274	275	20	247	19	260	177
30	6	38.889	252	274	303	20	238	28	279	178
30	65	37.546	269	274	287	15	259	7	271	177
30	90	38.521	257	274	281	14	246	11	266	176
30	125	37.500	256	274	292	17	247	11	265	176
30	76	37.008	254	274	281	17	246	14	266	176
30	32	38.039	255	274	303	17	239	27	281	176
30	64	35.897	273	274	300	3	238	4	276	176
30	10	39.453	256	274	307	17	238	31	284	175
30	19	40.370	270	274	288	11	248	6	273	174
30	37	37.269	271	274	300	1	247	1	267	174
30	81	35.587	281	274	286	17	272	8	276	174
30	115	35.664	286	274	296	1	255	2	282	174
30	119	38.843	242	274	274	21	246	20	258	173
30	58	37.154	253	274	309	19	238	33	285	174
30	57	38.039	255	274	294	17	246	10	263	173
30	86	36.397	272	274	281	7	252	3	273	172
30	3	35.636	275	274	301	3	239	6	280	172
30	28	37.597	258	274	292	14	247	11	267	171
30	4	40.000	255	274	309	33	257	37	289	171
30	108	36.220	254	274	284	17	238	9	262	169
30	55	36.900	271	274	297	1	246	1	267	169
30	67	36.842	285	274	295	1	255	2	281	168
30	94	41.102	236	274	271	33	238	37	271	167
30	41	35.075	268	274	288	3	246	3	266	167
30	97	37.452	259	274	288	3	241	7	265	167
30	8	36.131	274	274	302	3	238	6	279	166
30	72	39.496	238	274	296	33	250	45	281	165
30	42	34.948	289	274	294	1	256	2	286	165
30	25	39.149	235	274	296	33	248	46	280	163
30	93	36.803	269	274	297	3	246	12	279	162
30	2	36.803	269	274	297	3	246	12	279	162
30	40	38.462	234	274	288	33	247	38	271	161
30	120	35.185	270	274	285	2	248	2	271	161
30	20	37.037	270	274	295	7	246	12	279	160
30	11	37.008	254	274	298	20	254	33	286	160
30	21	35.659	258	274	280	3	247	7	264	158
30	5	37.175	269	274	297	3	246	12	279	158
30	13	35.556	270	274	305	20	270	34	294	155
30	116	36.154	260	274	296	33	272	45	296	153
30	14	33.962	265	274	291	3	248	12	276	153
30	1	33.962	265	274	305	3	248	12	276	153
30	83	30.605	281	274	296	3	256	8	288	148
30	110	35.135	259	274	295	33	272	45	295	148
31	31	100.000	298	298	298	1	298	1	298	625
31	9	74.820	278	298	292	1	278	1	278	458
31	28	70.690	290	298	292	1	289	1	290	443
31	37	71.000	300	298	300	2	298	2	300	442
31	41	70.819	281	298	288	1	281	1	281	442
31	95	69.204	289	298	291	1	288	1	287	431
31	55	71.025	283	298	297	2	283	2	284	429
31	84	69.643	280	298	281	1	280	1	280	428
31	117	70.463	281	298	282	3	283	3	281	427
31	76	68.571	280	298	281	1	280	1	280	426
31	7	70.318	283	298	283	1	283	1	282	424
31	79	68.705	278	298	281	1	278	1	278	422
31	81	70.632	269	298	286	14	281	8	276	422
31	15	69.149	282	298	281	1	282	1	279	422
31	54	70.000	280	298	278	1	280	1	277	421
31	101	70.696	273	298	292	6	278	6	278	419
31	17	69.424	278	298	289	1	278	1	278	419
31	90	69.643	280	298	281	1	280	1	280	417
31	111	71.805	266	298	276	14	278	8	273	412
31	29	71.805	266	298	287	14	278	8	273	412
31	44	69.176	279	298	282	3	280	3	281	410
31	86	68.214	280	298	281	1	280	1	280	408
31	22	67.857	280	298	281	1	280	1	280	407
31	128	67.897	271	298	290	14	283	11	281	405
31	65	68.914	267	298	287	12	278	7	273	401
31	107	65.108	278	298	281	1	278	1	278	400
31	16	65.468	278	298	292	2	278	2	279	397
31	39	66.787	277	298	292	2	278	2	278	395
31	57	66.790	271	298	294	14	283	10	280	395
31	121	66.788	274	298	279	11	283	4	277	394
31	112	64.460	287	298	286	2	288	2	282	392
31	96	68.498	273	298	287	14	284	14	284	390
31	125	64.388	278	298	292	14	287	11	285	385
31	106	66.288	264	298	284	14	277	9	269	375
31	91	51.636	275	298	298	3	266	12	282	265
31	46	50.173	289	298	294	3	280	9	293	265
31	100	49.301	286	298	296	6	280	13	295	264
31	6	47.869	305	298	303	3	280	2	302	262
31	71	49.097	277	298	295	3	269	10	282	259
31	23	48.561	278	298	304	14	276	27	298	258
31	80	51.095	274	298	298	3	266	12	282	257
31	3	50.000	280	298	301	1	258	8	279	256
31	32	50.584	257	298	303	16	258	29	280	252
31	58	49.458	277	298	309	14	272	31	301	251
31	64	46.691	272	298	300	23	284	33	300	249
31	108	49.618	262	298	284	14	258	9	262	246
31	18	49.434	265	298	261	29	280	1	260	244
31	10	49.802	253	298	307	22	258	37	284	242
31	8	51.562	256	298	302	16	258	29	279	241
31	33	41.812	287	298	296	5	283	8	289	233
31	123	41.806	299	298	294	3	296	7	288	232
31	48	43.774	265	298	289	3	266	7	263	231
31	87	41.980	293	298	313	7	281	13	304	231
31	12	42.435	271	298	293	3	268	7	269	227
31	92	43.151	292	298	293	3	281	3	287	226
31	75	42.424	264	298	291	3	266	7	264	225
31	66	40.767	287	298	296	3	285	7	279	225
31	26	41.328	271	298	292	3	268	7	268	224
31	34	43.431	274	298	288	3	273	7	267	223
31	59	42.066	271	298	294	2	268	5	268	223
31	61	42.007	269	298	295	5	268	8	271	222
31	36	43.116	276	298	293	2	266	5	276	222
31	94	44.615	260	298	271	7	258	13	271	219
31	70	41.912	272	298	288	17	280	20	287	219
31	4	43.846	260	298	309	7	258	13	271	219
31	102	41.463	287	298	293	3	284	7	287	218
31	47	42.491	273	298	299	5	268	8	270	218
31	56	41.319	288	298	299	5	285	8	290	218
31	19	38.676	287	298	288	2	280	5	287	213
31	68	41.156	294	298	298	5	284	8	292	213
31	53	40.809	272	298	295	5	269	8	269	213
31	50	41.636	269	298	294	5	269	8	268	211
31	62	43.182	264	298	287	5	258	4	263	210
31	122	40.426	282	298	290	5	281	8	284	207
31	118	41.319	288	298	284	1	282	8	284	204
31	104	41.045	268	298	283	4	260	3	260	202
31	120	42.373	295	298	285	1	281	1	285	201
31	129	39.695	262	298	289	5	266	8	264	200
31	105	40.794	277	298	283	1	268	3	267	199
31	45	41.544	272	298	283	3	260	3	260	195
31	30	38.305	295	298	274	3	282	3	273	191
31	52	40.672	268	298	284	1	260	3	260	191
31	24	40.755	265	298	273	3	266	7	247	190
31	89	36.054	294	298	272	3	281	3	272	187
31	38	38.760	258	298	276	11	266	16	249	187
31	69	42.276	246	298	283	29	267	37	268	185
31	88	38.113	265	298	272	3	266	7	246	184
31	77	37.241	290	298	273	3	288	3	262	184
31	82	37.241	290	298	274	5	283	8	274	184
31	73	38.596	285	298	275	1	280	1	274	183
31	126	40.075	267	298	283	3	258	3	259	182
31	40	40.076	262	298	288	28	282	36	288	180
31	83	37.374	297	298	296	3	284	8	296	180
31	115	43.220	236	298	296	28	258	44	270	180
31	124	37.918	269	298	272	3	266	3	246	179
31	119	39.852	271	298	274	1	267	1	259	179
31	78	37.500	264	298	274	3	266	7	245	178
31	114	38.113	265	298	272	3	266	7	246	177
31	67	41.379	261	298	295	28	283	43	294	177
31	109	36.226	265	298	273	3	266	7	246	177
31	63	39.844	256	298	283	29	280	37	282	177
31	85	37.594	266	298	274	2	266	5	246	176
31	103	37.024	289	298	283	3	283	7	282	176
31	74	39.552	268	298	274	1	263	1	255	176
31	35	38.340	253	298	282	29	278	36	272	176
31	42	40.230	261	298	294	28	283	43	293	175
31	51	36.260	262	298	275	7	266	11	248	175
31	60	38.007	271	298	274	6	274	10	256	174
31	72	39.544	263	298	296	28	282	43	293	174
31	25	37.134	307	298	296	1	283	1	295	173
31	97	40.824	267	298	288	1	254	1	258	173
31	127	38.636	264	298	283	3	259	12	261	172
31	27	36.090	266	298	271	3	266	7	246	171
31	5	40.343	233	298	297	28	254	44	267	172
31	14	37.500	304	298	291	3	283	4	290	172
31	1	37.338	308	298	305	3	287	4	294	172
31	110	38.168	262	298	295	28	284	43	295	170
31	98	34.797	296	298	272	3	295	7	272	169
31	49	38.346	266	298	278	5	266	10	249	169
31	99	35.740	277	298	275	3	275	3	255	169
31	21	37.906	277	298	280	2	269	2	266	167
31	43	35.714	266	298	273	3	266	8	248	167
31	20	41.702	235	298	295	28	254	45	267	166
31	11	35.762	302	298	298	1	281	1	293	164
31	116	39.655	232	298	296	28	254	43	266	162
31	93	33.898	295	298	297	3	284	12	297	160
31	2	33.898	295	298	297	3	284	12	297	160
31	13	41.423	239	298	305	24	254	41	267	154
32	32	100.000	303	303	303	1	303	1	303	627
32	10	81.877	309	303	307	1	303	1	307	517
32	23	75.908	303	303	304	2	303	3	304	484
32	58	69.256	309	303	309	1	303	1	309	459
32	3	71.947	303	303	301	1	303	1	301	453
32	8	70.297	303	303	302	1	303	1	302	445
32	6	70.470	298	303	303	1	296	1	295	444
32	108	72.183	284	303	284	21	303	3	284	440
32	64	63.816	304	303	300	1	303	3	300	404
32	80	59.539	304	303	298	1	303	3	298	375
32	46	59.539	304	303	294	1	303	1	294	370
32	100	58.553	304	303	296	1	303	1	296	366
32	91	58.553	304	303	298	1	303	3	298	365
32	71	59.516	289	303	295	1	288	1	280	356
32	18	60.687	262	303	261	42	303	1	261	344
32	81	50.579	259	303	286	27	280	8	253	263
32	111	50.186	269	303	276	22	284	3	257	260
32	29	50.186	269	303	287	22	284	3	257	260
32	128	49.627	268	303	290	23	284	7	260	259
32	57	48.718	273	303	294	26	293	9	269	259
32	86	48.746	279	303	281	27	302	14	281	258
32	95	49.451	273	303	291	27	293	14	273	256
32	117	52.569	253	303	282	29	280	16	256	255
32	9	51.362	257	303	292	29	280	16	258	255
32	106	48.913	276	303	284	21	293	3	264	254
32	121	50.775	258	303	279	26	280	6	252	252
32	31	50.584	257	303	298	29	280	16	258	252
32	15	50.391	256	303	281	27	280	14	255	249
32	54	51.181	254	303	278	29	280	16	255	249
32	55	49.807	259	303	297	27	280	14	259	249
32	7	48.375	277	303	283	29	302	16	279	249
32	90	46.931	277	303	281	29	302	16	281	248
32	44	49.804	255	303	282	29	281	16	260	248
32	76	47.312	279	303	281	27	302	14	281	248
32	41	47.970	271	303	288	29	293	16	272	248
32	28	48.679	265	303	292	22	281	9	259	248
32	37	47.253	273	303	300	27	293	14	272	247
32	84	48.736	277	303	281	29	302	16	280	246
32	65	46.715	274	303	287	23	293	5	267	244
32	112	47.037	270	303	286	27	293	14	269	241
32	17	46.154	273	303	289	29	298	16	277	241
32	39	46.691	272	303	292	25	293	12	272	240
32	16	47.059	255	303	292	29	281	16	260	239
32	22	45.756	271	303	281	35	302	22	281	238
32	19	46.503	286	303	288	23	303	14	288	238
32	96	48.669	263	303	287	19	280	6	258	238
32	125	46.468	269	303	292	22	282	3	258	238
32	101	45.878	279	303	292	27	302	14	279	237
32	79	46.718	259	303	281	27	280	14	258	236
32	70	42.532	308	303	288	1	303	1	288	235
32	107	48.387	248	303	281	35	280	22	258	234
32	36	43.151	292	303	293	1	284	1	272	228
32	62	46.094	256	303	287	32	284	22	267	226
32	50	43.321	277	303	294	27	299	17	280	225
32	66	44.574	258	303	296	27	280	17	259	224
32	12	42.049	283	303	293	2	280	3	259	224
32	92	43.542	271	303	293	27	294	17	274	221
32	47	42.456	285	303	299	27	301	17	289	220
32	48	43.411	258	303	289	27	280	17	255	217
32	33	43.529	255	303	296	27	280	17	259	218
32	53	43.411	258	303	295	27	280	17	258	218
32	102	43.307	254	303	293	27	280	17	259	217
32	59	41.577	279	303	294	2	280	3	258	216
32	61	44.358	257	303	295	26	280	16	261	213
32	126	42.143	280	303	283	2	280	3	259	212
32	68	42.969	256	303	298	27	280	17	260	213
32	103	44.643	280	303	283	2	280	7	259	212
32	87	43.885	278	303	313	16	280	4	273	213
32	115	41.696	283	303	296	2	281	4	271	211
32	4	44.318	264	303	309	41	294	35	286	212
32	123	43.922	255	303	294	27	280	17	259	210
32	26	40.925	281	303	292	2	280	3	258	210
32	94	45.306	245	303	271	41	280	35	271	209
32	129	44.094	254	303	289	27	280	17	256	209
32	75	42.308	260	303	291	27	280	17	256	209
32	127	42.705	281	303	283	2	280	4	260	207
32	122	42.248	258	303	290	27	280	17	256	206
32	105	40.893	291	303	283	2	284	5	268	206
32	56	43.969	257	303	299	27	280	17	262	206
32	34	39.068	279	303	288	2	280	3	255	204
32	104	40.357	280	303	283	1	280	5	258	203
32	63	42.143	280	303	283	3	280	4	259	202
32	35	42.169	249	303	282	32	280	26	258	199
32	97	38.033	305	303	288	1	302	6	287	199
32	118	38.929	280	303	284	3	281	3	259	197
32	40	39.731	297	303	288	2	297	4	279	196
32	69	41.825	263	303	283	26	280	18	259	196
32	5	38.796	299	303	297	2	297	4	289	195
32	120	40.873	252	303	285	29	280	20	261	192
32	11	39.502	281	303	298	2	281	4	271	192
32	20	39.649	285	303	295	1	280	3	271	192
32	52	39.427	279	303	284	2	280	6	258	191
32	24	39.370	254	303	273	27	280	17	239	189
32	83	38.652	282	303	296	2	280	4	270	190
32	109	37.795	254	303	273	27	280	17	238	189
32	45	39.716	282	303	283	1	280	6	258	188
32	82	39.370	254	303	274	27	280	17	239	187
32	67	39.855	276	303	295	22	296	30	286	188
32	114	37.276	279	303	272	2	280	3	238	187
32	74	40.840	262	303	274	20	280	8	250	187
32	42	39.502	281	303	294	2	281	4	269	187
32	116	39.590	293	303	296	2	292	4	283	187
32	77	39.370	254	303	273	27	280	17	239	186
32	93	38.305	295	303	297	2	294	8	286	187
32	2	38.305	295	303	297	2	294	8	286	187
32	119	39.526	253	303	274	31	280	17	250	186
32	73	40.711	253	303	275	31	280	17	251	186
32	72	39.085	284	303	296	2	281	8	270	186
32	13	38.214	280	303	305	2	281	12	272	185
32	88	37.402	254	303	272	27	280	17	238	183
32	25	38.434	281	303	296	2	281	4	271	184
32	78	37.255	255	303	274	27	280	17	237	182
32	51	37.008	254	303	275	27	280	18	240	181
32	38	37.402	254	303	276	27	280	19	241	181
32	43	35.842	279	303	273	27	302	18	265	181
32	110	39.643	280	303	295	2	280	4	269	181
32	99	37.008	254	303	275	27	280	17	239	180
32	98	35.125	279	303	272	2	280	3	238	180
32	124	36.614	254	303	272	27	280	17	238	179
32	85	37.891	256	303	274	27	280	17	238	179
32	27	36.614	254	303	271	27	280	17	238	177
32	30	38.039	255	303	274	27	281	17	239	176
32	60	36.614	254	303	274	27	280	18	240	176
32	89	34.766	256	303	272	26	281	16	239	174
32	49	36.220	254	303	278	27	280	19	241	169
32	14	39.453	256	303	291	31	281	27	267	167
32	1	39.453	256	303	305	31	281	27	267	168
32	21	37.857	280	303	280	1	280	6	255	165
33	33	100.000	296	296	296	1	296	1	296	620
33	56	73.000	300	296	299	1	295	1	299	452
33	47	70.000	300	296	299	1	296	1	299	446
33	66	70.608	296	296	296	1	296	1	296	446
33	12	70.608	296	296	293	1	296	1	293	445
33	61	68.121	298	296	295	1	296	1	295	438
33	102	69.595	296	296	293	1	296	1	293	436
33	92	67.568	296	296	293	1	296	1	293	431
33	53	67.230	296	296	295	1	296	1	295	427
33	68	68.456	298	296	298	1	295	1	297	425
33	50	67.905	296	296	294	1	296	1	294	424
33	59	67.114	298	296	294	1	296	1	294	422
33	26	68.013	297	296	292	1	296	1	292	421
33	48	65.541	296	296	289	1	296	1	289	411
33	75	65.541	296	296	291	1	296	1	291	409
33	34	65.657	297	296	288	1	296	1	288	409
33	123	64.164	293	296	294	1	293	1	292	407
33	122	65.878	296	296	290	1	296	1	290	391
33	129	61.824	296	296	289	1	296	1	289	379
33	109	47.703	283	296	273	1	281	1	261	261
33	30	48.881	268	296	274	1	267	1	246	260
33	98	50.186	269	296	272	1	267	1	246	259
33	78	48.315	267	296	274	1	267	1	245	258
33	88	46.809	282	296	272	1	281	1	260	257
33	124	46.392	291	296	272	1	284	1	269	256
33	24	48.881	268	296	273	1	267	1	247	255
33	114	49.818	275	296	272	1	272	1	252	254
33	27	45.890	292	296	271	1	286	1	270	253
33	82	44.068	295	296	274	1	289	1	274	251
33	85	48.327	269	296	274	1	267	1	246	251
33	77	46.595	279	296	273	1	278	1	258	248
33	89	47.015	268	296	272	1	267	1	246	246
33	38	46.953	279	296	276	1	277	3	259	245
33	43	47.584	269	296	273	1	267	2	248	243
33	99	47.015	268	296	275	1	267	1	247	243
33	91	45.455	275	296	298	3	262	4	278	242
33	51	47.584	269	296	275	1	267	2	248	239
33	106	45.594	261	296	284	12	267	4	258	239
33	70	44.853	272	296	288	7	267	2	271	238
33	46	46.014	276	296	294	3	260	2	272	238
33	71	45.693	267	296	295	3	259	6	272	238
33	17	44.161	274	296	289	1	269	1	268	237
33	31	41.812	287	296	298	8	289	5	283	233
33	49	46.468	269	296	278	1	267	3	249	232
33	100	44.853	272	296	296	3	259	2	273	231
33	44	44.485	272	296	282	1	267	1	267	230
33	18	45.914	257	296	261	32	278	1	255	229
33	80	44.727	275	296	298	3	262	4	278	230
33	19	45.318	267	296	288	11	267	6	271	229
33	7	44.074	270	296	283	23	287	20	280	228
33	29	42.803	264	296	287	12	268	3	262	228
33	111	42.966	263	296	276	12	267	3	261	228
33	96	41.489	282	296	287	12	289	9	283	227
33	117	43.173	271	296	282	1	267	1	264	226
33	84	43.662	284	296	281	8	286	5	280	226
33	16	41.418	268	296	292	8	267	4	267	225
33	101	41.727	278	296	292	8	279	5	277	225
33	3	40.288	278	296	301	3	259	6	279	225
33	6	43.772	281	296	303	3	260	2	280	225
33	36	45.769	260	296	293	28	274	28	283	224
33	79	43.333	270	296	281	3	267	3	266	224
33	23	41.343	283	296	304	2	260	2	282	224
33	54	43.590	273	296	278	2	269	2	265	223
33	10	44.358	257	296	307	17	259	31	284	224
33	60	43.866	269	296	274	1	267	2	248	223
33	76	42.642	265	296	281	8	267	5	266	223
33	125	42.391	276	296	292	17	284	11	282	223
33	9	41.111	270	296	292	7	271	4	270	223
33	15	41.297	293	296	281	2	289	2	280	222
33	86	43.254	252	296	281	23	269	20	268	221
33	64	42.446	278	296	300	3	260	4	277	222
33	57	43.223	273	296	294	17	284	10	275	222
33	58	45.276	254	296	309	22	262	35	288	221
33	90	40.741	270	296	281	8	269	5	268	219
33	62	44.444	270	296	287	11	267	6	271	219
33	65	43.077	260	296	287	15	269	7	263	219
33	128	40.214	281	296	290	17	290	11	285	219
33	112	43.933	239	296	286	27	260	24	256	219
33	4	44.758	248	296	309	31	267	35	279	219
33	121	41.065	263	296	279	12	267	2	260	218
33	37	40.000	295	296	300	1	287	1	281	218
33	45	41.034	290	296	283	3	288	7	283	217
33	94	45.417	240	296	271	31	259	35	271	217
33	32	43.529	255	296	303	17	259	27	280	218
33	39	41.729	266	296	292	9	269	6	268	217
33	87	43.952	248	296	313	31	268	35	282	217
33	107	43.548	248	296	281	27	269	24	268	215
33	28	40.672	268	296	292	9	271	6	270	215
33	95	44.841	252	296	291	23	267	20	267	214
33	108	40.856	257	296	284	17	259	9	262	214
33	8	42.960	277	296	302	3	259	6	279	214
33	22	41.697	271	296	281	2	267	2	266	213
33	81	39.130	276	296	286	17	287	8	276	212
33	41	40.625	288	296	288	3	284	3	281	208
33	115	41.356	295	296	296	3	284	8	293	208
33	55	41.176	272	296	297	1	267	1	267	206
33	20	42.086	278	296	295	1	267	10	279	203
33	40	41.367	278	296	288	1	269	2	272	202
33	69	39.416	274	296	283	3	271	7	271	201
33	127	39.394	264	296	283	3	261	8	262	201
33	97	43.182	264	296	288	3	259	7	262	201
33	67	39.350	277	296	295	3	267	8	277	201
33	72	41.577	279	296	296	3	267	8	277	201
33	74	43.077	260	296	274	16	271	15	262	198
33	126	38.298	282	296	283	2	274	2	274	198
33	83	41.509	265	296	296	31	287	43	296	198
33	110	40.288	278	296	295	3	267	8	277	197
33	73	43.952	248	296	275	25	267	24	259	196
33	5	41.935	279	296	297	3	267	12	279	196
33	118	37.979	287	296	284	7	288	10	284	195
33	42	40.989	283	296	294	1	267	2	276	195
33	63	39.394	264	296	283	3	261	7	261	194
33	25	42.353	255	296	296	19	267	31	278	194
33	52	38.148	270	296	284	3	267	6	266	193
33	103	37.818	275	296	283	2	267	2	267	192
33	13	41.264	269	296	305	1	259	10	271	193
33	93	41.935	279	296	297	3	267	12	279	192
33	2	41.935	279	296	297	3	267	12	279	192
33	120	39.643	280	296	285	2	267	2	269	191
33	35	37.710	297	296	282	2	289	2	281	191
33	104	39.313	262	296	283	3	259	6	258	191
33	11	39.721	287	296	298	1	267	2	278	191
33	116	41.245	257	296	296	23	267	30	278	190
33	14	39.338	272	296	291	1	259	2	266	189
33	119	44.094	254	296	274	20	267	19	258	188
33	105	36.397	272	296	283	3	269	5	267	188
33	1	39.338	272	296	305	1	259	2	266	189
33	21	38.113	265	296	280	3	264	7	260	169
34	34	100.000	288	288	288	1	288	1	288	608
34	59	81.633	294	288	294	1	288	1	294	503
34	26	77.055	292	288	292	1	288	1	292	475
34	12	74.744	293	288	293	1	288	1	293	461
34	75	73.540	291	288	291	1	288	1	291	459
34	66	72.973	296	288	296	1	288	1	296	445
34	48	72.165	291	288	289	1	288	1	289	441
34	123	68.601	293	288	294	1	286	1	293	424
34	53	68.581	296	288	295	1	288	1	295	421
34	50	70.169	295	288	294	1	288	1	294	419
34	33	65.657	297	288	296	1	288	1	296	409
34	102	65.424	295	288	293	1	288	1	293	401
34	92	63.823	293	288	293	1	288	1	293	401
34	61	63.390	295	288	295	1	288	1	295	397
34	56	63.123	301	288	299	1	287	1	299	393
34	68	62.791	301	288	298	1	288	1	298	386
34	47	59.934	302	288	299	1	288	1	299	379
34	122	61.168	291	288	290	1	288	1	290	372
34	129	60.208	289	288	289	1	288	1	289	369
34	88	47.348	264	288	272	1	263	1	246	241
34	78	47.925	265	288	274	1	263	1	245	239
34	109	47.656	256	288	273	1	255	1	238	235
34	85	47.015	268	288	274	1	266	1	249	233
34	82	45.353	269	288	274	1	268	1	252	233
34	24	44.483	290	288	273	1	282	1	273	231
34	19	44.403	268	288	288	23	281	23	287	232
34	124	45.318	267	288	272	1	266	1	249	230
34	30	45.455	264	288	274	1	263	1	246	230
34	89	44.318	264	288	272	1	263	1	246	227
34	55	43.956	273	288	297	1	266	1	270	228
34	95	42.804	271	288	291	23	286	20	286	227
34	114	46.067	267	288	272	1	263	1	246	226
34	57	43.629	259	288	294	17	266	10	266	226
34	77	41.980	293	288	273	1	282	1	273	225
34	27	44.697	264	288	271	1	263	1	246	225
34	9	42.143	280	288	292	7	280	4	279	225
34	43	43.110	283	288	273	1	281	2	266	225
34	44	41.319	288	288	282	1	281	1	281	225
34	36	40.203	296	288	293	8	281	3	292	225
34	62	41.781	292	288	287	7	281	2	286	223
34	49	45.489	266	288	278	1	263	3	249	223
34	31	43.431	274	288	298	7	267	3	273	223
34	111	41.791	268	288	276	12	270	3	268	223
34	7	43.295	261	288	283	8	263	5	265	222
34	16	43.396	265	288	292	23	280	20	280	222
34	29	41.791	268	288	287	12	270	3	268	222
34	79	41.667	288	288	281	3	280	3	279	220
34	54	44.231	260	288	278	2	256	2	256	219
34	128	40.809	272	288	290	8	267	2	268	219
34	70	44.813	241	288	288	32	263	32	271	219
34	65	45.098	255	288	287	15	263	7	261	219
34	121	43.083	253	288	279	12	256	2	253	218
34	106	45.418	251	288	284	12	257	4	252	218
34	98	43.561	264	288	272	1	263	1	246	218
34	112	42.751	269	288	286	17	277	14	280	218
34	28	44.000	250	288	292	12	255	9	258	218
34	17	43.726	263	288	289	1	257	1	260	218
34	99	43.561	264	288	275	1	263	1	247	217
34	117	40.741	270	288	282	1	266	1	267	217
34	101	43.411	258	288	292	8	257	5	260	217
34	76	40.714	280	288	281	8	281	5	280	216
34	84	42.803	264	288	281	8	263	5	266	216
34	81	40.876	274	288	286	17	281	8	275	216
34	38	43.774	265	288	276	1	263	3	249	214
34	51	43.019	265	288	275	1	263	2	248	214
34	125	43.775	249	288	292	17	255	8	256	214
34	60	40.972	288	288	274	1	279	2	271	213
34	37	40.590	271	288	300	17	281	14	280	213
34	22	41.724	290	288	281	2	281	2	280	212
34	90	41.221	262	288	281	8	263	5	266	212
34	91	40.876	274	288	298	3	256	4	276	211
34	39	41.429	280	288	292	10	280	7	286	211
34	71	41.636	269	288	295	1	255	4	272	211
34	96	43.651	252	288	287	12	256	9	259	210
34	100	42.647	272	288	296	3	255	2	273	209
34	107	41.603	262	288	281	8	263	5	266	207
34	41	42.248	258	288	288	7	255	3	258	207
34	46	41.852	270	288	294	3	255	2	271	206
34	87	39.493	276	288	313	32	287	36	308	206
34	86	43.033	244	288	281	26	263	23	266	205
34	58	41.111	270	288	309	28	281	42	308	205
34	4	38.722	266	288	309	32	281	36	301	204
34	127	40.702	285	288	283	3	281	8	283	203
34	32	39.068	279	288	303	3	255	2	280	204
34	15	39.925	268	288	281	2	263	2	263	202
34	10	41.406	256	288	307	17	255	31	284	202
34	18	45.188	239	288	261	32	256	1	239	201
34	103	39.446	289	288	283	2	281	2	282	199
34	6	38.163	283	288	303	3	260	2	284	200
34	23	37.895	285	288	304	2	260	2	286	200
34	94	40.254	236	288	271	32	255	36	271	198
34	126	38.754	289	288	283	2	281	2	282	198
34	80	39.706	272	288	298	3	255	4	275	198
34	64	37.500	280	288	300	3	260	4	281	195
34	3	37.319	276	288	301	3	255	6	279	193
34	63	40.769	260	288	283	3	257	7	261	192
34	40	38.435	294	288	288	1	281	2	286	191
34	104	38.577	267	288	283	3	264	6	267	191
34	69	40.458	262	288	283	1	257	5	261	191
34	72	38.652	282	288	296	3	272	8	283	191
34	20	39.493	276	288	295	3	263	8	279	190
34	5	40.000	290	288	297	3	281	12	296	190
34	25	42.745	255	288	296	22	271	35	283	190
34	97	39.583	288	288	288	3	281	7	287	189
34	108	38.583	254	288	284	17	255	9	262	189
34	115	39.362	282	288	296	3	271	8	283	189
34	67	40.234	256	288	295	21	271	33	282	188
34	45	39.300	257	288	283	3	255	7	258	187
34	35	38.868	265	288	282	2	258	2	261	187
34	73	41.818	275	288	275	17	282	15	275	185
34	11	40.385	260	288	298	23	277	36	289	185
34	120	37.113	291	288	285	1	281	1	284	183
34	105	39.147	258	288	283	3	255	5	257	183
34	42	40.076	262	288	294	22	277	34	287	182
34	74	40.659	273	288	274	17	281	15	273	182
34	52	39.098	266	288	284	3	263	6	266	181
34	8	37.591	274	288	302	3	255	6	279	179
34	118	41.250	240	288	284	23	255	27	258	178
34	13	40.486	247	288	305	23	264	37	277	178
34	110	36.301	292	288	295	3	281	8	294	177
34	116	40.541	259	288	296	32	281	44	295	177
34	83	39.331	239	288	296	32	264	44	276	173
34	93	37.455	275	288	297	3	263	12	279	171
34	2	37.455	275	288	297	3	263	12	279	171
34	119	37.175	269	288	274	20	282	19	274	168
34	14	35.439	285	288	291	3	281	12	290	168
34	1	35.439	285	288	305	3	281	12	290	169
34	21	37.743	257	288	280	3	256	7	256	167
35	35	100.000	282	282	282	1	282	1	282	587
35	126	71.378	283	282	283	1	282	1	283	421
35	45	68.085	282	282	283	1	282	1	282	405
35	104	69.039	281	282	283	4	282	3	283	403
35	118	67.972	281	282	284	3	282	6	283	388
35	52	67.972	281	282	284	3	282	6	283	386
35	105	66.192	281	282	283	3	282	5	282	379
35	103	63.604	283	282	283	1	282	1	283	374
35	69	62.454	269	282	283	14	282	15	283	370
35	127	61.210	281	282	283	2	281	3	283	366
35	63	61.837	283	282	283	1	282	1	283	362
35	74	53.208	265	282	274	19	282	14	274	291
35	73	55.263	266	282	275	19	281	14	274	289
35	119	53.788	264	282	274	19	281	14	273	283
35	21	51.625	277	282	280	6	281	6	279	276
35	120	45.517	290	282	285	1	281	1	284	245
35	97	47.710	262	282	288	4	258	4	262	238
35	67	43.771	297	282	295	2	281	3	294	234
35	25	45.423	284	282	296	8	282	17	296	231
35	42	42.761	297	282	294	2	282	3	294	227
35	115	42.500	280	282	296	2	267	3	279	226
35	72	42.955	291	282	296	3	280	8	293	224
35	40	43.382	272	282	288	2	267	3	271	221
35	14	42.857	287	282	291	3	282	8	291	221
35	1	42.857	287	282	305	3	282	8	291	221
35	13	41.667	288	282	305	3	282	12	296	216
35	11	41.724	290	282	298	3	279	8	293	215
35	5	42.029	276	282	297	3	267	8	280	215
35	116	42.105	266	282	296	3	258	8	270	213
35	20	40.878	296	282	295	3	282	4	295	211
35	6	42.636	258	282	303	19	259	24	280	211
35	83	42.066	271	282	296	3	263	8	274	211
35	93	40.273	293	282	297	3	281	8	296	211
35	2	40.273	293	282	297	3	281	8	296	211
35	102	39.310	290	282	293	2	282	2	283	206
35	110	43.893	262	282	295	3	258	12	269	206
35	58	42.802	257	282	309	19	258	30	285	204
35	23	38.163	283	282	304	1	259	1	282	202
35	19	42.612	291	282	288	6	281	1	287	201
35	108	42.913	254	282	284	22	258	11	262	201
35	64	41.912	272	282	300	3	259	8	277	201
35	18	43.333	240	282	261	36	259	1	239	199
35	70	43.911	271	282	288	6	261	1	266	199
35	32	42.169	249	282	303	26	258	32	280	199
35	68	39.695	262	282	298	25	275	21	277	199
35	87	42.007	269	282	313	36	281	36	303	200
35	16	39.519	291	282	292	4	277	4	284	198
35	62	41.636	269	282	287	26	281	22	286	197
35	91	38.768	276	282	298	6	259	3	276	197
35	46	40.520	269	282	294	21	269	21	287	196
35	3	39.427	279	282	301	6	258	1	279	196
35	47	42.915	247	282	299	36	270	32	272	196
35	61	39.661	295	282	295	2	281	2	288	195
35	36	39.731	297	282	293	4	281	3	292	194
35	10	40.784	255	282	307	22	258	33	284	194
35	92	37.755	294	282	293	2	281	2	286	194
35	106	40.996	261	282	284	19	270	12	262	193
35	80	38.406	276	282	298	6	258	3	275	194
35	71	38.686	274	282	295	6	258	1	272	193
35	96	40.239	251	282	287	19	259	13	259	192
35	30	40.078	257	282	274	2	258	2	238	192
35	53	37.801	291	282	295	2	279	2	283	192
35	100	40.000	275	282	296	6	258	1	273	192
35	54	38.062	289	282	278	1	282	1	278	191
35	33	37.710	297	282	296	2	281	2	289	191
35	26	38.202	267	282	292	2	260	2	260	191
35	123	38.434	281	282	294	2	273	2	274	191
35	121	39.483	271	282	279	19	272	6	272	190
35	12	37.075	294	282	293	2	281	2	286	191
35	81	41.634	257	282	286	36	281	23	275	190
35	55	41.870	246	282	297	36	270	29	271	190
35	75	40.226	266	282	291	27	281	23	284	189
35	88	40.927	259	282	272	2	260	2	240	188
35	59	37.778	270	282	294	2	263	2	263	189
35	78	39.615	260	282	274	2	261	2	240	188
35	48	36.918	279	282	289	2	273	2	270	188
35	86	39.764	254	282	281	36	273	29	279	187
35	122	39.777	269	282	290	2	264	2	262	187
35	29	39.921	253	282	287	19	258	7	253	187
35	34	38.868	265	282	288	2	261	2	258	187
35	111	39.921	253	282	276	19	258	7	253	186
35	79	40.149	269	282	281	11	267	3	267	186
35	107	40.076	262	282	281	31	282	24	281	186
35	89	39.689	257	282	272	2	258	2	238	185
35	43	38.163	283	282	273	2	281	3	266	185
35	77	37.838	259	282	273	2	260	2	241	184
35	4	39.777	269	282	309	19	271	19	284	185
35	125	38.824	255	282	292	15	258	6	256	184
35	50	36.704	267	282	294	2	260	2	259	184
35	15	38.062	289	282	281	1	281	1	277	184
35	8	38.710	279	282	302	3	258	6	279	184
35	17	38.028	284	282	289	9	280	1	279	184
35	76	38.351	279	282	281	14	282	7	281	183
35	128	38.189	254	282	290	19	258	6	256	184
35	38	38.610	259	282	276	2	260	4	243	183
35	117	38.144	291	282	282	1	281	1	278	182
35	109	38.610	259	282	273	2	258	2	238	182
35	94	40.234	256	282	271	19	258	19	271	181
35	95	36.934	287	282	291	6	281	6	281	182
35	39	40.149	269	282	292	22	280	16	279	182
35	24	38.077	260	282	273	2	260	2	241	181
35	60	40.385	260	282	274	2	260	3	242	181
35	28	38.662	269	282	292	4	258	4	258	181
35	114	38.403	263	282	272	2	264	2	244	181
35	57	37.500	272	282	294	19	279	9	275	181
35	56	39.922	258	282	299	36	281	32	285	181
35	7	38.697	261	282	283	30	281	23	279	180
35	129	40.891	247	282	289	27	264	23	262	180
35	66	41.803	244	282	296	26	258	21	259	181
35	44	37.201	293	282	282	1	282	1	282	180
35	112	38.346	266	282	286	22	280	16	276	180
35	82	38.806	268	282	274	2	267	2	248	179
35	85	37.262	263	282	274	2	264	2	244	179
35	49	37.631	287	282	278	2	281	4	271	178
35	90	39.914	233	282	281	36	258	29	258	178
35	101	39.689	257	282	292	36	276	29	282	178
35	41	40.336	238	282	288	31	258	24	258	176
35	65	39.464	261	282	287	18	267	7	262	176
35	31	38.340	253	282	298	36	272	29	278	176
35	27	36.431	269	282	271	2	268	2	248	175
35	124	38.911	257	282	272	2	258	2	238	174
35	37	39.256	242	282	300	36	267	29	267	175
35	99	35.316	269	282	275	2	269	2	250	174
35	9	39.241	237	282	292	36	259	29	259	174
35	51	38.224	259	282	275	2	260	3	242	172
35	84	37.891	256	282	281	14	258	7	258	172
35	22	37.931	261	282	281	36	282	29	281	171
35	98	35.521	259	282	272	2	260	2	240	169
36	36	100.000	293	293	293	1	293	1	293	614
36	19	77.474	293	293	288	1	293	1	288	485
36	62	74.403	293	293	287	1	293	1	287	462
36	70	73.038	293	293	288	1	293	1	288	459
36	3	48.462	260	293	301	23	272	33	283	246
36	108	47.126	261	293	284	23	272	15	266	241
36	91	44.840	281	293	298	1	268	3	275	240
36	80	44.484	281	293	298	1	268	3	275	238
36	66	43.816	283	293	296	3	283	8	274	233
36	12	42.373	295	293	293	2	292	7	286	232
36	26	43.416	281	293	292	3	282	8	272	231
36	6	43.299	291	293	303	1	272	1	283	232
36	58	46.094	256	293	309	27	272	41	289	232
36	100	43.902	287	293	296	1	274	1	277	231
36	59	41.606	274	293	294	4	276	4	266	230
36	8	43.836	292	293	302	1	272	1	283	230
36	92	43.929	280	293	293	4	281	4	272	229
36	102	44.326	282	293	293	3	281	8	272	229
36	76	40.411	292	293	281	5	292	2	280	229
36	61	43.390	295	293	295	4	292	4	288	228
36	32	43.151	292	293	303	1	272	1	284	228
36	71	42.958	284	293	295	1	269	1	273	227
36	23	43.985	266	293	304	17	272	27	285	228
36	46	45.833	264	293	294	14	268	17	271	227
36	10	45.149	268	293	307	15	272	28	288	226
36	68	42.321	293	293	298	4	290	4	286	226
36	34	40.203	296	293	288	3	292	8	281	225
36	57	43.911	271	293	294	13	279	6	266	225
36	33	45.769	260	293	296	28	283	28	274	224
36	111	42.807	285	293	276	12	291	2	274	223
36	48	41.356	295	293	289	2	292	7	282	224
36	64	40.895	313	293	300	1	293	3	300	224
36	41	41.667	276	293	288	5	276	2	266	223
36	44	42.177	294	293	282	6	292	3	281	223
36	86	41.667	276	293	281	5	276	2	266	222
36	29	42.807	285	293	287	12	291	2	274	223
36	90	40.753	292	293	281	5	292	2	280	222
36	84	40.411	292	293	281	5	292	2	281	222
36	31	43.116	276	293	298	5	276	2	266	222
36	47	42.403	283	293	299	4	283	4	275	221
36	9	41.237	291	293	292	5	291	2	279	220
36	128	43.939	264	293	290	17	276	11	264	219
36	121	41.696	283	293	279	12	290	2	272	219
36	123	41.259	286	293	294	10	288	10	283	219
36	39	42.308	286	293	292	10	291	7	279	219
36	55	41.516	277	293	297	7	279	4	270	219
36	50	43.662	284	293	294	4	281	4	270	219
36	56	42.069	290	293	299	4	292	4	285	219
36	17	39.493	276	293	289	5	276	2	266	218
36	95	41.438	292	293	291	5	292	2	281	218
36	101	41.429	280	293	292	16	291	13	279	218
36	7	41.522	289	293	283	8	292	5	279	216
36	28	41.581	291	293	292	5	291	2	279	217
36	53	42.160	287	293	295	10	290	10	283	217
36	16	39.792	289	293	292	7	291	4	280	216
36	81	40.925	281	293	286	16	292	7	275	216
36	79	38.832	291	293	281	5	291	2	279	215
36	15	41.237	291	293	281	6	292	3	277	214
36	37	39.863	291	293	300	5	292	2	280	215
36	54	40.893	291	293	278	6	292	3	278	214
36	117	41.379	290	293	282	6	292	3	278	214
36	107	41.304	276	293	281	5	276	2	266	214
36	75	40.339	295	293	291	3	292	8	284	213
36	129	43.123	269	293	289	4	268	4	256	213
36	87	40.132	304	293	313	4	292	6	303	214
36	18	45.528	246	293	261	32	268	1	238	210
36	112	40.000	285	293	286	14	289	11	281	210
36	65	41.758	273	293	287	12	276	2	261	209
36	4	43.590	273	293	309	31	292	35	301	209
36	106	42.045	264	293	284	17	276	9	258	207
36	122	41.155	277	293	290	4	276	4	264	205
36	22	39.416	274	293	281	7	276	4	266	202
36	96	41.353	266	293	287	17	279	14	269	202
36	94	45.267	243	293	271	31	268	35	271	201
36	125	39.773	264	293	292	17	276	11	264	200
36	24	43.321	277	293	273	4	276	4	247	195
36	35	39.731	297	293	282	3	292	4	281	194
36	120	37.124	299	293	285	3	292	4	284	191
36	109	40.794	277	293	273	2	276	7	246	189
36	126	41.328	271	293	283	28	292	33	282	187
36	69	38.851	296	293	283	1	292	6	282	187
36	78	39.493	276	293	274	2	276	7	245	186
36	88	41.304	276	293	272	3	276	8	246	184
36	97	37.829	304	293	288	3	292	4	287	184
36	45	38.255	298	293	283	2	292	3	282	183
36	104	38.333	300	293	283	3	292	3	282	183
36	124	38.909	275	293	272	4	276	4	246	181
36	30	40.426	282	293	274	4	281	4	253	181
36	43	39.189	296	293	273	6	290	12	270	181
36	77	39.404	302	293	273	4	292	4	272	180
36	115	40.000	255	293	296	28	276	41	278	179
36	98	39.716	282	293	272	2	281	7	251	179
36	89	38.926	298	293	272	4	290	4	269	178
36	85	37.367	281	293	274	4	282	4	252	177
36	40	38.869	283	293	288	3	276	5	270	177
36	27	39.041	292	293	271	3	289	8	259	176
36	110	38.225	293	293	295	10	292	19	294	176
36	82	36.667	300	293	274	3	292	8	271	176
36	127	40.927	259	293	283	17	268	20	260	175
36	63	41.264	269	293	283	28	292	33	282	174
36	52	38.516	283	293	284	17	292	18	282	174
36	118	39.437	284	293	284	17	292	18	283	173
36	114	39.405	269	293	272	3	269	8	239	172
36	105	37.722	281	293	283	17	290	17	279	172
36	38	38.028	284	293	276	4	281	3	254	171
36	51	39.051	274	293	275	6	276	12	248	170
36	49	38.628	277	293	278	3	276	10	249	170
36	67	38.129	278	293	295	28	292	40	294	170
36	116	39.560	273	293	296	30	292	42	295	169
36	83	37.970	266	293	296	30	289	42	288	169
36	5	39.927	273	293	297	28	292	41	296	169
36	103	37.956	274	293	283	28	292	33	282	167
36	42	39.179	268	293	294	28	289	40	286	168
36	60	40.511	274	293	274	6	276	12	248	167
36	73	39.759	249	293	275	28	270	27	253	166
36	21	36.486	296	293	280	4	293	5	280	166
36	99	36.525	282	293	275	4	283	4	251	166
36	119	38.433	268	293	274	28	292	27	273	166
36	25	38.603	272	293	296	14	276	24	278	165
36	11	38.911	257	293	298	27	277	40	276	164
36	13	36.333	300	293	305	6	291	16	294	162
36	20	37.455	275	293	295	27	291	41	293	161
36	74	38.306	248	293	274	28	270	27	252	160
36	72	37.255	255	293	296	28	276	40	277	160
36	14	34.448	299	293	291	3	292	9	290	160
36	1	34.448	299	293	305	3	292	9	290	160
36	93	39.918	243	293	297	28	264	41	267	157
36	2	39.918	243	293	297	28	264	41	267	157
37	37	100.000	300	300	300	1	300	1	300	634
37	95	77.385	283	300	291	5	286	5	287	474
37	55	73.448	290	300	297	1	289	1	290	470
37	31	71.000	300	300	298	2	300	2	298	442
37	9	70.548	292	300	292	2	286	2	292	439
37	128	70.545	275	300	290	14	287	11	285	426
37	81	68.683	281	300	286	12	291	6	286	425
37	57	68.551	283	300	294	14	295	10	292	425
37	121	71.795	273	300	279	11	282	4	276	421
37	28	69.149	282	300	292	2	282	2	282	419
37	117	69.176	279	300	282	3	281	3	279	419
37	76	68.571	280	300	281	2	280	2	280	418
37	29	69.708	274	300	287	14	286	8	281	414
37	111	71.053	266	300	276	14	278	8	273	411
37	7	69.424	278	300	283	5	281	5	280	411
37	15	68.214	280	300	281	3	281	3	278	410
37	41	67.972	281	300	288	2	281	2	281	409
37	79	67.986	278	300	281	2	278	2	278	408
37	101	68.100	279	300	292	1	278	1	278	406
37	125	68.978	274	300	292	14	286	11	284	405
37	44	67.384	279	300	282	3	280	3	281	405
37	17	65.636	291	300	289	1	289	1	288	405
37	86	68.214	280	300	281	2	280	2	280	399
37	84	66.192	281	300	281	2	280	2	280	399
37	16	65.591	279	300	292	1	278	1	279	397
37	96	71.004	269	300	287	14	281	14	281	396
37	90	67.857	280	300	281	2	280	2	280	395
37	22	67.509	277	300	281	5	280	5	280	394
37	107	65.827	278	300	281	2	278	2	278	393
37	54	67.025	279	300	278	3	280	3	277	393
37	112	65.233	279	300	286	1	278	1	275	386
37	106	67.424	264	300	284	14	275	9	267	375
37	65	65.789	266	300	287	14	278	9	273	372
37	39	63.799	279	300	292	1	278	1	278	366
37	80	50.345	290	300	298	3	280	12	297	261
37	71	50.376	266	300	295	3	258	10	272	260
37	23	50.549	273	300	304	14	272	27	294	259
37	91	48.227	282	300	298	3	271	12	289	254
37	100	50.373	268	300	296	6	262	13	277	251
37	58	49.632	272	300	309	15	272	32	298	251
37	46	48.352	273	300	294	3	266	9	278	250
37	6	47.331	281	300	303	17	280	24	302	249
37	10	51.181	254	300	307	21	258	36	284	249
37	32	47.253	273	300	303	14	272	27	293	247
37	18	50.584	257	300	261	29	275	1	254	245
37	3	49.213	254	300	301	14	258	27	279	246
37	64	46.899	258	300	300	23	271	33	288	245
37	8	49.814	269	300	302	1	258	12	279	244
37	108	49.237	262	300	284	14	258	9	262	241
37	87	41.638	293	300	313	7	282	13	305	231
37	4	40.956	293	300	309	7	282	13	303	229
37	66	41.219	279	300	296	14	287	17	291	222
37	94	43.295	261	300	271	7	258	13	271	220
37	47	43.431	274	300	299	1	266	1	268	218
37	33	40.000	295	300	296	1	281	1	287	218
37	123	42.745	255	300	294	14	266	17	267	217
37	56	42.701	274	300	299	1	266	1	270	217
37	92	42.435	271	300	293	1	266	1	267	217
37	48	42.915	247	300	289	20	266	23	263	217
37	102	41.818	275	300	293	19	281	22	287	217
37	50	42.435	271	300	294	1	266	1	265	216
37	12	42.238	277	300	293	14	281	17	287	216
37	62	41.844	282	300	287	8	280	8	286	216
37	70	39.583	288	300	288	1	280	4	287	215
37	36	39.863	291	300	293	2	280	5	292	215
37	26	43.825	251	300	292	19	266	22	266	214
37	34	40.590	271	300	288	14	280	17	281	213
37	19	38.676	287	300	288	1	280	4	287	211
37	75	40.824	267	300	291	19	285	22	281	211
37	68	41.111	270	300	298	5	269	8	271	211
37	59	40.741	270	300	294	1	266	1	266	211
37	61	41.392	273	300	295	1	266	1	269	210
37	53	39.636	275	300	295	14	281	17	286	209
37	122	41.045	268	300	290	5	272	8	270	203
37	129	39.777	269	300	289	1	266	1	264	199
37	120	40.484	289	300	285	3	281	7	285	194
37	118	42.194	237	300	284	29	262	36	262	192
37	105	39.925	268	300	283	7	262	5	261	192
37	45	40.809	272	300	283	3	268	7	268	191
37	40	43.673	245	300	288	28	267	36	271	191
37	24	38.384	297	300	273	1	280	1	272	189
37	115	43.200	250	300	296	28	272	44	284	189
37	42	42.529	261	300	294	28	280	43	293	189
37	104	38.314	261	300	283	1	258	8	258	188
37	83	40.840	262	300	296	28	281	43	296	189
37	5	37.793	299	300	297	3	281	8	297	187
37	127	39.114	271	300	283	1	268	10	270	184
37	103	38.095	273	300	283	1	266	5	267	183
37	77	39.922	258	300	273	14	267	17	248	182
37	11	39.544	263	300	298	28	285	44	297	182
37	52	38.403	263	300	284	7	258	6	258	181
37	69	39.223	283	300	283	3	280	11	282	181
37	67	41.270	252	300	295	28	274	43	285	181
37	109	40.000	255	300	273	14	267	17	247	180
37	20	42.802	257	300	295	28	278	45	292	181
37	119	39.362	282	300	274	5	280	5	273	180
37	74	38.290	269	300	274	3	268	7	260	179
37	25	38.014	292	300	296	3	273	4	285	179
37	89	34.602	289	300	272	1	280	1	265	178
37	14	39.928	278	300	291	1	261	1	269	179
37	78	36.434	258	300	274	14	271	17	250	178
37	1	39.636	275	300	305	3	261	4	269	179
37	126	40.075	267	300	283	3	258	3	259	178
37	72	36.770	291	300	296	1	271	2	282	177
37	88	36.364	275	300	272	3	276	7	256	177
37	116	39.313	262	300	296	28	281	43	296	177
37	38	39.608	255	300	276	14	266	19	249	176
37	35	39.256	242	300	282	29	267	36	267	175
37	30	37.269	271	300	274	1	267	1	247	174
37	82	37.795	254	300	274	14	266	17	247	173
37	63	39.844	256	300	283	29	280	37	282	174
37	97	41.379	261	300	288	29	280	37	287	173
37	73	36.667	270	300	275	2	267	2	260	171
37	51	35.955	267	300	275	14	278	18	260	171
37	60	38.023	263	300	274	14	274	18	256	170
37	110	37.405	262	300	295	28	281	43	295	171
37	85	37.795	254	300	274	14	266	17	246	169
37	114	38.431	255	300	272	14	266	17	246	169
37	124	37.109	256	300	272	14	267	17	247	168
37	21	37.770	278	300	280	1	269	1	266	169
37	13	38.113	265	300	305	3	258	16	271	167
37	98	36.614	254	300	272	14	266	17	246	166
37	93	37.500	264	300	297	28	281	44	297	166
37	2	37.500	264	300	297	28	281	44	297	166
37	49	35.816	282	300	278	14	283	19	274	162
37	27	34.646	254	300	271	14	266	17	246	162
37	43	35.294	255	300	273	14	266	18	248	162
37	99	35.019	257	300	275	20	275	23	255	159
38	38	100.000	276	276	276	1	276	1	276	580
38	51	74.088	274	276	275	2	271	1	273	428
38	43	70.849	271	276	273	2	271	1	271	414
38	49	70.182	275	276	278	1	270	1	275	411
38	60	70.588	272	276	274	2	271	1	272	405
38	114	66.421	271	276	272	3	271	1	270	381
38	27	65.556	270	276	271	3	271	1	269	380
38	30	64.444	270	276	274	3	270	1	269	379
38	77	64.469	273	276	273	3	271	1	271	374
38	98	63.370	273	276	272	3	273	1	272	370
38	89	61.538	273	276	272	3	273	1	272	365
38	88	62.963	270	276	272	3	270	1	269	363
38	124	61.624	271	276	272	3	271	1	270	359
38	78	61.679	274	276	274	3	271	1	272	358
38	99	61.957	276	276	275	3	276	1	275	357
38	82	61.481	270	276	274	3	270	1	269	356
38	109	61.172	273	276	273	3	271	1	271	356
38	85	60.727	275	276	274	3	276	1	274	352
38	24	59.559	272	276	273	3	271	1	271	343
38	66	45.763	295	276	296	3	275	1	289	248
38	92	47.273	275	276	293	3	254	1	272	247
38	33	46.953	279	276	296	3	259	1	277	245
38	75	48.120	266	276	291	3	249	1	264	244
38	12	46.931	277	276	293	3	257	1	275	243
38	50	47.101	276	276	294	3	257	1	273	241
38	56	45.302	298	276	299	3	273	1	292	240
38	59	44.863	292	276	294	3	273	1	286	239
38	47	46.570	277	276	299	3	255	1	274	239
38	53	42.905	296	276	295	3	276	1	289	236
38	26	46.570	277	276	292	3	258	1	275	236
38	102	45.620	274	276	293	3	254	1	272	234
38	68	44.595	296	276	298	3	274	1	290	234
38	61	43.416	281	276	295	3	259	1	279	231
38	129	45.113	266	276	289	3	249	1	264	230
38	122	45.113	266	276	290	3	249	1	264	229
38	48	43.223	273	276	289	3	255	1	269	228
38	123	45.051	293	276	294	3	273	1	287	228
38	34	43.774	265	276	288	3	249	1	263	214
38	71	39.583	288	276	295	2	259	3	287	197
38	80	41.758	273	276	298	3	244	6	278	197
38	91	41.026	273	276	298	3	244	6	278	193
38	127	40.214	281	276	283	4	264	3	281	191
38	23	40.784	255	276	304	19	241	27	281	191
38	44	38.376	271	276	282	4	249	2	267	188
38	46	41.502	253	276	294	19	241	20	271	188
38	84	39.552	268	276	281	9	249	3	266	187
38	31	38.760	258	276	298	16	249	11	266	187
38	106	39.502	281	276	284	14	263	4	278	186
38	125	39.689	257	276	292	19	250	11	265	186
38	76	40.226	266	276	281	9	249	3	266	183
38	101	40.079	252	276	292	16	243	11	260	183
38	35	38.610	259	276	282	4	243	2	260	183
38	69	40.927	259	276	283	3	243	5	261	183
38	96	40.385	260	276	287	14	249	9	266	182
38	100	38.828	273	276	296	9	242	2	274	182
38	39	38.235	272	276	292	2	249	1	266	182
38	65	36.429	280	276	287	17	272	7	275	181
38	18	41.772	237	276	261	35	241	2	238	180
38	118	38.636	264	276	284	2	249	3	266	181
38	64	40.079	252	276	300	21	241	26	276	181
38	32	37.402	254	276	303	19	241	27	280	181
38	117	36.803	269	276	282	3	249	1	264	180
38	41	38.889	270	276	288	16	261	11	276	180
38	6	42.678	239	276	303	35	241	41	279	181
38	73	38.846	260	276	275	3	249	5	259	179
38	52	37.455	275	276	284	3	261	4	277	180
38	104	38.783	263	276	283	3	249	4	266	180
38	10	37.918	269	276	307	19	254	31	294	181
38	74	38.710	279	276	274	5	271	7	272	179
38	54	37.918	269	276	278	4	250	2	264	179
38	79	39.922	258	276	281	19	250	14	267	179
38	111	38.314	261	276	276	14	249	3	261	179
38	29	38.314	261	276	287	14	249	3	261	179
38	3	37.591	274	276	301	19	261	27	296	179
38	103	40.467	257	276	283	2	243	8	261	177
38	28	38.077	260	276	292	14	249	9	266	177
38	126	39.231	260	276	283	4	243	2	261	177
38	57	35.517	290	276	294	11	272	2	289	177
38	8	35.862	290	276	302	5	257	6	292	177
38	128	38.132	257	276	290	19	250	11	265	177
38	17	39.163	263	276	289	16	252	11	269	177
38	16	36.678	289	276	292	2	259	1	282	177
38	87	36.397	272	276	313	35	275	37	306	177
38	90	39.098	266	276	281	9	249	3	266	176
38	81	38.550	262	276	286	19	253	8	265	176
38	45	39.921	253	276	283	5	241	7	258	176
38	15	36.940	268	276	281	4	250	2	264	175
38	9	38.760	258	276	292	16	249	11	266	176
38	37	39.608	255	276	300	19	249	14	266	176
38	58	40.083	242	276	309	35	244	47	288	176
38	7	36.525	282	276	283	16	274	11	281	175
38	121	37.643	263	276	279	14	249	2	260	174
38	95	39.062	256	276	291	19	249	14	267	174
38	105	38.314	261	276	283	5	249	5	265	173
38	108	38.824	255	276	284	19	241	9	262	173
38	22	36.900	271	276	281	4	249	2	266	173
38	112	39.464	261	276	286	2	241	1	255	172
38	86	36.782	261	276	281	16	252	11	269	171
38	63	39.535	258	276	283	5	245	7	263	171
38	55	38.828	273	276	297	2	249	1	267	171
38	36	38.028	284	276	293	3	254	4	281	171
38	70	38.095	273	276	288	9	249	2	271	171
38	21	37.692	260	276	280	2	246	1	260	170
38	107	36.782	261	276	281	16	252	11	269	169
38	119	40.870	230	276	274	35	249	32	258	169
38	120	35.689	283	276	285	4	264	2	282	169
38	19	39.338	272	276	288	11	249	4	271	168
38	20	38.406	276	276	295	3	249	6	279	168
38	72	35.821	268	276	296	3	241	2	269	167
38	4	38.153	249	276	309	35	253	37	283	165
38	97	37.743	257	276	288	5	241	7	262	164
38	94	38.819	237	276	271	35	241	37	271	162
38	11	35.034	294	276	298	3	266	2	295	162
38	115	36.162	271	276	296	3	241	2	270	159
38	40	36.531	271	276	288	3	241	2	262	159
38	42	34.576	295	276	294	3	265	2	292	159
38	62	37.226	274	276	287	11	249	4	271	158
38	14	39.700	267	276	291	2	241	1	266	157
38	1	39.700	267	276	305	2	241	1	266	157
38	25	36.604	265	276	296	3	241	6	270	156
38	93	36.957	276	276	297	3	249	6	279	156
38	2	36.957	276	276	297	3	249	6	279	156
38	13	38.525	244	276	305	35	255	47	289	154
38	5	36.491	285	276	297	3	255	2	283	154
38	67	35.821	268	276	295	3	241	2	269	153
38	83	34.138	290	276	296	3	264	6	293	150
38	110	35.052	291	276	295	3	264	6	292	150
38	116	37.021	235	276	296	35	249	45	278	145
39	39	100.000	292	292	292	1	292	1	292	611
39	101	75.945	291	292	292	1	291	1	291	480
39	16	76.736	288	292	292	1	287	1	288	470
39	17	71.575	292	292	289	1	292	1	289	443
39	112	72.222	288	292	286	1	288	1	285	440
39	9	69.416	291	292	292	2	292	2	292	426
39	79	70.000	280	292	281	2	281	2	281	422
39	107	68.705	278	292	281	2	279	2	279	417
39	106	70.504	278	292	284	12	289	7	281	415
39	86	69.314	277	292	281	2	278	2	278	414
39	84	71.062	273	292	281	6	278	6	278	412
39	28	67.361	288	292	292	2	289	2	289	412
39	76	68.978	274	292	281	6	279	6	279	410
39	41	67.870	277	292	288	2	278	2	278	409
39	95	68.459	279	292	291	2	279	2	280	407
39	15	68.613	274	292	281	6	279	6	276	404
39	31	66.787	277	292	298	2	278	2	278	404
39	54	69.708	274	292	278	6	279	6	276	403
39	44	68.000	275	292	282	6	279	6	280	402
39	90	68.231	277	292	281	2	278	2	278	401
39	65	68.030	269	292	287	14	282	9	277	399
39	55	66.308	279	292	297	1	278	1	279	398
39	7	67.986	278	292	283	3	279	3	278	397
39	22	67.399	273	292	281	6	278	6	278	396
39	117	68.613	274	292	282	6	279	6	277	395
39	57	68.797	266	292	294	14	278	10	275	394
39	81	66.667	276	292	286	13	286	7	282	391
39	111	67.658	269	292	276	14	279	8	274	380
39	29	67.658	269	292	287	14	279	8	274	380
39	128	65.038	266	292	290	14	278	11	276	379
39	37	63.799	279	292	300	1	278	1	278	374
39	125	63.768	276	292	292	14	287	11	286	371
39	121	63.569	269	292	279	11	278	4	272	358
39	96	64.045	267	292	287	14	278	14	278	343
39	100	50.549	273	292	296	4	266	11	280	263
39	80	50.183	273	292	298	6	263	15	285	263
39	91	49.810	263	292	298	6	258	15	275	258
39	46	51.331	263	292	294	6	258	12	271	256
39	71	49.231	260	292	295	10	258	17	272	255
39	58	47.860	257	292	309	14	258	31	285	246
39	23	49.027	257	292	304	14	258	27	281	245
39	6	48.327	269	292	303	23	279	34	292	245
39	3	46.840	269	292	301	10	266	23	286	244
39	32	46.691	272	292	303	12	272	25	293	244
39	64	47.222	252	292	300	17	258	27	276	241
39	8	50.558	269	292	302	10	266	23	286	240
39	108	45.956	272	292	284	6	266	1	269	238
39	18	48.800	250	292	261	29	268	1	247	237
39	10	48.450	258	292	307	22	266	37	291	238
39	62	43.929	280	292	287	11	279	11	285	233
39	70	43.077	260	292	288	7	260	10	265	228
39	36	42.308	286	292	293	7	279	10	291	228
39	123	44.776	268	292	294	7	270	10	271	228
39	4	44.776	268	292	309	8	266	13	279	226
39	92	44.565	276	292	293	7	278	10	280	226
39	66	43.820	267	292	296	7	269	10	270	225
39	19	41.637	281	292	288	7	279	10	286	224
39	12	42.697	267	292	293	7	269	10	270	223
39	94	45.174	259	292	271	8	258	13	271	221
39	56	43.206	287	292	299	6	284	9	288	222
39	87	42.525	301	292	313	5	284	11	307	222
39	61	43.542	271	292	295	6	269	9	272	219
39	33	42.322	267	292	296	6	268	9	269	218
39	48	43.295	261	292	289	7	266	10	263	217
39	102	42.029	276	292	293	7	278	10	280	217
39	59	41.948	267	292	294	7	270	10	270	216
39	75	41.923	260	292	291	7	266	10	264	215
39	47	42.007	269	292	299	6	269	9	271	214
39	53	41.887	265	292	295	7	268	10	268	213
39	26	42.105	266	292	292	7	269	10	269	212
39	34	41.637	281	292	288	7	286	10	280	211
39	50	43.019	265	292	294	6	268	9	267	211
39	68	42.160	287	292	298	6	284	9	285	211
39	122	41.264	269	292	290	6	272	9	270	209
39	120	43.678	261	292	285	7	259	11	262	206
39	129	41.825	263	292	289	6	266	9	264	204
39	24	40.357	280	292	273	7	285	10	263	199
39	104	41.762	261	292	283	5	259	11	259	198
39	82	39.437	284	292	274	7	286	10	270	195
39	77	40.000	260	292	273	8	266	11	247	194
39	105	40.152	264	292	283	23	280	29	281	192
39	78	39.015	264	292	274	8	271	11	250	191
39	118	40.000	275	292	284	14	279	20	282	191
39	115	42.353	255	292	296	17	266	38	278	190
39	40	41.270	252	292	288	23	268	31	272	189
39	114	39.231	260	292	272	8	266	11	246	188
39	35	40.149	269	292	282	16	279	22	280	188
39	45	42.500	240	292	283	23	259	30	259	187
39	69	40.226	266	292	283	5	267	13	268	187
39	5	40.769	260	292	297	28	279	44	295	185
39	103	41.569	255	292	283	23	274	31	272	184
39	85	38.583	254	292	274	8	260	11	240	184
39	52	41.667	240	292	284	23	259	30	259	184
39	30	38.846	260	292	274	8	266	11	246	183
39	38	38.235	272	292	276	1	266	2	249	182
39	98	36.525	282	292	272	8	284	11	268	181
39	99	37.692	260	292	275	8	266	11	247	181
39	51	37.363	273	292	275	1	266	1	248	181
39	25	40.078	257	292	296	23	273	39	285	181
39	127	42.213	244	292	283	23	263	32	265	181
39	27	37.906	277	292	271	7	282	10	258	180
39	60	37.868	272	292	274	1	266	1	248	180
39	126	41.702	235	292	283	29	260	37	261	180
39	72	39.483	271	292	296	4	266	18	277	180
39	89	36.398	261	292	272	8	266	11	246	179
39	74	41.085	258	292	274	6	258	6	250	179
39	110	41.772	237	292	295	27	258	42	269	179
39	43	37.132	272	292	273	1	266	1	248	178
39	119	42.083	240	292	274	23	258	25	250	178
39	14	40.794	277	292	291	1	259	1	267	178
39	109	38.462	260	292	273	8	266	11	246	177
39	20	41.729	266	292	295	23	279	40	293	178
39	1	40.794	277	292	305	1	259	1	267	178
39	88	36.996	273	292	272	8	277	11	259	177
39	67	40.000	255	292	295	23	272	38	283	177
39	83	40.756	238	292	296	27	258	42	270	176
39	97	40.316	253	292	288	23	267	31	273	176
39	11	38.811	286	292	298	4	282	19	295	176
39	42	41.935	248	292	294	17	259	32	269	176
39	73	42.017	238	292	275	23	258	25	251	174
39	63	40.000	255	292	283	29	279	37	281	172
39	21	38.163	283	292	280	1	274	1	269	171
39	13	41.667	252	292	305	17	260	34	273	171
39	49	34.843	287	292	278	1	281	2	264	168
39	93	38.760	258	292	297	18	266	34	279	169
39	2	38.760	258	292	297	18	266	34	279	169
39	124	36.154	260	292	272	8	266	11	246	166
39	116	39.496	238	292	296	27	259	42	271	165
4	4	100.000	309	309	309	1	309	1	309	644
4	94	98.155	271	309	271	1	271	1	271	556
4	87	71.000	300	309	313	12	309	12	311	453
4	95	43.624	298	309	291	7	303	1	283	242
4	29	42.963	270	309	287	35	304	22	278	234
4	111	45.382	249	309	276	35	283	22	265	232
4	65	46.774	248	309	287	35	282	23	264	230
4	55	44.074	270	309	297	13	280	7	268	230
4	28	45.935	246	309	292	35	279	28	266	229
4	92	45.833	264	309	293	36	299	32	287	229
4	81	42.222	270	309	286	35	304	22	278	229
4	90	45.382	249	309	281	35	280	28	267	229
4	44	43.643	291	309	282	13	301	7	281	229
4	86	44.853	272	309	281	13	282	7	269	228
4	37	40.956	293	309	300	13	303	7	282	229
4	9	41.751	297	309	292	13	306	7	285	227
4	121	44.074	270	309	279	35	303	21	276	226
4	7	45.353	269	309	283	13	280	7	266	226
4	102	45.455	253	309	293	36	287	32	275	225
4	117	46.269	268	309	282	13	279	7	264	225
4	17	46.185	249	309	289	35	282	28	269	224
4	84	44.788	259	309	281	22	279	16	266	224
4	79	41.463	287	309	281	13	299	7	278	223
4	41	45.935	246	309	288	35	280	28	267	223
4	128	41.697	271	309	290	35	304	25	284	222
4	54	44.776	268	309	278	13	279	7	263	221
4	57	44.309	246	309	294	35	280	24	264	221
4	107	43.956	273	309	281	12	282	6	269	221
4	115	42.960	277	309	296	10	281	19	280	219
4	33	44.758	248	309	296	35	279	31	267	219
4	31	43.846	260	309	298	13	271	7	258	219
4	39	44.238	269	309	292	13	279	8	266	218
4	19	44.403	268	309	288	35	301	31	287	218
4	42	42.361	288	309	294	19	301	27	293	218
4	22	41.045	268	309	281	13	279	7	266	217
4	40	44.231	260	309	288	18	272	19	263	217
4	68	44.490	245	309	298	36	280	32	269	218
4	101	43.590	273	309	292	8	279	2	266	216
4	106	43.609	266	309	284	18	282	7	261	216
4	67	41.455	275	309	295	19	288	27	286	215
4	61	45.902	244	309	295	36	279	32	269	214
4	120	39.933	298	309	285	13	302	11	285	214
4	70	43.956	273	309	288	35	301	31	287	214
4	97	44.015	259	309	288	19	272	20	263	213
4	71	41.892	296	309	295	13	292	10	292	213
4	123	41.729	266	309	294	36	297	32	283	213
4	15	40.753	292	309	281	13	302	7	278	212
4	125	42.041	245	309	292	35	279	25	264	212
4	32	44.318	264	309	303	35	286	41	294	212
4	5	41.297	293	309	297	16	302	25	297	211
4	47	43.443	244	309	299	36	279	32	268	211
4	76	43.089	246	309	281	35	280	28	267	211
4	72	44.231	260	309	296	18	272	26	270	211
4	112	41.606	274	309	286	8	280	2	264	210
4	62	42.963	270	309	287	35	301	31	286	210
4	45	42.446	278	309	283	19	292	19	280	210
4	105	42.606	284	309	283	19	299	18	279	209
4	36	43.590	273	309	293	35	301	31	292	209
4	12	41.365	249	309	293	36	282	32	270	209
4	56	41.573	267	309	299	36	300	32	290	209
4	25	41.667	288	309	296	19	301	28	295	209
4	66	42.400	250	309	296	36	283	32	271	207
4	83	38.435	294	309	296	6	281	1	280	207
4	16	42.692	260	309	292	22	279	16	267	207
4	20	40.559	286	309	295	19	299	29	292	206
4	74	40.345	290	309	274	14	301	9	273	206
4	96	43.511	262	309	287	19	279	13	266	206
4	110	42.222	270	309	295	19	281	27	279	206
4	26	40.467	257	309	292	36	286	32	273	206
4	59	38.577	267	309	294	36	302	32	286	205
4	34	38.722	266	309	288	36	301	32	281	204
4	50	42.339	248	309	294	36	283	32	269	204
4	116	41.111	270	309	296	19	283	27	282	204
4	119	43.333	270	309	274	7	273	1	252	202
4	104	41.667	264	309	283	19	279	19	266	202
4	91	45.749	247	309	298	35	271	37	275	202
4	122	43.265	245	309	290	36	279	32	264	201
4	11	39.649	285	309	298	6	283	13	282	201
4	14	44.015	259	309	291	19	272	24	267	200
4	80	44.000	250	309	298	35	273	37	277	201
4	1	44.015	259	309	305	19	272	24	267	200
4	127	40.625	288	309	283	19	301	21	283	199
4	118	39.604	303	309	284	2	301	3	283	199
4	3	41.339	254	309	301	35	280	41	287	200
4	10	41.538	260	309	307	35	286	43	298	200
4	93	40.293	273	309	297	19	286	28	286	199
4	2	40.293	273	309	297	19	286	28	286	199
4	58	42.857	273	309	309	12	271	23	285	199
4	53	41.296	247	309	295	36	280	32	267	198
4	108	41.463	246	309	284	35	271	23	262	197
4	75	40.816	245	309	291	36	280	32	265	197
4	18	43.320	247	309	261	36	271	1	238	196
4	73	41.636	269	309	275	36	301	31	274	196
4	126	39.161	286	309	283	19	301	20	282	196
4	46	42.802	257	309	294	22	271	22	271	194
4	52	41.219	279	309	284	19	292	19	281	193
4	100	42.745	255	309	296	35	280	35	281	193
4	48	39.184	245	309	289	36	280	32	264	193
4	13	41.313	259	309	305	19	272	29	272	193
4	23	42.276	246	309	304	35	271	41	281	193
4	6	44.082	245	309	303	35	271	39	279	191
4	69	40.310	258	309	283	19	271	20	259	191
4	8	40.769	260	309	302	35	286	41	293	191
4	63	40.698	258	309	283	19	271	20	259	190
4	129	40.574	244	309	289	36	279	32	264	190
4	103	41.199	267	309	283	13	271	11	259	187
4	64	41.633	245	309	300	35	271	38	276	186
4	35	39.777	269	309	282	19	284	19	271	185
4	114	41.803	244	309	272	37	279	33	246	177
4	43	38.148	270	309	273	37	302	34	273	176
4	21	40.239	251	309	280	36	281	36	265	174
4	24	37.729	273	309	273	37	308	33	266	174
4	124	40.164	244	309	272	37	279	33	246	174
4	109	40.984	244	309	273	37	279	33	246	173
4	30	40.000	255	309	274	37	289	33	257	171
4	85	40.741	243	309	274	38	279	34	246	171
4	51	39.474	266	309	275	37	300	34	267	171
4	88	39.344	244	309	272	37	279	33	246	169
4	60	40.816	245	309	274	37	279	34	248	169
4	27	40.574	244	309	271	38	279	34	246	169
4	49	38.433	268	309	278	38	303	36	273	168
4	98	36.667	270	309	272	37	302	33	272	168
4	82	37.102	283	309	274	22	289	4	257	168
4	99	36.059	269	309	275	37	302	33	272	167
4	89	36.765	272	309	272	37	302	33	272	167
4	78	38.057	247	309	274	37	283	33	249	166
4	38	38.153	249	309	276	37	283	35	253	165
4	77	39.357	249	309	273	37	282	33	250	163
40	40	100.000	288	288	288	1	288	1	288	599
40	115	73.720	293	288	296	1	284	1	293	460
40	67	70.408	294	288	295	1	286	1	294	443
40	97	65.157	287	288	288	1	286	1	287	407
40	72	64.189	296	288	296	1	288	1	296	398
40	25	64.527	296	288	296	1	286	1	295	395
40	83	61.149	296	288	296	1	286	1	295	388
40	11	62.799	293	288	298	1	284	1	293	383
40	5	62.838	296	288	297	1	286	1	296	380
40	110	61.905	294	288	295	1	286	1	294	377
40	116	62.712	295	288	296	1	286	1	295	377
40	42	62.245	294	288	294	1	286	1	293	375
40	20	60.606	297	288	295	1	288	1	295	366
40	14	60.000	285	288	291	2	286	6	290	364
40	1	60.000	285	288	305	2	286	6	290	363
40	93	59.596	297	288	297	1	286	1	296	361
40	2	59.596	297	288	297	1	286	1	296	361
40	13	57.823	294	288	305	1	285	1	294	345
40	120	54.671	289	288	285	3	286	2	284	296
40	127	46.207	290	288	283	3	286	3	283	244
40	118	47.222	288	288	284	5	288	3	284	242
40	103	47.426	272	288	283	3	270	2	267	242
40	52	50.000	266	288	284	1	263	3	259	241
40	105	45.455	286	288	283	6	288	4	283	239
40	104	46.154	286	288	283	5	286	3	282	238
40	45	45.018	271	288	283	3	270	2	266	231
40	63	46.863	271	288	283	3	270	3	267	228
40	87	44.863	292	288	313	19	286	18	303	228
40	126	45.139	288	288	283	3	286	2	282	227
40	69	46.360	261	288	283	1	258	4	255	226
40	119	46.520	273	288	274	18	286	12	273	224
40	35	43.382	272	288	282	3	271	2	267	221
40	21	44.792	288	288	280	2	286	2	279	218
40	4	44.231	260	288	309	19	263	18	272	217
40	74	43.223	273	288	274	18	286	12	273	215
40	73	42.509	287	288	275	6	286	2	274	215
40	94	44.015	259	288	271	19	262	18	271	214
40	33	41.367	278	288	296	2	272	1	269	202
40	128	42.264	265	288	290	18	272	8	266	201
40	125	42.294	279	288	292	20	286	10	278	197
40	32	39.731	297	288	303	4	279	2	297	196
40	129	42.125	273	288	289	2	270	1	264	196
40	86	43.678	261	288	281	35	286	27	280	195
40	57	41.985	262	288	294	20	271	9	264	195
40	3	39.209	278	288	301	1	263	3	280	195
40	23	38.929	280	288	304	3	262	2	281	195
40	96	42.143	280	288	287	17	284	6	278	194
40	54	43.243	259	288	278	36	286	28	277	192
40	111	41.577	279	288	276	19	285	6	274	192
40	75	38.796	299	288	291	2	286	1	284	192
40	101	44.578	249	288	292	35	272	27	268	192
40	34	38.435	294	288	288	2	286	1	281	191
40	117	43.023	258	288	282	36	286	28	278	191
40	81	42.105	247	288	286	35	271	21	262	191
40	29	41.219	279	288	287	19	285	6	274	191
40	90	41.034	290	288	281	6	286	2	280	191
40	55	42.308	260	288	297	35	284	27	279	191
40	122	40.659	273	288	290	2	270	1	264	191
40	37	43.673	245	288	300	36	271	28	267	191
40	47	39.576	283	288	299	2	272	1	270	191
40	59	38.267	277	288	294	2	272	1	268	190
40	12	38.489	278	288	293	2	272	1	269	190
40	66	37.075	294	288	296	2	281	1	285	190
40	15	41.137	299	288	281	3	288	2	279	190
40	112	42.636	258	288	286	36	285	28	276	189
40	50	39.209	278	288	294	2	273	1	268	188
40	71	40.433	277	288	295	4	262	2	272	188
40	68	37.857	280	288	298	2	270	1	268	188
40	100	39.273	275	288	296	4	263	2	274	188
40	91	39.051	274	288	298	4	262	4	275	188
40	65	42.276	246	288	287	36	272	23	263	187
40	106	40.230	261	288	284	18	270	6	258	187
40	10	39.792	289	288	307	4	262	2	284	187
40	46	38.321	274	288	294	4	262	2	271	187
40	102	41.494	241	288	293	37	270	32	267	187
40	79	42.915	247	288	281	35	270	27	266	186
40	64	38.255	298	288	300	4	286	4	299	187
40	22	42.205	263	288	281	35	286	27	280	186
40	17	40.927	259	288	289	36	285	28	279	186
40	58	39.721	287	288	309	4	262	2	285	186
40	6	39.338	272	288	303	7	262	10	279	186
40	95	41.221	262	288	291	35	286	27	281	185
40	41	41.767	249	288	288	33	272	25	268	184
40	44	39.927	273	288	282	31	286	18	281	183
40	121	41.667	264	288	279	20	273	6	263	183
40	48	36.860	293	288	289	2	286	1	282	184
40	16	40.449	267	288	292	31	287	23	282	183
40	53	35.439	285	288	295	2	279	1	275	182
40	108	39.568	278	288	284	17	272	3	275	182
40	7	41.264	269	288	283	31	286	18	279	182
40	80	39.273	275	288	298	4	263	4	276	182
40	26	37.248	298	288	292	2	286	1	285	182
40	39	40.476	252	288	292	31	272	23	268	181
40	61	37.143	280	288	295	2	272	1	271	181
40	19	37.954	303	288	288	1	286	3	287	180
40	31	40.076	262	288	298	36	288	28	282	180
40	28	41.057	246	288	292	36	272	28	268	179
40	8	37.755	294	288	302	1	279	3	296	179
40	123	35.836	293	288	294	2	284	1	284	179
40	9	41.393	244	288	292	36	270	28	266	179
40	56	40.840	262	288	299	23	272	19	272	179
40	24	37.956	274	288	273	2	275	1	252	177
40	36	38.869	283	288	293	5	270	3	276	177
40	62	40.078	257	288	287	27	271	22	272	177
40	107	39.695	262	288	281	33	285	25	279	176
40	18	38.956	249	288	261	37	273	1	248	174
40	76	38.462	260	288	281	36	286	28	280	174
40	70	38.971	272	288	288	4	263	2	264	174
40	84	39.024	246	288	281	36	272	28	268	173
40	51	37.931	261	288	275	4	262	8	240	171
40	92	35.484	279	288	293	2	270	1	267	170
40	78	37.262	263	288	274	2	262	1	237	167
40	98	37.407	270	288	272	2	270	1	246	166
40	85	37.918	269	288	274	2	270	1	246	164
40	60	37.410	278	288	274	2	270	2	248	164
40	114	37.269	271	288	272	2	270	1	246	163
40	43	36.803	269	288	273	2	270	2	248	162
40	124	35.740	277	288	272	2	278	1	253	162
40	30	38.462	234	288	274	38	271	33	247	161
40	77	35.252	278	288	273	2	279	1	256	161
40	109	35.926	270	288	273	2	271	1	247	160
40	88	37.860	243	288	272	39	281	34	256	160
40	82	35.793	271	288	274	2	270	1	247	159
40	38	36.531	271	288	276	2	262	3	241	159
40	49	35.612	278	288	278	2	279	3	256	158
40	89	33.929	280	288	272	2	281	1	256	157
40	27	35.165	273	288	271	2	270	1	246	155
40	99	33.579	271	288	275	2	270	1	247	153
41	41	100.000	288	288	288	1	288	1	288	603
41	55	74.733	281	288	297	2	281	2	282	452
41	28	75.180	278	288	292	1	278	1	278	449
41	31	70.819	281	288	298	1	281	1	281	442
41	101	72.527	273	288	292	6	278	6	278	439
41	9	70.548	292	288	292	1	288	1	292	438
41	107	71.223	278	288	281	1	278	1	278	429
41	17	68.345	278	288	289	1	278	1	278	426
41	54	71.223	278	288	278	1	278	1	275	423
41	95	68.440	282	288	291	1	281	1	282	422
41	15	68.705	278	288	281	1	278	1	275	421
41	76	69.065	278	288	281	1	278	1	278	421
41	128	71.747	269	288	290	14	281	11	279	420
41	79	68.705	278	288	281	1	278	1	278	419
41	84	66.547	278	288	281	1	278	1	278	419
41	117	71.014	276	288	282	3	278	3	276	417
41	7	68.978	274	288	283	5	278	5	277	413
41	57	71.111	270	288	294	14	281	10	278	410
41	81	69.091	275	288	286	8	281	2	276	409
41	86	67.986	278	288	281	1	278	1	278	408
41	22	67.626	278	288	281	1	278	1	278	408
41	37	67.972	281	288	300	2	281	2	281	409
41	44	66.787	277	288	282	3	278	3	279	406
41	90	65.108	278	288	281	1	278	1	278	403
41	16	66.547	278	288	292	2	278	2	279	399
41	65	67.778	270	288	287	14	283	9	278	397
41	39	67.870	277	288	292	2	278	2	278	396
41	111	66.791	268	288	276	14	280	8	275	395
41	29	66.791	268	288	287	14	280	8	275	395
41	125	67.778	270	288	292	14	281	11	279	388
41	106	65.909	264	288	284	14	277	9	269	386
41	112	63.309	278	288	286	1	278	1	275	384
41	121	65.818	275	288	279	8	281	2	275	374
41	96	63.235	272	288	287	12	281	12	281	357
41	80	49.470	283	288	298	3	275	12	291	263
41	91	48.571	280	288	298	3	270	12	286	254
41	100	48.763	283	288	296	3	267	2	281	252
41	71	46.643	283	288	295	3	275	10	288	250
41	23	48.905	274	288	304	14	272	27	294	250
41	3	49.231	260	288	301	14	258	27	279	249
41	58	48.352	273	288	309	15	272	32	298	250
41	18	50.192	261	288	261	29	278	1	258	246
41	32	47.970	271	288	303	16	272	29	293	248
41	108	48.659	261	288	284	14	258	9	262	241
41	6	46.886	273	288	303	24	279	35	301	240
41	64	47.273	275	288	300	3	258	4	276	238
41	46	47.038	287	288	294	3	278	9	291	238
41	8	48.708	271	288	302	3	258	14	279	236
41	10	48.819	254	288	307	21	258	36	284	234
41	62	43.463	283	288	287	2	277	5	282	232
41	59	43.590	273	288	294	3	268	3	268	223
41	36	41.667	276	288	293	2	266	5	276	223
41	4	45.935	246	288	309	28	267	35	280	223
41	48	43.571	280	288	289	3	278	3	270	222
41	123	40.893	291	288	294	3	284	7	290	221
41	12	42.034	295	288	293	3	283	3	289	221
41	92	42.282	298	288	293	3	283	3	289	219
41	94	46.835	237	288	271	28	258	35	271	216
41	87	41.751	297	288	313	7	282	13	309	216
41	19	39.502	281	288	288	2	276	5	281	215
41	70	39.483	271	288	288	3	267	7	272	213
41	66	40.892	269	288	296	3	268	7	269	213
41	61	40.138	289	288	295	5	283	8	291	213
41	56	40.767	287	288	299	5	281	8	289	213
41	122	40.141	284	288	290	5	283	8	286	210
41	129	41.901	284	288	289	5	284	8	286	209
41	102	40.068	292	288	293	3	283	7	289	208
41	33	40.625	288	288	296	3	281	3	284	208
41	47	41.264	269	288	299	5	268	8	270	208
41	26	38.966	290	288	292	3	283	7	288	207
41	34	42.248	258	288	288	3	258	7	255	207
41	50	41.017	295	288	294	3	283	3	290	207
41	53	41.091	275	288	295	3	269	3	269	206
41	68	41.481	270	288	298	5	269	8	271	206
41	75	36.770	291	288	291	3	284	7	288	204
41	120	41.611	298	288	285	1	281	1	285	199
41	118	41.923	260	288	284	24	278	31	280	197
41	105	40.364	275	288	283	1	268	3	267	196
41	104	41.026	273	288	283	4	260	3	260	195
41	45	42.424	264	288	283	3	260	7	260	193
41	24	39.777	269	288	273	3	267	3	248	189
41	5	43.548	248	288	297	25	267	41	280	186
41	69	41.313	259	288	283	24	278	32	280	185
41	77	38.489	278	288	273	3	274	3	257	184
41	114	37.313	268	288	272	3	266	3	246	183
41	40	41.767	249	288	288	25	268	33	272	184
41	115	41.948	267	288	296	25	281	41	296	183
41	127	42.105	266	288	283	3	264	12	267	182
41	25	41.993	281	288	296	1	266	10	278	182
41	109	37.288	295	288	273	3	281	3	273	181
41	52	42.678	239	288	284	25	260	32	260	181
41	38	38.889	270	288	276	11	276	16	261	180
41	97	41.356	295	288	288	1	278	1	285	179
41	11	40.433	277	288	298	11	281	26	293	179
41	103	41.154	260	288	283	3	258	11	259	178
41	63	42.437	238	288	283	24	258	32	259	177
41	82	36.502	263	288	274	5	266	8	247	177
41	119	40.458	262	288	274	1	258	1	250	176
41	73	39.695	262	288	275	1	258	1	251	176
41	35	40.336	238	288	282	24	258	31	258	176
41	85	37.546	269	288	274	3	266	3	246	176
41	78	34.545	275	288	274	3	274	3	253	176
41	83	41.339	254	288	296	28	276	43	288	176
41	126	38.433	268	288	283	3	259	3	260	176
41	74	39.147	258	288	274	3	258	7	250	175
41	43	36.822	258	288	273	11	266	15	248	174
41	98	36.194	268	288	272	3	266	3	246	174
41	60	36.434	258	288	274	11	266	15	248	174
41	20	39.384	292	288	295	3	280	12	294	174
41	51	36.434	258	288	275	11	266	15	248	172
41	89	34.701	268	288	272	3	266	3	246	171
41	49	35.000	280	288	278	5	280	10	265	172
41	42	41.860	258	288	294	25	277	40	287	172
41	72	40.304	263	288	296	15	271	29	282	172
41	14	39.273	275	288	291	3	259	4	267	171
41	1	39.273	275	288	305	3	259	4	267	171
41	124	35.821	268	288	272	3	266	3	246	170
41	116	40.964	249	288	296	28	271	43	283	171
41	88	36.201	279	288	272	3	274	3	256	169
41	30	35.075	268	288	274	3	266	3	246	167
41	27	35.472	265	288	271	3	266	7	246	167
41	21	37.809	283	288	280	3	278	7	277	167
41	93	38.305	295	288	297	3	272	8	290	167
41	2	38.305	295	288	297	3	272	8	290	167
41	67	37.329	292	288	295	1	272	1	283	166
41	13	39.370	254	288	305	12	259	28	272	162
41	110	37.743	257	288	295	28	274	43	290	160
41	99	34.328	268	288	275	3	266	3	247	159
42	42	100.000	294	294	294	1	294	1	294	613
42	11	70.748	294	294	298	1	292	1	294	443
42	72	66.781	292	294	296	1	291	1	292	426
42	25	67.568	296	294	296	1	294	1	296	425
42	67	65.306	294	294	295	1	293	1	294	412
42	14	67.007	294	294	291	2	294	2	291	412
42	1	67.007	294	294	305	2	294	2	291	411
42	20	65.657	297	294	295	1	294	1	295	407
42	115	63.946	294	294	296	1	292	1	294	402
42	13	65.320	297	294	305	1	294	1	296	400
42	97	62.416	298	294	288	1	294	1	288	394
42	116	60.678	295	294	296	1	293	1	295	384
42	83	58.983	295	294	296	1	293	1	295	382
42	40	62.245	294	294	288	1	293	1	286	375
42	5	60.473	296	294	297	1	293	1	296	371
42	110	58.844	294	294	295	1	293	1	294	370
42	93	59.060	298	294	297	1	293	1	296	358
42	2	59.060	298	294	297	1	293	1	296	358
42	120	51.852	297	294	285	3	293	2	284	288
42	103	44.932	296	294	283	3	294	2	283	246
42	45	52.016	248	294	283	25	269	17	259	244
42	118	49.265	272	294	284	27	294	19	283	241
42	104	45.918	294	294	283	5	294	3	283	239
42	63	45.946	296	294	283	3	294	2	283	239
42	52	45.788	273	294	284	1	269	3	259	239
42	127	47.426	272	294	283	3	271	3	263	237
42	69	44.667	300	294	283	1	294	4	283	236
42	126	42.905	296	294	283	3	294	2	283	236
42	105	47.638	254	294	283	27	276	18	265	234
42	119	47.331	281	294	274	18	293	5	273	232
42	73	45.985	274	294	275	25	293	12	274	231
42	74	45.588	272	294	274	27	294	14	274	229
42	35	42.761	297	294	282	3	294	2	282	227
42	21	46.454	282	294	280	1	279	4	266	221
42	87	45.926	270	294	313	27	278	19	283	221
42	4	42.361	288	294	309	27	293	19	301	218
42	94	44.961	258	294	271	27	268	19	271	214
42	128	42.857	266	294	290	40	294	22	282	199
42	58	40.351	285	294	309	4	268	2	285	199
42	33	40.989	283	294	296	2	276	1	267	195
42	80	40.860	279	294	298	4	269	4	276	194
42	50	43.373	249	294	294	35	276	23	265	194
42	102	42.739	241	294	293	44	276	32	267	193
42	6	41.071	280	294	303	4	268	2	279	193
42	100	42.449	245	294	296	38	269	30	274	192
42	122	38.591	298	294	290	2	294	1	282	191
42	91	40.647	278	294	298	4	268	4	275	190
42	71	41.877	277	294	295	4	268	2	272	189
42	37	42.529	261	294	300	43	293	28	280	189
42	64	38.849	278	294	300	4	268	4	276	188
42	123	39.483	271	294	294	32	292	20	285	188
42	95	41.758	273	294	291	32	293	17	281	187
42	47	41.803	244	294	299	44	276	32	268	187
42	23	39.502	281	294	304	3	268	2	281	187
42	32	39.502	281	294	303	4	269	2	281	187
42	81	40.925	281	294	286	24	293	4	275	186
42	68	40.000	265	294	298	25	279	19	271	186
42	57	41.026	273	294	294	23	284	5	271	186
42	121	42.292	253	294	279	43	284	21	268	185
42	18	42.017	238	294	261	44	268	1	238	184
42	12	40.000	270	294	293	34	293	22	286	185
42	46	38.214	280	294	294	2	268	3	271	185
42	53	38.869	283	294	295	2	276	1	266	184
42	10	40.141	284	294	307	4	268	2	284	184
42	55	41.667	252	294	297	43	283	28	274	183
42	111	40.625	256	294	276	42	286	21	271	182
42	29	40.221	271	294	287	27	286	7	271	182
42	96	40.860	279	294	287	27	291	8	281	182
42	62	38.356	292	294	287	1	279	3	274	182
42	34	40.076	262	294	288	34	287	22	277	182
42	44	36.634	303	294	282	3	294	2	282	182
42	3	38.351	279	294	301	4	269	2	280	182
42	92	40.152	264	294	293	40	293	28	286	181
42	61	42.979	235	294	295	44	268	32	261	181
42	75	40.000	250	294	291	35	276	23	264	181
42	90	38.361	305	294	281	1	294	1	281	180
42	129	41.699	259	294	289	25	276	19	264	181
42	66	39.643	280	294	296	25	292	19	285	180
42	48	38.800	250	294	289	34	276	22	263	180
42	7	39.051	274	294	283	32	294	17	283	179
42	19	38.652	282	294	288	1	268	3	263	178
42	59	37.324	284	294	294	2	276	1	266	178
42	17	41.270	252	294	289	43	284	28	274	177
42	28	40.293	273	294	292	29	291	15	278	177
42	106	40.000	280	294	284	22	292	3	274	177
42	125	38.811	286	294	292	17	291	4	279	177
42	15	37.667	300	294	281	3	293	2	277	176
42	8	37.333	300	294	302	1	287	3	298	177
42	65	40.385	260	294	287	43	292	23	274	176
42	56	40.678	236	294	299	44	268	32	262	176
42	79	40.892	269	294	281	26	284	12	274	175
42	31	40.230	261	294	298	43	293	28	283	175
42	117	42.146	261	294	282	43	294	28	282	174
42	16	39.394	264	294	292	32	284	17	275	174
42	112	40.075	267	294	286	26	284	12	271	174
42	86	38.828	273	294	281	32	294	17	281	172
42	108	38.783	263	294	284	20	268	1	262	172
42	101	39.850	266	294	292	29	284	15	274	173
42	41	41.860	258	294	288	40	287	25	277	172
42	54	38.491	265	294	278	32	287	17	274	171
42	26	39.759	249	294	292	35	276	23	266	172
42	70	37.591	274	294	288	16	276	7	271	171
42	88	36.301	292	294	272	2	289	1	259	169
42	39	41.532	248	294	292	32	269	17	259	170
42	9	38.699	292	294	292	1	282	1	272	168
42	36	39.179	268	294	293	40	286	28	289	168
42	76	37.634	279	294	281	26	294	12	281	167
42	84	37.500	272	294	281	26	287	12	277	165
42	30	34.948	289	294	274	2	286	1	256	165
42	22	38.168	262	294	281	43	294	28	281	165
42	77	34.426	305	294	273	2	293	1	272	164
42	107	38.790	281	294	281	26	294	12	281	164
42	89	33.218	289	294	272	2	286	1	256	161
42	43	34.564	298	294	273	1	293	1	266	159
42	38	34.576	295	294	276	2	292	3	265	159
42	109	33.562	292	294	273	2	289	1	259	158
42	114	36.429	280	294	272	2	276	1	246	158
42	24	36.481	233	294	273	45	277	33	248	157
42	49	34.437	302	294	278	2	293	3	271	157
42	82	38.793	232	294	274	45	276	33	247	155
42	27	36.800	250	294	271	45	293	33	264	153
42	60	36.328	256	294	274	45	292	34	272	152
42	51	35.000	280	294	275	1	276	1	248	151
42	78	32.203	295	294	274	2	292	1	261	151
42	124	32.862	283	294	272	2	280	1	250	148
42	85	35.273	275	294	274	2	276	1	246	146
42	99	32.660	297	294	275	2	292	1	264	145
42	98	33.663	303	294	272	2	292	1	270	144
43	43	100.000	273	273	273	1	273	1	273	568
43	49	76.534	277	273	278	1	273	2	278	452
43	60	72.993	274	273	274	1	273	1	274	426
43	51	72.364	275	273	275	1	273	1	275	426
43	38	70.849	271	273	276	1	271	2	271	414
43	114	73.801	271	273	272	2	271	1	270	411
43	27	70.741	270	273	271	2	271	1	269	406
43	88	69.231	273	273	272	2	273	1	272	403
43	30	67.766	273	273	274	2	273	1	272	395
43	124	68.382	272	273	272	2	272	1	271	394
43	77	68.382	272	273	273	2	271	1	271	394
43	78	67.518	274	273	274	2	271	1	272	392
43	98	67.399	273	273	272	2	273	1	272	387
43	109	64.964	274	273	273	2	273	1	273	384
43	89	64.469	273	273	272	2	273	1	272	380
43	99	65.934	273	273	275	2	273	1	272	377
43	82	64.103	273	273	274	2	273	1	272	375
43	85	64.338	272	273	274	2	273	1	271	375
43	24	61.397	272	273	273	2	271	1	271	355
43	12	47.636	275	273	293	2	254	1	273	246
43	53	44.898	294	273	295	2	273	1	286	243
43	33	47.584	269	273	296	2	248	1	267	243
43	66	46.909	275	273	296	2	254	1	273	241
43	92	45.238	294	273	293	2	273	1	287	241
43	123	46.909	275	273	294	2	254	1	273	241
43	50	45.896	268	273	294	2	248	1	265	238
43	129	46.992	266	273	289	2	248	1	264	236
43	102	46.097	269	273	293	2	248	1	267	234
43	48	43.706	286	273	289	2	266	1	282	233
43	56	44.108	297	273	299	2	273	1	292	233
43	26	44.983	289	273	292	2	266	1	285	231
43	47	45.018	271	273	299	2	248	1	268	231
43	75	45.489	266	273	291	2	248	1	264	231
43	122	45.489	266	273	290	2	248	1	264	229
43	59	44.403	268	273	294	2	248	1	266	229
43	61	43.911	271	273	295	2	248	1	269	229
43	68	44.257	296	273	298	2	273	1	289	226
43	34	43.110	283	273	288	2	266	1	281	225
43	91	40.441	272	273	298	8	240	4	275	201
43	69	40.569	281	273	283	2	266	5	282	199
43	100	39.852	271	273	296	18	258	21	286	199
43	127	41.219	279	273	283	4	266	8	283	197
43	103	41.197	284	273	283	3	266	2	282	194
43	71	37.269	271	273	295	1	241	3	273	191
43	63	38.710	279	273	283	4	266	7	282	190
43	23	38.431	255	273	304	18	240	27	281	191
43	106	39.844	256	273	284	18	252	9	262	190
43	74	42.731	227	273	274	34	248	32	258	189
43	73	42.105	228	273	275	34	248	32	259	188
43	6	40.467	257	273	303	34	258	41	294	186
43	17	39.313	262	273	289	15	252	11	270	185
43	105	38.745	271	273	283	12	266	13	283	185
43	80	38.235	272	273	298	8	240	4	275	185
43	35	38.163	283	273	282	3	266	2	281	185
43	10	37.011	281	273	307	18	265	31	306	184
43	46	40.316	253	273	294	18	240	20	271	184
43	118	37.589	282	273	284	1	266	3	282	184
43	18	40.928	237	273	261	34	240	2	238	182
43	3	37.367	281	273	301	18	265	27	300	182
43	87	38.202	267	273	313	34	270	37	301	182
43	104	38.790	281	273	283	2	266	4	282	182
43	126	39.146	281	273	283	2	266	5	282	181
43	64	38.182	275	273	300	4	240	4	276	181
43	119	40.486	247	273	274	34	266	32	273	181
43	36	39.189	296	273	293	12	270	6	290	181
43	101	37.786	262	273	292	12	248	7	266	181
43	32	35.842	279	273	303	18	265	27	302	181
43	52	39.007	282	273	284	2	266	4	283	180
43	84	36.364	264	273	281	9	248	5	266	180
43	8	36.120	299	273	302	4	265	6	301	180
43	125	38.521	257	273	292	18	249	11	265	179
43	70	38.148	270	273	288	24	266	23	287	179
43	45	39.453	256	273	283	8	240	3	258	179
43	108	36.614	254	273	284	18	240	9	262	178
43	55	39.194	273	273	297	1	248	1	267	177
43	58	39.130	253	273	309	20	240	33	285	177
43	121	34.615	286	273	279	13	273	2	275	176
43	54	36.742	264	273	278	8	249	3	264	176
43	39	37.132	272	273	292	1	248	1	266	176
43	4	38.148	270	273	309	34	273	37	302	176
43	112	37.589	282	273	286	1	260	1	270	175
43	111	37.500	256	273	276	18	248	8	261	174
43	29	37.500	256	273	287	18	248	8	261	174
43	107	37.838	259	273	281	18	252	14	270	174
43	76	35.606	264	273	281	9	248	5	266	174
43	19	38.328	287	273	288	12	266	6	287	174
43	95	38.686	274	273	291	18	266	14	281	174
43	44	35.424	271	273	282	3	248	2	267	174
43	22	37.066	259	273	281	18	252	14	270	174
43	41	36.822	258	273	288	15	248	11	266	174
43	115	36.101	277	273	296	2	248	2	278	174
43	16	35.690	297	273	292	1	272	1	287	173
43	97	38.610	259	273	288	4	243	7	265	173
43	120	37.063	286	273	285	3	266	2	284	173
43	62	38.662	269	273	287	12	248	6	271	172
43	57	38.077	260	273	294	18	252	10	267	172
43	65	36.015	261	273	287	16	252	7	265	172
43	128	35.798	257	273	290	18	249	11	265	171
43	93	41.423	239	273	297	29	248	41	279	171
43	2	41.423	239	273	297	29	248	41	279	171
43	79	36.704	267	273	281	8	249	3	267	169
43	7	37.402	254	273	283	18	248	14	265	169
43	20	37.591	274	273	295	2	248	6	279	169
43	28	37.209	258	273	292	15	248	11	266	169
43	117	35.316	269	273	282	2	248	1	264	168
43	96	36.863	255	273	287	18	248	14	266	167
43	31	35.714	266	273	298	8	248	3	266	167
43	90	35.227	264	273	281	9	248	5	266	166
43	67	35.714	280	273	295	1	248	1	277	167
43	13	39.370	254	273	305	34	265	47	294	167
43	94	39.241	237	273	271	34	240	37	271	166
43	21	35.943	281	273	280	1	266	1	279	166
43	9	35.849	265	273	292	8	248	4	266	166
43	81	36.719	256	273	286	18	248	8	261	166
43	72	39.914	233	273	296	34	248	45	277	164
43	14	36.879	282	273	291	4	266	12	290	163
43	40	36.803	269	273	288	2	248	2	270	162
43	1	36.879	282	273	305	4	266	12	290	163
43	15	35.115	262	273	281	9	249	5	264	162
43	37	35.294	255	273	300	18	248	14	266	162
43	86	34.211	266	273	281	8	248	3	266	161
43	42	34.564	298	273	294	1	266	1	293	159
43	11	37.500	264	273	298	20	264	31	293	159
43	25	34.797	296	273	296	1	266	1	295	158
43	83	36.508	252	273	296	34	266	45	295	157
43	110	37.607	234	273	295	34	249	45	278	154
43	5	35.563	284	273	297	2	254	2	283	154
43	116	35.897	234	273	296	34	248	45	278	149
44	44	100.000	282	282	282	1	282	1	282	589
44	22	75.801	281	282	281	2	282	2	281	458
44	54	75.445	281	282	278	2	282	2	278	446
44	117	75.445	281	282	282	1	281	1	278	445
44	15	73.214	280	282	281	2	281	2	277	442
44	7	73.310	281	282	283	1	281	1	279	434
44	79	68.705	278	282	281	3	280	3	279	422
44	84	68.214	280	282	281	3	282	3	281	419
44	76	67.857	280	282	281	3	282	3	281	419
44	9	68.345	278	282	292	3	280	3	279	415
44	31	69.176	279	282	298	3	281	3	280	410
44	101	69.818	275	282	292	6	280	6	279	410
44	17	69.065	278	282	289	3	280	3	279	409
44	107	66.429	280	282	281	3	282	3	281	406
44	41	66.787	277	282	288	3	279	3	278	406
44	28	66.426	277	282	292	4	280	4	279	405
44	37	67.384	279	282	300	3	281	3	280	405
44	95	66.426	277	282	291	5	281	5	281	402
44	55	67.391	276	282	297	4	279	4	279	402
44	90	66.786	280	282	281	3	282	3	281	400
44	86	66.071	280	282	281	3	282	3	281	397
44	81	66.171	269	282	286	13	281	7	275	395
44	111	66.914	269	282	276	14	282	8	276	392
44	16	64.621	277	282	292	4	280	4	280	392
44	29	66.914	269	282	287	14	282	8	276	392
44	65	68.797	266	282	287	14	279	9	273	391
44	128	66.165	266	282	290	14	279	11	276	390
44	39	68.000	275	282	292	6	280	6	279	390
44	121	66.171	269	282	279	11	279	4	272	383
44	57	65.414	266	282	294	14	279	10	275	383
44	112	62.681	276	282	286	5	280	5	276	375
44	125	64.179	268	282	292	14	281	11	278	372
44	106	64.639	263	282	284	14	276	9	267	362
44	96	63.670	267	282	287	14	279	14	278	351
44	71	51.128	266	282	295	3	259	10	272	271
44	80	50.360	278	282	298	3	260	4	276	268
44	91	49.818	275	282	298	3	259	4	275	263
44	46	50.730	274	282	294	3	267	9	278	260
44	64	49.259	270	282	300	23	281	33	299	259
44	100	48.364	275	282	296	3	260	2	274	259
44	6	49.627	268	282	303	24	280	35	292	256
44	23	48.708	271	282	304	14	273	27	294	254
44	18	51.004	249	282	261	29	268	1	246	252
44	108	46.970	264	282	284	6	259	1	262	249
44	32	49.804	255	282	303	16	260	29	281	248
44	58	47.490	259	282	309	15	259	32	285	248
44	8	50.000	268	282	302	3	259	14	279	247
44	3	47.692	260	282	301	10	260	23	280	246
44	10	51.600	250	282	307	22	259	37	284	245
44	123	43.956	273	282	294	1	268	1	268	237
44	48	43.431	274	282	289	1	271	1	267	234
44	33	44.485	272	282	296	1	267	1	267	230
44	61	43.796	274	282	295	1	267	1	269	229
44	66	42.806	278	282	296	1	271	1	271	228
44	4	43.643	291	282	309	7	281	13	301	229
44	26	41.034	290	282	292	1	281	1	285	227
44	59	41.544	272	282	294	1	268	1	267	227
44	56	44.928	276	282	299	1	267	1	270	227
44	92	43.885	278	282	293	1	273	1	273	227
44	12	42.182	275	282	293	1	268	1	268	226
44	34	41.319	288	282	288	1	281	1	281	225
44	94	46.360	261	282	271	7	259	13	271	224
44	47	43.636	275	282	299	1	267	1	268	223
44	87	43.643	291	282	313	7	281	13	303	223
44	50	43.972	282	282	294	1	268	1	266	223
44	36	42.177	294	282	293	3	281	6	292	223
44	53	42.029	276	282	295	1	268	1	267	223
44	68	42.806	278	282	298	1	271	1	272	221
44	75	40.511	274	282	291	1	270	1	267	219
44	19	40.625	288	282	288	3	281	6	287	218
44	102	40.550	291	282	293	1	281	1	286	218
44	62	41.115	287	282	287	4	281	4	286	216
44	70	40.154	259	282	288	17	268	20	272	207
44	122	40.942	276	282	290	1	273	1	270	206
44	129	40.370	270	282	289	1	267	1	264	206
44	120	40.816	294	282	285	1	281	1	284	201
44	24	40.221	271	282	273	1	267	1	247	199
44	104	44.492	236	282	283	29	261	36	260	194
44	118	40.769	260	282	284	29	282	36	284	192
44	109	38.095	273	282	273	1	269	1	248	191
44	45	41.319	288	282	283	3	282	7	283	190
44	72	39.667	300	282	296	3	280	4	293	190
44	115	42.424	264	282	296	17	273	38	284	189
44	38	38.376	271	282	276	2	267	4	249	188
44	114	38.462	273	282	272	1	269	1	248	188
44	89	36.594	276	282	272	1	267	1	246	187
44	30	38.406	276	282	274	1	267	1	246	187
44	25	40.132	304	282	296	2	282	3	296	188
44	77	38.246	285	282	273	1	275	1	261	187
44	105	41.525	236	282	283	29	261	35	259	187
44	124	36.264	273	282	272	1	269	1	248	184
44	40	39.927	273	282	288	18	281	31	286	183
44	82	36.620	284	282	274	1	275	1	260	182
44	78	37.037	270	282	274	1	267	1	245	182
44	60	38.403	263	282	274	14	274	18	255	181
44	42	36.634	303	282	294	2	282	3	294	182
44	97	40.530	264	282	288	29	282	37	288	181
44	69	40.698	258	282	283	29	282	37	283	181
44	88	35.971	278	282	272	1	269	1	248	180
44	99	36.162	271	282	275	1	267	1	247	180
44	35	37.201	293	282	282	1	282	1	282	180
44	127	39.249	293	282	283	2	281	3	283	180
44	49	38.376	271	282	278	2	267	4	249	180
44	67	36.755	302	282	295	2	281	3	294	180
44	51	36.466	266	282	275	14	275	18	258	178
44	126	38.095	294	282	283	1	282	1	283	178
44	20	40.530	264	282	295	28	282	45	295	178
44	98	35.897	273	282	272	1	269	1	248	177
44	52	41.102	236	282	284	29	261	36	260	177
44	103	39.527	296	282	283	1	282	1	283	177
44	5	39.636	275	282	297	18	281	39	296	177
44	85	36.496	274	282	274	1	270	1	249	176
44	83	38.550	262	282	296	28	281	43	295	174
44	43	35.424	271	282	273	2	267	3	248	174
44	116	38.931	262	282	296	28	281	43	295	173
44	74	41.767	249	282	274	14	259	15	250	172
44	110	37.786	262	282	295	28	281	43	294	172
44	27	34.766	256	282	271	5	259	8	238	169
44	11	36.301	292	282	298	2	273	3	284	170
44	119	38.258	264	282	274	24	281	26	273	169
44	73	39.464	261	282	275	24	281	26	274	168
44	14	36.789	299	282	291	2	282	3	291	169
44	63	40.698	258	282	283	29	282	37	283	168
44	1	36.789	299	282	305	2	282	3	291	169
44	13	37.050	278	282	305	1	263	14	275	163
44	93	37.786	262	282	297	28	281	44	296	162
44	2	37.786	262	282	297	28	281	44	296	162
44	21	36.014	286	282	280	3	281	7	279	154
45	45	100.000	283	283	283	1	283	1	283	581
45	105	72.401	279	283	283	7	283	5	283	422
45	104	72.242	281	283	283	4	282	3	283	419
45	52	72.401	279	283	284	7	283	6	284	418
45	126	71.025	283	283	283	1	282	1	283	417
45	35	68.085	282	283	282	1	282	1	282	405
45	118	68.817	279	283	284	6	283	9	284	405
45	69	63.958	283	283	283	1	282	1	283	389
45	103	66.197	284	283	283	1	283	1	283	384
45	127	64.413	281	283	283	2	281	3	283	380
45	63	65.217	276	283	283	7	282	11	283	370
45	74	53.285	274	283	274	10	282	6	274	286
45	119	52.206	272	283	274	11	281	6	273	277
45	73	51.986	277	283	275	7	281	3	274	275
45	21	50.903	277	283	280	6	282	6	279	261
45	97	51.331	263	283	288	8	259	4	263	250
45	42	52.016	248	283	294	17	259	25	269	244
45	14	45.548	292	283	291	2	283	3	291	241
45	1	45.548	292	283	305	2	283	3	291	241
45	120	44.138	290	283	285	1	281	1	284	239
45	25	46.975	281	283	296	10	282	19	296	235
45	115	45.161	279	283	296	2	266	3	278	233
45	40	45.018	271	283	288	2	266	3	270	231
45	11	48.828	256	283	298	10	259	19	271	231
45	67	44.964	278	283	295	2	266	3	277	230
45	72	45.113	266	283	296	7	266	15	277	230
45	20	46.125	271	283	295	19	282	29	295	229
45	5	46.667	255	283	297	19	266	28	279	224
45	13	42.230	296	283	305	3	283	4	296	224
45	83	43.985	266	283	296	3	258	8	270	219
45	93	42.909	275	283	297	3	270	12	283	218
45	2	42.909	275	283	297	3	270	12	283	218
45	33	41.034	290	283	296	7	283	3	288	217
45	116	44.944	267	283	296	3	259	8	271	215
45	87	43.846	260	283	313	19	261	19	276	212
45	4	42.446	278	283	309	19	280	19	292	210
45	110	42.188	256	283	295	9	258	17	269	207
45	94	44.141	256	283	271	19	258	19	271	202
45	47	42.802	257	283	299	29	273	24	275	203
45	29	42.520	254	283	287	17	259	5	254	202
45	111	42.520	254	283	276	17	259	5	254	202
45	68	40.727	275	283	298	13	275	8	277	201
45	12	39.931	288	283	293	7	281	3	286	201
45	55	44.275	262	283	297	8	258	4	259	199
45	128	41.079	241	283	290	31	260	21	258	199
45	96	41.538	260	283	287	17	266	11	266	199
45	123	42.146	261	283	294	7	258	3	259	198
45	57	43.874	253	283	294	19	260	9	257	198
45	102	39.510	286	283	293	7	282	3	283	197
45	30	41.313	259	283	274	2	260	2	240	197
45	61	41.356	295	283	295	2	281	2	288	196
45	50	42.692	260	283	294	7	258	3	257	195
45	48	39.416	274	283	289	7	273	3	270	195
45	92	38.542	288	283	293	7	281	3	286	195
45	64	41.304	276	283	300	4	258	1	276	195
45	31	41.544	272	283	298	3	260	3	260	195
45	26	40.996	261	283	292	7	258	3	258	194
45	41	42.424	264	283	288	7	260	3	260	193
45	16	41.065	263	283	292	8	259	4	260	192
45	91	40.000	275	283	298	7	258	4	275	192
45	80	39.928	278	283	298	7	259	4	276	192
45	53	40.559	286	283	295	7	279	3	283	192
45	117	42.481	266	283	282	1	258	1	256	191
45	95	44.061	261	283	291	10	258	6	259	191
45	58	41.221	262	283	309	14	258	26	285	192
45	66	42.683	246	283	296	26	261	21	262	191
45	88	40.476	252	283	272	7	258	3	238	190
45	86	39.700	267	283	281	3	259	3	259	190
45	37	40.809	272	283	300	7	268	3	268	191
45	6	39.051	274	283	303	3	258	6	279	191
45	17	41.199	267	283	289	3	258	3	258	190
45	44	41.319	288	283	282	7	283	3	282	190
45	121	42.063	252	283	279	18	258	5	252	189
45	18	42.324	241	283	261	36	258	1	238	188
45	59	38.023	263	283	294	7	261	3	261	189
45	23	40.551	254	283	304	22	258	29	281	188
45	32	39.716	282	283	303	6	258	1	280	188
45	34	39.300	257	283	288	7	258	3	255	187
45	81	43.162	234	283	286	36	258	23	253	187
45	124	39.300	257	283	272	2	258	2	238	187
45	79	41.418	268	283	281	3	260	3	260	187
45	90	40.449	267	283	281	3	259	3	259	187
45	125	39.844	256	283	292	15	259	6	257	187
45	54	41.852	270	283	278	1	258	1	255	186
45	100	40.000	275	283	296	6	259	1	274	186
45	109	38.735	253	283	273	7	259	3	239	186
45	15	42.146	261	283	281	7	260	3	257	186
45	71	41.481	270	283	295	9	258	7	272	186
45	122	41.600	250	283	290	22	264	19	262	186
45	62	38.542	288	283	287	7	281	6	286	185
45	10	41.245	257	283	307	22	258	33	284	186
45	108	42.798	243	283	284	36	258	24	262	184
45	28	40.996	261	283	292	14	260	6	260	184
45	39	41.667	240	283	292	30	259	23	259	184
45	101	41.065	263	283	292	6	258	6	258	184
45	46	40.945	254	283	294	22	258	22	271	183
45	36	38.255	298	283	293	3	282	2	292	183
45	19	39.100	289	283	288	7	282	6	287	182
45	9	38.163	283	283	292	11	281	3	279	182
45	84	40.075	267	283	281	7	263	3	263	182
45	114	39.535	258	283	272	7	264	3	244	182
45	56	40.650	246	283	299	25	258	21	262	182
45	7	40.149	269	283	283	1	260	1	259	182
45	77	38.492	252	283	273	7	258	3	239	181
45	3	40.433	277	283	301	3	258	6	279	182
45	78	37.308	260	283	274	2	261	2	240	181
45	106	42.045	264	283	284	19	273	8	263	181
45	89	39.764	254	283	272	7	260	3	240	180
45	76	39.236	288	283	281	7	283	3	281	180
45	70	36.749	283	283	288	3	272	2	277	180
45	22	42.128	235	283	281	36	260	29	260	180
45	129	41.921	229	283	289	36	258	32	256	179
45	43	39.453	256	283	273	3	258	8	240	179
45	24	37.354	257	283	273	2	258	2	239	178
45	107	41.176	238	283	281	31	258	24	258	178
45	51	40.000	280	283	275	2	276	3	263	177
45	75	37.132	272	283	291	7	271	3	269	177
45	82	38.202	267	283	274	2	266	2	247	176
45	112	40.000	260	283	286	6	258	6	255	176
45	38	39.921	253	283	276	7	258	5	241	176
45	65	39.844	256	283	287	19	260	8	255	175
45	98	37.698	252	283	272	7	258	3	238	173
45	27	35.581	267	283	271	7	272	3	252	173
45	49	38.340	253	283	278	7	258	5	241	172
45	85	36.434	258	283	274	7	264	3	244	172
45	60	41.964	224	283	274	37	258	34	240	171
45	8	38.406	276	283	302	3	258	6	279	171
45	99	35.273	275	283	275	7	280	3	257	170
46	46	100.000	294	294	294	1	294	1	294	607
46	100	77.365	296	294	296	1	294	1	296	486
46	91	75.000	296	294	298	1	294	3	298	484
46	80	76.689	296	294	298	1	294	3	298	479
46	71	69.595	296	294	295	1	294	1	295	445
46	18	78.544	261	294	261	34	294	1	261	439
46	6	62.046	303	294	303	1	294	1	303	382
46	10	63.823	293	294	307	1	278	1	291	374
46	23	60.066	303	294	304	2	294	3	304	373
46	32	59.539	304	294	303	1	294	1	303	370
46	58	58.252	309	294	309	1	294	1	309	363
46	64	59.000	300	294	300	1	294	3	300	348
46	108	58.974	273	294	284	16	281	1	272	343
46	3	56.897	290	294	301	1	281	1	289	338
46	8	59.779	271	294	302	25	294	33	302	332
46	84	51.701	294	294	281	4	293	2	280	274
46	76	52.768	271	294	281	4	271	2	258	271
46	9	51.042	288	294	292	9	292	3	275	269
46	121	51.282	273	294	279	20	287	7	269	268
46	117	53.285	274	294	282	9	279	3	265	267
46	31	50.173	289	294	298	9	293	3	280	265
46	86	50.719	278	294	281	9	282	3	270	263
46	29	52.878	278	294	287	20	292	8	270	262
46	16	50.570	263	294	292	12	271	6	259	261
46	44	50.730	274	294	282	9	278	3	267	260
46	111	52.158	278	294	276	20	292	8	270	260
46	28	49.129	287	294	292	12	294	6	280	259
46	79	51.095	274	294	281	9	278	3	266	258
46	17	51.481	270	294	289	9	271	3	258	258
46	22	48.708	271	294	281	12	278	6	266	255
46	128	51.128	266	294	290	25	286	17	270	254
46	95	48.772	285	294	291	12	292	6	276	254
46	57	48.855	262	294	294	14	271	4	255	253
46	101	50.189	265	294	292	10	271	4	258	252
46	90	47.279	294	294	281	4	293	2	281	251
46	54	48.966	290	294	278	9	293	3	277	251
46	81	52.400	250	294	286	25	271	14	253	251
46	112	48.000	275	294	286	12	282	6	267	251
46	15	48.540	274	294	281	9	278	3	263	250
46	37	48.352	273	294	300	9	278	3	266	250
46	55	48.897	272	294	297	12	278	6	267	249
46	39	51.331	263	294	292	12	271	6	258	248
46	7	49.650	286	294	283	12	293	6	279	248
46	125	48.944	284	294	292	14	293	5	278	248
46	96	52.364	275	294	287	20	291	14	278	248
46	106	51.004	249	294	284	25	271	15	250	247
46	65	50.368	272	294	287	14	278	3	261	247
46	107	47.445	274	294	281	9	278	3	266	239
46	41	47.038	287	294	288	9	291	3	278	238
46	33	46.014	276	294	296	2	272	3	260	238
46	70	42.254	284	294	288	3	282	4	275	236
46	50	47.778	270	294	294	2	271	3	257	235
46	53	44.815	270	294	295	2	271	3	258	228
46	36	45.833	264	294	293	17	271	14	268	227
46	19	45.221	272	294	288	3	271	4	263	226
46	92	45.018	271	294	293	2	271	3	259	223
46	66	43.333	270	294	296	2	271	3	259	221
46	47	44.074	270	294	299	30	294	28	278	221
46	12	43.956	273	294	293	2	271	3	259	221
46	68	45.902	244	294	298	30	271	28	260	219
46	102	43.333	270	294	293	2	271	3	259	218
46	48	44.891	274	294	289	2	271	3	255	218
46	123	43.796	274	294	294	2	271	3	259	218
46	56	45.000	260	294	299	17	272	17	263	218
46	26	42.909	275	294	292	2	276	3	263	217
46	61	44.015	259	294	295	15	271	15	261	217
46	62	41.137	299	294	287	3	294	4	287	216
46	129	47.951	244	294	289	30	272	28	257	211
46	59	42.593	270	294	294	2	271	3	258	209
46	75	41.522	289	294	291	2	289	3	275	208
46	87	40.502	279	294	313	33	291	35	308	209
46	34	41.852	270	294	288	2	271	3	255	206
46	122	41.697	271	294	290	2	272	3	257	205
46	24	41.111	270	294	273	2	271	7	239	204
46	126	42.857	266	294	283	7	271	13	259	197
46	103	42.379	269	294	283	5	271	11	259	197
46	94	42.802	257	294	271	22	271	22	271	196
46	104	41.636	269	294	283	3	271	8	258	196
46	35	40.520	269	294	282	21	287	21	269	196
46	120	41.754	285	294	285	5	282	3	275	196
46	51	39.338	272	294	275	3	271	1	240	196
46	109	39.630	270	294	273	2	271	3	238	195
46	82	41.107	253	294	274	20	271	17	239	195
46	85	40.214	281	294	274	2	281	3	245	194
46	4	42.802	257	294	309	22	271	22	271	194
46	88	41.636	269	294	272	20	287	17	251	192
46	99	37.500	288	294	275	5	292	3	255	191
46	127	44.400	250	294	283	28	277	32	266	191
46	77	37.269	271	294	273	2	271	3	239	190
46	115	40.072	277	294	296	3	271	6	270	190
46	114	40.741	270	294	272	2	271	3	238	189
46	89	39.179	268	294	272	5	271	3	238	189
46	73	40.299	268	294	275	4	271	2	251	189
46	27	39.483	271	294	271	2	271	3	238	189
46	118	40.892	269	294	284	5	271	10	258	189
46	105	41.573	267	294	283	5	271	9	257	189
46	124	40.304	263	294	272	20	281	17	245	188
46	38	41.502	253	294	276	20	271	19	241	188
46	11	42.623	244	294	298	28	271	39	270	189
46	69	41.026	273	294	283	4	271	5	259	187
46	40	38.321	274	294	288	2	271	4	262	187
46	63	43.089	246	294	283	28	271	31	259	186
46	52	39.483	271	294	284	3	271	8	258	186
46	98	37.778	270	294	272	2	271	3	238	184
46	60	38.889	270	294	274	3	271	1	240	184
46	42	38.214	280	294	294	3	271	2	268	185
46	43	40.316	253	294	273	20	271	18	240	184
46	78	36.940	268	294	274	5	271	3	237	184
46	45	40.945	254	294	283	22	271	22	258	183
46	30	40.711	253	294	274	20	271	17	238	182
46	20	37.589	282	294	295	3	271	2	271	182
46	74	41.803	244	294	274	28	271	25	250	182
46	67	40.157	254	294	295	20	271	28	269	182
46	72	38.321	274	294	296	2	271	8	269	181
46	116	40.079	252	294	296	32	280	42	282	181
46	25	40.984	244	294	296	28	271	39	270	179
46	97	40.164	244	294	288	28	271	31	262	178
46	83	33.214	280	294	296	3	271	2	270	177
46	119	38.951	267	294	274	8	271	6	250	175
46	110	35.357	280	294	295	3	271	2	269	176
46	49	37.037	270	294	278	3	271	3	241	174
46	14	37.545	277	294	291	7	271	2	266	174
46	1	37.545	277	294	305	7	271	2	266	174
46	5	38.078	281	294	297	2	271	4	271	172
46	13	40.323	248	294	305	25	271	37	271	169
46	93	36.996	273	294	297	3	271	14	271	168
46	2	36.996	273	294	297	3	271	14	271	168
46	21	37.200	250	294	280	23	272	25	256	146
47	47	100.000	299	299	299	1	299	1	299	630
47	68	79.333	300	299	298	1	299	1	298	501
47	56	79.139	302	299	299	1	298	1	299	494
47	61	77.667	300	299	295	1	299	1	295	481
47	102	76.000	300	299	293	1	299	1	293	469
47	92	71.667	300	299	293	1	299	1	293	454
47	33	70.000	300	299	296	1	299	1	296	446
47	12	69.333	300	299	293	1	299	1	293	432
47	50	67.224	299	299	294	1	299	1	294	422
47	66	66.000	300	299	296	1	299	1	296	417
47	53	65.886	299	299	295	1	299	1	295	417
47	123	69.338	287	299	294	1	286	1	285	411
47	26	65.667	300	299	292	1	299	1	292	407
47	59	64.667	300	299	294	1	299	1	294	404
47	75	64.333	300	299	291	1	299	1	291	392
47	48	62.876	299	299	289	1	299	1	289	392
47	122	63.333	300	299	290	1	299	1	290	385
47	129	66.296	270	299	289	1	269	1	265	381
47	34	59.934	302	299	288	1	299	1	288	379
47	99	43.581	296	299	275	1	288	1	272	246
47	27	44.369	293	299	271	1	286	1	269	245
47	82	42.905	296	299	274	1	289	1	273	242
47	114	44.898	294	299	272	1	286	1	270	239
47	24	43.878	294	299	273	1	286	1	271	239
47	38	46.570	277	299	276	1	274	3	255	239
47	109	45.583	283	299	273	1	280	1	259	238
47	85	43.390	295	299	274	1	288	1	271	238
47	78	45.725	269	299	274	1	268	1	245	235
47	51	42.617	298	299	275	1	288	2	275	234
47	124	45.556	270	299	272	1	268	1	246	233
47	98	42.568	296	299	272	1	288	1	272	232
47	43	45.018	271	299	273	1	268	2	248	231
47	89	42.321	293	299	272	1	288	1	269	230
47	30	43.704	270	299	274	1	268	1	246	230
47	88	45.556	270	299	272	1	268	1	246	230
47	49	45.018	271	299	278	1	268	3	249	229
47	29	43.561	264	299	287	12	269	3	262	229
47	91	43.321	277	299	298	3	263	4	278	228
47	111	43.346	263	299	276	12	268	3	261	227
47	3	42.599	277	299	301	3	260	6	279	227
47	77	40.678	295	299	273	1	286	1	271	224
47	57	44.186	258	299	294	17	268	10	263	224
47	44	43.636	275	299	282	1	268	1	267	223
47	80	43.682	277	299	298	3	263	4	278	223
47	16	42.537	268	299	292	32	284	29	292	223
47	106	44.944	267	299	284	12	271	4	261	222
47	46	44.074	270	299	294	28	278	30	294	221
47	71	43.704	270	299	295	3	260	6	272	221
47	36	42.403	283	299	293	4	275	4	283	221
47	121	41.445	263	299	279	12	268	2	260	220
47	54	44.000	275	299	278	2	270	2	265	219
47	32	42.456	285	299	303	17	289	27	301	220
47	70	42.697	267	299	288	23	285	23	285	219
47	18	44.697	264	299	261	32	278	1	261	218
47	15	42.909	275	299	281	2	270	2	265	219
47	60	42.435	271	299	274	1	268	2	248	218
47	10	43.651	252	299	307	21	260	33	284	219
47	128	40.364	275	299	290	17	285	11	279	219
47	6	44.828	261	299	303	18	261	29	280	219
47	7	43.478	276	299	283	8	277	5	273	218
47	23	40.426	282	299	304	2	261	2	282	219
47	31	42.491	273	299	298	8	270	5	268	218
47	37	43.431	274	299	300	1	268	1	266	218
47	117	44.526	274	299	282	1	268	1	264	218
47	100	46.667	255	299	296	17	260	21	273	218
47	58	43.446	267	299	309	9	263	26	288	218
47	95	43.704	270	299	291	5	268	5	267	217
47	17	42.007	269	299	289	9	271	6	269	217
47	62	41.912	272	299	287	23	278	23	287	217
47	125	43.023	258	299	292	17	268	11	264	217
47	19	42.125	273	299	288	23	285	23	285	217
47	108	42.412	257	299	284	17	260	9	262	216
47	84	42.222	270	299	281	8	271	5	269	215
47	96	41.489	282	299	287	12	288	9	284	215
47	76	42.963	270	299	281	8	268	5	266	215
47	79	41.758	273	299	281	3	268	3	266	214
47	86	43.137	255	299	281	23	271	20	269	214
47	39	42.007	269	299	292	9	271	6	269	214
47	65	43.346	263	299	287	15	271	7	264	213
47	90	44.141	256	299	281	22	270	22	268	212
47	94	44.492	236	299	271	32	260	36	271	211
47	4	43.443	244	299	309	32	268	36	279	211
47	87	42.629	251	299	313	32	273	36	286	211
47	112	41.045	268	299	286	8	268	5	263	210
47	55	44.706	255	299	297	22	268	22	267	210
47	64	42.086	278	299	300	3	261	4	277	209
47	101	40.809	272	299	292	7	270	4	268	209
47	9	41.948	267	299	292	8	268	5	266	209
47	28	41.481	270	299	292	9	270	6	268	208
47	41	41.264	269	299	288	8	270	5	268	208
47	22	41.758	273	299	281	2	268	2	266	206
47	81	39.922	258	299	286	17	268	8	261	205
47	107	41.860	258	299	281	22	271	22	269	203
47	45	42.802	257	299	283	24	275	29	273	203
47	8	44.922	256	299	302	17	260	27	279	202
47	126	38.699	292	299	283	2	277	2	282	199
47	69	41.971	274	299	283	3	268	7	267	196
47	35	42.915	247	299	282	32	272	36	270	196
47	83	37.627	295	299	296	3	288	12	296	194
47	127	41.418	268	299	283	3	262	8	262	193
47	72	42.798	243	299	296	32	268	44	277	193
47	73	42.917	240	299	275	32	265	31	256	192
47	74	43.096	239	299	274	32	265	31	255	191
47	103	40.449	267	299	283	3	262	7	261	191
47	40	39.576	283	299	288	1	270	2	272	191
47	20	42.510	247	299	295	32	272	46	283	190
47	119	42.857	252	299	274	20	265	19	255	189
47	13	37.729	273	299	305	3	268	16	279	189
47	11	38.710	279	299	298	19	286	31	294	188
47	42	41.803	244	299	294	32	268	44	276	187
47	115	41.975	243	299	296	32	268	45	278	187
47	105	39.216	255	299	283	21	270	28	267	186
47	63	38.768	276	299	283	3	271	7	270	186
47	25	40.078	257	299	296	19	268	31	278	186
47	5	40.590	271	299	297	28	288	41	297	186
47	120	39.382	259	299	285	23	268	24	269	184
47	118	41.393	244	299	284	32	270	36	268	184
47	104	38.078	281	299	283	10	277	13	282	183
47	52	38.636	264	299	284	3	260	6	258	182
47	116	40.927	259	299	296	19	268	30	278	181
47	97	39.416	274	299	288	3	268	7	270	181
47	67	41.152	243	299	295	32	268	44	277	178
47	93	41.129	248	299	297	32	269	45	280	178
47	2	41.129	248	299	297	32	269	45	280	178
47	110	37.500	280	299	295	3	268	8	277	174
47	21	38.028	284	299	280	1	277	2	272	170
47	14	35.926	270	299	291	1	260	6	266	167
47	1	35.606	264	299	305	3	260	12	266	167
48	48	100.000	289	289	289	1	289	1	289	611
48	12	77.133	293	289	293	1	289	1	293	475
48	66	72.635	296	289	296	1	289	1	296	457
48	53	73.898	295	289	295	1	289	1	295	456
48	50	75.170	294	289	294	1	289	1	294	454
48	75	70.408	294	289	291	1	289	1	291	448
48	123	70.648	293	289	294	1	287	1	293	442
48	34	72.165	291	289	288	1	289	1	288	441
48	26	70.548	292	289	292	1	289	1	292	440
48	59	70.068	294	289	294	1	289	1	294	440
48	33	65.541	296	289	296	1	289	1	296	411
48	102	65.188	293	289	293	1	289	1	293	404
48	61	62.373	295	289	295	1	289	1	295	398
48	92	62.799	293	289	293	1	289	1	293	396
48	47	62.876	299	289	299	1	289	1	299	392
48	56	62.876	299	289	299	1	288	1	299	382
48	68	63.087	298	289	298	1	289	1	298	382
48	122	61.168	291	289	290	1	289	1	290	379
48	129	57.732	291	289	289	1	289	1	289	359
48	114	47.388	268	289	272	1	265	1	248	244
48	88	43.310	284	289	272	1	281	1	264	239
48	79	46.691	272	289	281	1	265	5	268	238
48	85	45.896	268	289	274	1	265	1	248	237
48	24	46.715	274	289	273	1	269	1	255	237
48	76	44.203	276	289	281	8	274	5	278	235
48	27	42.268	291	289	271	1	283	1	271	235
48	54	46.840	269	289	278	2	263	2	263	235
48	78	45.283	265	289	274	1	263	1	245	234
48	44	43.431	274	289	282	1	267	1	271	234
48	84	46.008	263	289	281	8	263	5	266	234
48	9	45.149	268	289	292	7	267	4	270	234
48	28	44.867	263	289	292	12	267	9	270	234
48	43	43.706	286	289	273	1	282	2	266	233
48	109	45.149	268	289	273	1	265	1	248	233
48	106	46.038	265	289	284	12	266	4	261	232
48	95	44.604	278	289	291	17	287	14	286	232
48	51	44.689	273	289	275	1	269	2	254	230
48	17	45.035	282	289	289	1	273	1	274	231
48	124	42.123	292	289	272	1	283	1	272	230
48	31	43.774	265	289	298	7	263	3	266	231
48	111	43.678	261	289	276	12	265	3	263	230
48	98	44.403	268	289	272	1	265	1	248	229
48	29	42.545	275	289	287	12	278	3	277	230
48	30	43.233	266	289	274	1	263	1	246	229
48	77	42.143	280	289	273	1	277	1	261	229
48	38	43.223	273	289	276	1	269	3	255	228
48	82	44.030	268	289	274	1	265	1	249	228
48	89	41.404	285	289	272	1	282	1	265	226
48	99	41.971	274	289	275	1	271	1	255	226
48	117	43.878	294	289	282	1	282	1	278	226
48	60	42.254	284	289	274	1	280	2	265	226
48	15	43.750	272	289	281	1	264	1	264	225
48	107	45.833	264	289	281	8	264	5	267	225
48	128	42.205	263	289	290	8	263	2	264	224
48	57	44.141	256	289	294	17	265	10	265	224
48	49	41.216	296	289	278	1	283	3	278	223
48	36	41.356	295	289	293	7	282	2	292	224
48	125	43.243	259	289	292	18	266	9	267	223
48	41	43.571	280	289	288	3	270	3	278	222
48	16	44.048	252	289	292	22	266	19	270	222
48	81	43.359	256	289	286	17	265	8	263	221
48	112	44.841	252	289	286	22	266	19	266	221
48	65	44.803	279	289	287	15	286	7	279	221
48	62	44.280	271	289	287	7	263	2	271	221
48	22	42.647	272	289	281	2	266	2	269	220
48	7	43.310	284	289	283	8	282	5	279	220
48	55	41.912	272	289	297	1	265	1	269	219
48	70	43.396	265	289	288	28	282	28	287	219
48	19	44.074	270	289	288	22	282	22	287	218
48	101	44.747	257	289	292	14	263	11	266	218
48	96	43.726	263	289	287	12	265	9	268	218
48	46	44.891	274	289	294	3	255	2	271	218
48	32	43.411	258	289	303	17	255	27	280	217
48	86	46.122	245	289	281	26	263	23	266	216
48	37	42.915	247	289	300	23	263	20	266	217
48	39	43.295	261	289	292	10	263	7	266	216
48	64	41.516	277	289	300	3	255	4	276	216
48	90	43.182	264	289	281	8	264	5	267	215
48	100	43.590	273	289	296	3	255	2	273	213
48	71	41.111	270	289	295	1	256	4	273	212
48	121	42.205	263	289	279	12	264	2	261	211
48	10	42.692	260	289	307	17	255	31	284	212
48	91	40.876	274	289	298	3	255	4	275	211
48	23	39.502	281	289	304	1	255	1	281	211
48	18	46.444	239	289	261	32	255	1	238	209
48	6	40.070	287	289	303	3	264	2	287	209
48	58	43.852	244	289	309	28	255	42	285	208
48	80	41.241	274	289	298	3	255	4	275	205
48	69	40.072	277	289	283	1	270	5	274	201
48	87	39.194	273	289	313	32	288	36	308	199
48	103	40.511	274	289	283	3	270	11	274	196
48	3	37.681	276	289	301	3	255	6	279	196
48	104	40.076	262	289	283	3	257	6	260	195
48	45	39.416	274	289	283	3	270	7	273	195
48	108	38.672	256	289	284	17	255	9	262	194
48	116	40.672	268	289	296	22	282	34	295	193
48	52	40.824	267	289	284	21	272	25	283	192
48	63	38.545	275	289	283	3	270	7	274	192
48	8	38.686	274	289	302	3	255	6	279	193
48	4	39.184	245	289	309	32	264	36	280	193
48	94	39.831	236	289	271	32	255	36	271	190
48	118	42.149	242	289	284	22	257	26	260	190
48	5	39.404	302	289	297	1	282	2	296	190
48	127	38.202	267	289	283	3	262	8	265	190
48	126	40.000	265	289	283	2	255	2	259	189
48	120	38.246	285	289	285	1	270	1	276	189
48	93	41.045	268	289	297	22	282	35	296	189
48	2	41.045	268	289	297	22	282	35	296	189
48	35	36.918	279	289	282	2	270	2	273	188
48	20	40.964	249	289	295	22	263	36	279	188
48	74	38.610	259	289	274	16	268	15	263	185
48	105	38.931	262	289	283	3	257	5	259	184
48	115	38.550	262	289	296	22	276	35	291	184
48	72	41.600	250	289	296	22	263	34	277	184
48	97	37.500	288	289	288	3	282	7	287	184
48	40	36.860	293	289	288	1	282	2	286	184
48	83	39.552	268	289	296	22	282	34	295	182
48	67	40.000	270	289	295	22	283	34	295	182
48	14	37.500	288	289	291	3	282	12	290	181
48	25	40.316	253	289	296	22	267	35	282	181
48	1	37.500	288	289	305	3	282	12	290	181
48	42	38.800	250	289	294	22	263	34	276	180
48	110	36.271	295	289	295	3	282	8	294	177
48	73	40.249	241	289	275	22	255	21	251	176
48	13	40.909	242	289	305	22	255	36	271	177
48	119	38.745	271	289	274	20	283	19	274	174
48	11	39.834	241	289	298	22	255	35	270	174
48	21	35.714	266	289	280	3	263	7	263	162
49	49	100.000	278	278	278	1	278	1	278	582
49	43	76.534	277	278	273	2	278	1	273	452
49	51	69.314	277	278	275	2	278	1	275	413
49	38	70.182	275	278	276	1	275	1	270	411
49	60	69.675	277	278	274	2	278	1	274	409
49	27	67.391	276	278	271	3	278	1	271	392
49	30	67.636	275	278	274	3	277	1	271	389
49	124	68.705	278	278	272	3	278	1	272	385
49	114	67.391	276	278	272	3	278	1	272	385
49	77	64.260	277	278	273	3	278	1	273	384
49	99	66.421	271	278	275	3	272	1	266	382
49	88	64.982	277	278	272	3	277	1	271	380
49	78	64.364	275	278	274	3	277	1	273	377
49	98	65.185	270	278	272	3	272	1	266	377
49	89	65.314	271	278	272	3	272	1	266	374
49	85	66.165	266	278	274	3	268	1	262	373
49	109	64.945	271	278	273	3	272	1	267	372
49	82	64.621	277	278	274	3	278	1	272	370
49	24	60.289	277	278	273	3	278	1	273	354
49	53	45.725	269	278	295	3	249	1	266	236
49	26	46.931	277	278	292	3	258	1	273	236
49	12	45.725	269	278	293	3	249	1	267	235
49	92	45.965	285	278	293	3	262	1	278	234
49	66	45.205	292	278	296	3	268	1	290	234
49	75	46.992	266	278	291	3	249	1	264	233
49	33	46.468	269	278	296	3	249	1	267	232
49	129	45.865	266	278	289	3	249	1	264	229
49	59	44.403	268	278	294	3	249	1	266	229
49	123	45.353	269	278	294	3	249	1	267	229
49	47	45.018	271	278	299	3	249	1	268	229
49	61	44.280	271	278	295	3	249	1	269	228
49	56	43.390	295	278	299	3	272	1	286	228
49	68	43.729	295	278	298	3	271	1	291	227
49	50	44.776	268	278	294	3	249	1	265	226
49	102	45.070	284	278	293	3	262	1	278	224
49	48	41.216	296	278	289	3	278	1	283	223
49	34	45.489	266	278	288	3	249	1	263	223
49	122	44.361	266	278	290	3	249	1	264	215
49	100	38.202	267	278	296	19	255	21	284	187
49	91	36.029	272	278	298	5	241	4	275	186
49	101	39.615	260	278	292	14	249	9	266	186
49	106	38.603	272	278	284	19	268	9	278	184
49	127	41.065	263	278	283	2	248	5	265	184
49	17	40.074	272	278	289	5	252	3	269	182
49	87	37.000	300	278	313	5	273	20	305	182
49	54	39.179	268	278	278	4	250	2	264	180
49	44	38.376	271	278	282	4	249	2	267	180
49	118	38.868	265	278	284	2	249	3	266	179
49	69	37.956	274	278	283	3	260	5	277	179
49	64	37.091	275	278	300	5	241	4	276	179
49	35	37.631	287	278	282	4	271	2	281	178
49	52	37.956	274	278	284	3	260	4	277	178
49	103	41.473	258	278	283	9	249	11	267	178
49	84	39.216	255	278	281	19	249	14	266	177
49	125	37.143	280	278	292	19	273	11	280	178
49	104	39.615	260	278	283	2	241	3	258	177
49	3	36.594	276	278	301	3	241	4	279	177
49	74	40.708	226	278	274	36	249	33	258	177
49	23	33.929	280	278	304	4	241	2	281	177
49	63	38.351	279	278	283	2	263	4	280	177
49	71	37.269	271	278	295	2	242	3	273	177
49	105	38.909	275	278	283	5	259	5	275	176
49	73	40.529	227	278	275	36	249	33	259	175
49	108	36.614	254	278	284	19	241	9	262	175
49	65	37.410	278	278	287	17	270	7	274	175
49	80	35.055	271	278	298	2	241	5	275	175
49	111	37.891	256	278	276	19	249	8	261	174
49	29	37.891	256	278	287	19	249	8	261	175
49	6	39.916	238	278	303	36	241	42	279	175
49	107	37.778	270	278	281	7	252	2	269	174
49	46	37.037	270	278	294	3	241	3	271	174
49	126	38.077	260	278	283	4	243	2	261	174
49	18	40.678	236	278	261	36	241	3	238	172
49	117	37.175	269	278	282	3	249	1	264	172
49	45	38.340	253	278	283	5	241	7	258	172
49	41	35.000	280	278	288	10	265	5	280	172
49	10	35.897	273	278	307	19	258	31	298	172
49	121	35.424	271	278	279	15	260	3	271	171
49	79	38.148	270	278	281	5	250	3	267	170
49	22	36.296	270	278	281	4	249	2	266	169
49	36	38.628	277	278	293	10	249	3	276	170
49	96	37.838	259	278	287	19	253	14	270	169
49	9	36.704	267	278	292	7	249	2	266	169
49	76	37.647	255	278	281	19	249	14	266	169
49	16	36.090	266	278	292	10	249	4	267	169
49	31	38.346	266	278	298	10	249	5	266	169
49	70	35.644	303	278	288	2	277	4	287	169
49	90	36.567	268	278	281	10	253	5	270	168
49	119	40.351	228	278	274	36	249	33	258	168
49	15	36.431	269	278	281	4	250	2	264	168
49	32	36.220	254	278	303	19	241	27	280	169
49	58	34.602	289	278	309	5	241	2	285	169
49	93	41.004	239	278	297	30	249	41	279	168
49	2	41.004	239	278	297	30	249	41	279	168
49	19	36.149	296	278	288	3	271	4	287	168
49	81	35.461	282	278	286	19	275	8	279	167
49	57	37.500	256	278	294	19	249	10	263	168
49	4	38.433	268	278	309	36	273	38	303	168
49	112	37.109	256	278	286	19	253	14	267	167
49	8	33.942	274	278	302	5	241	6	279	167
49	21	35.766	274	278	280	5	266	7	274	166
49	7	38.023	263	278	283	10	249	5	265	166
49	115	36.691	278	278	296	3	249	2	278	167
49	55	37.548	261	278	297	14	249	9	267	166
49	39	34.146	287	278	292	2	264	1	281	166
49	72	42.918	233	278	296	36	249	46	277	166
49	128	35.019	257	278	290	19	250	11	265	165
49	28	36.434	258	278	292	16	249	11	266	165
49	120	35.172	290	278	285	4	271	2	284	164
49	95	37.218	266	278	291	9	249	7	267	164
49	97	36.101	277	278	288	2	257	4	272	163
49	62	38.492	252	278	287	25	249	23	271	162
49	37	35.816	282	278	300	19	274	14	283	162
49	86	35.165	273	278	281	5	253	3	270	162
49	94	41.102	236	278	271	36	241	38	271	161
49	20	37.091	275	278	295	2	249	5	279	162
49	40	35.612	278	278	288	3	256	2	279	158
49	13	35.473	296	278	305	3	269	6	293	158
49	42	34.437	302	278	294	3	271	2	293	157
49	11	36.691	278	278	298	3	249	2	278	157
49	14	37.918	269	278	291	2	244	1	269	157
49	1	37.918	269	278	305	2	244	1	269	157
49	25	37.184	277	278	296	3	249	2	278	156
49	67	34.286	280	278	295	3	249	2	277	152
49	83	33.212	274	278	296	3	250	6	279	150
49	110	33.212	274	278	295	3	250	6	278	150
49	5	34.686	271	278	297	2	249	9	279	147
49	116	35.622	233	278	296	36	249	46	278	146
5	5	100.000	297	297	297	1	297	1	297	624
5	93	72.054	297	297	297	1	297	1	297	463
5	2	72.054	297	297	297	1	297	1	297	463
5	116	65.993	297	297	296	1	297	1	296	427
5	83	63.300	297	297	296	1	297	1	296	416
5	110	65.320	297	297	295	1	297	1	295	410
5	11	62.457	293	297	298	1	293	1	290	400
5	115	61.279	297	297	296	1	297	1	296	400
5	67	61.824	296	297	295	1	296	1	294	394
5	25	61.824	296	297	296	1	296	1	295	392
5	97	61.149	296	297	288	1	296	1	287	389
5	72	59.322	295	297	296	1	295	1	293	386
5	20	64.643	280	297	295	1	279	1	279	385
5	40	62.838	296	297	288	1	296	1	286	380
5	14	61.356	295	297	291	2	296	2	290	373
5	1	61.356	295	297	305	2	296	2	290	372
5	42	60.473	296	297	294	1	296	1	293	371
5	13	60.811	296	297	305	1	295	1	294	369
5	120	50.000	294	297	285	8	297	3	285	288
5	127	47.183	284	297	283	3	283	3	272	249
5	126	43.434	297	297	283	3	296	2	282	238
5	104	44.840	281	297	283	2	279	4	266	236
5	52	44.599	287	297	284	1	283	3	271	231
5	63	45.818	275	297	283	3	274	2	262	231
5	87	43.087	311	297	313	9	297	6	304	231
5	118	42.517	294	297	284	6	296	4	283	229
5	103	42.909	275	297	283	3	274	2	262	227
5	105	45.098	255	297	283	28	279	18	265	225
5	45	46.667	255	297	283	28	279	19	266	224
5	69	43.273	275	297	283	3	274	2	262	222
5	74	44.727	275	297	274	25	295	11	274	215
5	35	42.029	276	297	282	8	280	3	267	215
5	4	41.297	293	297	309	25	297	16	302	211
5	119	43.682	277	297	274	25	296	11	273	210
5	21	43.511	262	297	280	30	287	21	272	207
5	73	42.238	277	297	275	25	296	11	274	206
5	128	44.086	279	297	290	28	296	10	281	203
5	94	43.130	262	297	271	25	271	16	271	200
5	95	42.966	263	297	291	44	297	28	282	199
5	101	39.519	291	297	292	13	295	4	279	197
5	33	41.935	279	297	296	12	279	3	267	196
5	111	42.629	251	297	276	44	284	22	266	195
5	55	41.445	263	297	297	44	296	28	284	195
5	32	38.796	299	297	303	4	289	2	297	195
5	129	45.188	239	297	289	45	279	32	264	195
5	64	39.493	276	297	300	4	267	4	272	195
5	29	43.496	246	297	287	44	279	22	261	194
5	57	43.130	262	297	294	28	280	9	264	194
5	122	41.343	283	297	290	20	297	11	284	194
5	68	42.339	248	297	298	45	283	32	272	194
5	58	39.000	300	297	309	4	285	2	293	194
5	81	42.652	279	297	286	29	297	8	276	190
5	34	40.000	290	297	288	12	296	3	281	190
5	48	39.404	302	297	289	2	296	1	282	190
5	59	38.889	288	297	294	12	292	3	281	190
5	96	41.132	265	297	287	41	297	25	281	189
5	121	44.106	263	297	279	44	294	21	272	189
5	65	43.673	245	297	287	44	280	23	262	189
5	102	40.071	282	297	293	12	280	3	268	189
5	112	44.578	249	297	286	44	280	28	264	189
5	16	41.729	266	297	292	39	295	23	280	189
5	123	38.591	298	297	294	12	297	3	287	189
5	6	40.071	282	297	303	4	271	2	279	189
5	125	41.135	282	297	292	27	297	9	279	187
5	50	40.511	274	297	294	12	280	3	266	187
5	92	39.100	289	297	293	2	280	1	268	186
5	37	37.793	299	297	300	8	297	3	281	187
5	41	43.548	248	297	288	41	280	25	267	186
5	47	40.590	271	297	299	41	297	28	288	186
5	12	39.855	276	297	293	12	280	3	268	186
5	39	40.000	260	297	292	44	295	28	279	182
5	75	38.603	272	297	291	12	280	3	265	182
5	28	40.230	261	297	292	44	295	28	279	182
5	26	39.350	277	297	292	12	283	3	270	182
5	23	36.424	302	297	304	3	290	2	292	182
5	22	39.695	262	297	281	44	296	28	280	181
5	10	37.979	287	297	307	4	271	2	284	181
5	106	39.773	264	297	284	25	280	9	259	181
5	117	42.366	262	297	282	44	297	28	279	180
5	3	38.014	292	297	301	4	280	2	287	181
5	54	38.926	298	297	278	8	296	3	277	179
5	9	40.458	262	297	292	44	297	28	281	179
5	66	39.068	279	297	296	12	283	3	271	179
5	56	42.041	245	297	299	45	279	32	270	179
5	86	40.076	262	297	281	44	296	28	280	178
5	80	39.929	283	297	298	4	272	4	276	178
5	79	38.846	260	297	281	44	295	28	279	178
5	84	39.313	262	297	281	44	296	28	281	177
5	44	39.636	275	297	282	39	296	18	281	177
5	8	38.710	310	297	302	1	296	3	301	177
5	108	41.564	243	297	284	44	271	23	262	176
5	91	38.078	281	297	298	4	271	4	275	176
5	71	40.143	279	297	295	4	271	2	272	176
5	15	40.074	272	297	281	39	297	18	278	175
5	7	41.065	263	297	283	44	297	28	280	175
5	17	37.415	294	297	289	12	295	3	279	175
5	53	38.406	276	297	295	12	280	3	267	175
5	61	37.288	295	297	295	16	297	11	289	175
5	100	35.932	295	297	296	4	282	2	283	174
5	90	40.244	246	297	281	44	280	28	267	172
5	31	40.343	233	297	298	44	267	28	254	172
5	76	38.931	262	297	281	44	296	28	280	172
5	46	38.078	281	297	294	4	271	2	271	172
5	62	39.130	276	297	287	35	296	22	286	171
5	107	39.163	263	297	281	41	295	25	279	170
5	18	41.004	239	297	261	45	271	1	238	169
5	24	39.921	253	297	273	46	296	33	266	169
5	36	39.927	273	297	293	41	296	28	292	169
5	70	38.583	254	297	288	41	282	28	274	167
5	19	36.393	305	297	288	4	296	2	287	167
5	114	36.691	278	297	272	2	279	1	246	162
5	82	39.316	234	297	274	46	279	33	247	162
5	88	37.113	291	297	272	2	291	1	256	159
5	51	39.167	240	297	275	46	283	34	254	158
5	30	37.175	269	297	274	12	279	3	246	158
5	77	37.052	251	297	273	46	294	33	264	158
5	89	35.231	281	297	272	2	279	1	246	156
5	98	34.532	278	297	272	2	279	1	246	155
5	60	36.694	248	297	274	46	293	34	262	154
5	38	36.491	285	297	276	2	283	3	255	154
5	43	35.563	284	297	273	2	283	2	254	154
5	27	34.686	271	297	271	12	282	3	249	152
5	78	34.520	281	297	274	2	280	1	248	150
5	109	35.316	269	297	273	12	279	3	246	149
5	85	34.892	278	297	274	2	279	1	246	149
5	49	34.686	271	297	278	9	279	2	249	147
5	124	37.021	235	297	272	46	279	33	246	145
5	99	34.298	242	297	275	47	286	34	256	145
50	50	100.000	294	294	294	1	294	1	294	617
50	53	81.695	295	294	295	1	294	1	295	512
50	12	82.432	296	294	293	1	294	1	293	499
50	66	78.378	296	294	296	1	294	1	296	492
50	123	75.170	294	294	294	1	292	1	293	461
50	59	74.237	295	294	294	1	294	1	294	456
50	48	75.170	294	294	289	1	294	1	289	454
50	26	74.237	295	294	292	1	294	1	292	452
50	75	72.635	296	294	291	1	294	1	291	444
50	33	67.905	296	294	296	1	294	1	296	424
50	92	69.595	296	294	293	1	294	1	293	422
50	47	67.224	299	294	299	1	294	1	299	422
50	102	68.581	296	294	293	1	294	1	293	420
50	34	70.169	295	294	288	1	294	1	288	419
50	56	67.667	300	294	299	1	293	1	299	417
50	61	67.450	298	294	295	1	294	1	295	415
50	68	66.887	302	294	298	1	294	1	298	412
50	122	60.339	295	294	290	1	294	1	290	370
50	129	60.000	295	294	289	1	294	1	289	365
50	24	47.619	273	294	273	1	271	1	253	247
50	88	48.315	267	294	272	1	265	1	246	245
50	38	47.101	276	294	276	1	273	3	257	241
50	114	47.619	273	294	272	1	270	1	252	240
50	78	46.241	266	294	274	1	265	1	245	239
50	43	45.896	268	294	273	1	265	2	248	238
50	109	46.014	276	294	273	1	273	1	255	237
50	85	46.377	276	294	274	1	274	1	255	237
50	77	45.318	267	294	273	1	265	1	247	237
50	89	42.069	290	294	272	1	288	1	265	234
50	100	46.290	283	294	296	3	266	2	281	235
50	30	45.693	267	294	274	1	265	1	246	234
50	46	47.778	270	294	294	3	257	2	271	235
50	91	44.765	277	294	298	3	262	4	280	234
50	99	44.027	293	294	275	1	286	1	273	232
50	124	45.455	275	294	272	1	270	1	254	231
50	98	44.944	267	294	272	1	265	1	246	231
50	27	43.636	275	294	271	1	273	1	254	231
50	82	45.421	273	294	274	1	270	1	253	230
50	51	44.928	276	294	275	1	273	2	256	229
50	80	44.765	277	294	298	3	262	4	280	229
50	18	48.996	249	294	261	32	268	1	248	228
50	71	44.074	270	294	295	1	258	4	273	228
50	60	43.841	276	294	274	1	273	2	256	227
50	49	44.776	268	294	278	1	265	3	249	226
50	32	43.321	277	294	303	17	280	27	299	225
50	44	43.972	282	294	282	1	266	1	268	223
50	6	43.165	278	294	303	3	257	2	279	223
50	54	44.689	273	294	278	2	268	2	266	221
50	17	43.590	273	294	289	1	267	1	268	222
50	117	44.444	270	294	282	1	265	1	264	221
50	95	46.304	257	294	291	17	265	14	267	220
50	28	42.857	266	294	292	9	268	6	269	219
50	23	42.500	280	294	304	2	257	2	281	219
50	76	43.657	268	294	281	8	266	5	267	219
50	36	43.662	284	294	293	4	270	4	281	219
50	84	43.071	267	294	281	8	267	5	268	218
50	70	45.382	249	294	288	28	266	28	272	216
50	10	44.048	252	294	307	21	257	33	284	217
50	37	42.435	271	294	300	1	265	1	266	216
50	57	44.737	266	294	294	13	266	6	264	216
50	3	40.876	274	294	301	3	257	6	279	216
50	15	42.701	274	294	281	2	268	2	266	215
50	90	42.164	268	294	281	8	268	5	269	215
50	106	44.828	261	294	284	12	266	4	259	215
50	64	42.754	276	294	300	3	257	4	276	215
50	9	43.396	265	294	292	7	265	4	266	214
50	79	42.593	270	294	281	3	266	3	267	214
50	101	42.697	267	294	292	8	268	5	269	214
50	58	44.151	265	294	309	28	278	42	303	214
50	128	41.353	266	294	290	16	269	10	268	213
50	86	42.435	271	294	281	3	267	3	268	213
50	62	46.914	243	294	287	32	265	32	271	213
50	55	42.754	276	294	297	1	266	1	268	213
50	19	44.400	250	294	288	23	265	23	271	212
50	7	42.066	271	294	283	8	268	5	268	211
50	96	44.444	261	294	287	12	265	9	266	211
50	31	41.636	269	294	298	8	268	5	269	211
50	111	42.007	269	294	276	12	269	3	265	210
50	108	41.339	254	294	284	17	257	9	262	210
50	39	41.887	265	294	292	9	267	6	268	210
50	29	42.007	269	294	287	12	269	3	265	209
50	87	42.276	246	294	313	32	265	36	281	209
50	8	41.924	291	294	302	3	274	6	293	208
50	125	42.023	257	294	292	18	265	9	264	208
50	112	42.800	250	294	286	23	266	20	264	207
50	41	41.017	295	294	288	3	290	3	283	207
50	121	42.481	266	294	279	12	266	2	261	206
50	16	43.651	252	294	292	23	265	20	267	207
50	126	42.537	268	294	283	2	259	2	261	205
50	65	43.629	259	294	287	15	267	7	263	205
50	69	42.910	268	294	283	1	259	5	261	204
50	4	42.339	248	294	309	32	269	36	283	204
50	81	42.570	249	294	286	17	257	8	253	204
50	94	42.797	236	294	271	32	257	36	271	202
50	22	42.972	249	294	281	25	265	22	266	201
50	107	42.169	249	294	281	25	267	22	268	200
50	103	41.606	274	294	283	2	265	2	267	198
50	52	40.892	269	294	284	3	265	6	266	198
50	20	43.548	248	294	295	24	265	38	279	198
50	120	40.288	278	294	285	2	269	2	273	197
50	63	41.825	263	294	283	3	259	7	261	196
50	45	42.692	260	294	283	3	257	7	258	195
50	73	42.701	274	294	275	3	269	3	263	194
50	127	42.636	258	294	283	3	253	8	256	194
50	42	43.373	249	294	294	23	265	35	276	194
50	67	40.071	282	294	295	1	265	2	277	193
50	83	42.917	240	294	296	32	265	44	278	192
50	72	43.600	250	294	296	23	265	35	277	192
50	116	43.443	244	294	296	32	269	44	282	192
50	118	40.078	257	294	284	23	274	27	275	191
50	115	42.570	249	294	296	23	265	36	278	191
50	105	38.489	278	294	283	3	274	5	274	189
50	97	41.065	263	294	288	3	257	7	262	190
50	104	38.489	278	294	283	3	274	6	275	189
50	40	39.209	278	294	288	1	268	2	273	188
50	13	42.570	249	294	305	23	265	37	279	189
50	5	40.511	274	294	297	3	266	12	280	187
50	74	43.320	247	294	274	17	257	15	250	186
50	11	41.502	253	294	298	23	269	36	282	186
50	35	36.704	267	294	282	2	259	2	260	184
50	93	40.873	252	294	297	23	265	36	279	185
50	2	40.873	252	294	297	23	265	36	279	185
50	14	39.847	261	294	291	3	257	12	266	184
50	1	39.847	261	294	305	3	257	12	266	184
50	25	39.700	267	294	296	5	265	18	278	183
50	110	36.918	279	294	295	3	268	8	280	179
50	119	40.586	239	294	274	20	253	19	246	174
50	21	39.231	260	294	280	3	257	7	255	170
51	51	100.000	275	275	275	1	275	1	275	575
51	60	78.986	276	275	274	1	275	1	274	453
51	38	74.088	274	275	276	1	273	2	271	428
51	43	72.364	275	275	273	1	275	1	273	426
51	49	69.314	277	275	278	1	275	2	278	413
51	27	64.338	272	275	271	2	273	1	269	381
51	114	64.835	273	275	272	2	273	1	270	374
51	88	60.949	274	275	272	2	275	1	272	369
51	30	62.409	274	275	274	2	275	1	272	368
51	77	61.538	273	275	273	2	273	1	271	367
51	98	62.182	275	275	272	2	275	1	272	365
51	89	60.584	274	275	272	2	275	1	272	362
51	82	61.091	275	275	274	2	275	1	272	360
51	124	61.538	273	275	272	2	274	1	271	360
51	99	62.182	275	275	275	2	275	1	272	359
51	78	60.949	274	275	274	2	273	1	272	359
51	85	59.489	274	275	274	2	275	1	271	354
51	109	57.664	274	275	273	2	275	1	273	353
51	24	58.029	274	275	273	2	273	1	271	337
51	33	47.584	269	275	296	2	248	1	267	239
51	66	46.739	276	275	296	2	255	1	272	239
51	12	45.848	277	275	293	2	256	1	275	238
51	92	46.840	269	275	293	2	248	1	267	237
51	56	46.324	272	275	299	2	248	1	270	235
51	47	42.617	298	275	299	2	275	1	288	234
51	129	45.865	266	275	289	2	248	1	264	233
51	102	46.691	272	275	293	2	248	1	267	233
51	48	44.689	273	275	289	2	254	1	269	230
51	53	45.353	269	275	295	2	248	1	266	231
51	123	44.727	275	275	294	2	254	1	273	229
51	50	44.928	276	275	294	2	256	1	273	229
51	59	45.522	268	275	294	2	248	1	266	228
51	26	45.896	268	275	292	2	248	1	266	227
51	61	43.173	271	275	295	2	248	1	269	227
51	68	41.275	298	275	298	2	275	1	289	226
51	75	44.737	266	275	291	2	248	1	264	223
51	122	43.985	266	275	290	2	248	1	264	222
51	34	43.019	265	275	288	2	248	1	263	214
51	71	39.560	273	275	295	1	241	3	273	201
51	91	40.364	275	275	298	2	243	6	278	200
51	100	41.569	255	275	296	18	240	21	273	196
51	46	39.338	272	275	294	1	240	3	271	196
51	106	37.868	272	275	284	13	263	4	271	192
51	23	39.689	257	275	304	18	240	27	281	189
51	80	37.868	272	275	298	2	240	6	275	187
51	65	38.722	266	275	287	16	257	7	268	186
51	18	41.004	239	275	261	34	240	2	238	183
51	101	37.698	252	275	292	15	242	11	260	184
51	125	40.769	260	275	292	18	249	11	265	183
51	84	37.218	266	275	281	8	248	3	266	182
51	17	37.407	270	275	289	15	260	11	278	182
51	118	40.152	264	275	284	1	248	3	266	181
51	32	37.008	254	275	303	18	240	27	280	181
51	57	35.145	276	275	294	10	260	2	275	181
51	16	37.956	274	275	292	1	248	1	267	180
51	111	37.931	261	275	276	13	248	3	261	179
51	29	37.931	261	275	287	13	248	3	261	179
51	76	36.842	266	275	281	8	248	3	266	179
51	127	39.326	267	275	283	4	254	8	272	179
51	117	35.448	268	275	282	15	260	11	276	178
51	15	36.000	275	275	281	8	260	3	275	178
51	3	38.039	255	275	301	18	240	27	279	179
51	44	36.466	266	275	282	18	258	14	275	178
51	39	37.729	273	275	292	1	248	1	266	178
51	54	36.782	261	275	278	10	249	6	264	177
51	128	35.793	271	275	290	17	262	10	278	178
51	45	40.000	280	275	283	3	263	2	276	177
51	22	36.293	259	275	281	18	252	14	270	177
51	64	36.900	271	275	300	2	240	6	276	177
51	121	35.249	261	275	279	13	248	2	260	177
51	10	36.567	268	275	307	18	252	31	293	177
51	73	41.152	243	275	275	34	263	32	269	176
51	9	36.226	265	275	292	8	248	4	266	176
51	96	38.846	260	275	287	13	248	9	266	176
51	6	40.249	241	275	303	34	240	41	279	176
51	95	36.194	268	275	291	18	260	14	279	176
51	69	38.996	259	275	283	1	242	4	261	175
51	74	40.244	246	275	274	34	267	32	272	175
51	90	37.023	262	275	281	11	248	7	266	175
51	31	36.260	262	275	298	11	248	7	266	175
51	81	35.547	256	275	286	18	248	8	261	174
51	70	38.768	276	275	288	8	248	2	271	174
51	28	36.923	260	275	292	13	248	9	266	174
51	108	37.109	256	275	284	18	240	9	262	172
51	35	38.224	259	275	282	3	242	2	260	172
51	107	34.572	269	275	281	8	252	4	270	172
51	41	36.434	258	275	288	15	248	11	266	172
51	55	37.109	256	275	297	18	248	14	267	172
51	103	38.824	255	275	283	4	242	7	261	171
51	87	38.931	262	275	313	34	263	37	298	172
51	40	37.931	261	275	288	8	240	4	262	171
51	112	37.931	261	275	286	1	240	1	255	171
51	52	38.783	263	275	284	2	248	4	266	171
51	4	39.474	266	275	309	34	267	37	300	171
51	126	39.695	262	275	283	3	242	2	261	170
51	37	35.955	267	275	300	18	260	14	278	171
51	36	39.051	274	275	293	12	248	6	276	170
51	58	39.419	241	275	309	34	240	47	285	170
51	104	38.722	266	275	283	2	248	4	266	169
51	63	39.535	258	275	283	4	244	7	263	169
51	97	39.062	256	275	288	4	240	7	262	169
51	105	37.931	261	275	283	4	248	5	265	168
51	79	34.457	267	275	281	8	249	3	267	168
51	8	37.255	255	275	302	18	240	27	279	168
51	94	40.928	237	275	271	34	240	37	271	167
51	19	38.828	273	275	288	14	252	7	275	167
51	7	35.249	261	275	283	11	248	7	265	166
51	86	34.420	276	275	281	10	257	2	273	164
51	119	40.175	229	275	274	34	248	32	258	164
51	115	36.431	269	275	296	2	240	2	270	164
51	62	38.431	255	275	287	24	248	23	271	163
51	116	38.889	234	275	296	34	248	45	278	160
51	93	38.494	239	275	297	29	248	41	279	160
51	2	38.494	239	275	297	29	248	41	279	160
51	20	38.912	239	275	295	28	248	41	279	160
51	120	34.066	273	275	285	3	253	2	274	159
51	83	36.735	245	275	296	34	259	45	289	159
51	11	36.296	270	275	298	1	240	1	270	159
51	5	39.167	240	275	297	34	254	46	283	158
51	72	39.111	225	275	296	34	240	45	269	158
51	21	35.907	259	275	280	1	244	1	259	156
51	13	36.431	269	275	305	10	254	22	289	156
51	42	35.000	280	275	294	1	248	1	276	151
51	67	36.444	225	275	295	34	240	45	269	151
51	14	36.330	267	275	291	1	240	1	266	148
51	1	36.330	267	275	305	1	240	1	266	148
51	110	36.287	237	275	295	31	249	42	278	148
51	25	35.656	244	275	296	16	240	27	270	146
52	52	100.000	284	284	284	1	284	1	284	585
52	118	85.915	284	284	284	1	284	1	284	514
52	105	81.690	284	284	283	1	284	1	283	487
52	104	76.678	283	284	283	1	283	1	283	454
52	45	72.401	279	284	283	6	284	7	283	418
52	126	70.922	282	284	283	6	283	3	283	407
52	35	67.972	281	284	282	6	283	3	282	386
52	69	61.348	282	284	283	2	283	3	283	374
52	63	62.411	282	284	283	2	283	3	283	363
52	103	63.082	279	284	283	6	284	7	283	362
52	127	60.289	277	284	283	6	282	8	283	352
52	119	54.255	282	284	274	3	282	4	273	286
52	74	53.184	267	284	274	19	283	14	274	271
52	73	53.383	266	284	275	3	266	1	259	268
52	21	52.124	259	284	280	2	260	3	257	256
52	97	50.379	264	284	288	2	259	3	263	251
52	25	45.302	298	284	296	4	283	6	296	243
52	72	46.296	270	284	296	4	259	6	270	243
52	40	50.000	266	284	288	3	259	1	263	241
52	42	45.788	273	284	294	3	259	1	269	239
52	115	46.097	269	284	296	4	259	6	271	236
52	67	47.212	269	284	295	4	259	6	270	236
52	14	44.291	289	284	291	4	283	6	291	233
52	93	44.245	278	284	297	4	267	6	280	233
52	2	44.245	278	284	297	4	267	6	280	233
52	1	44.291	289	284	305	4	283	6	291	233
52	5	44.599	287	284	297	3	271	1	283	231
52	116	45.353	269	284	296	4	259	6	271	228
52	11	45.725	269	284	298	4	259	6	271	226
52	110	44.118	272	284	295	3	258	1	269	226
52	120	45.296	287	284	285	6	282	3	284	225
52	20	45.977	261	284	295	6	259	16	272	224
52	83	42.321	293	284	296	4	283	6	295	222
52	13	42.909	275	284	305	3	259	1	272	216
52	123	41.544	272	284	294	6	268	3	269	206
52	87	45.161	248	284	313	36	266	36	281	204
52	12	39.024	287	284	293	6	283	3	276	198
52	50	40.892	269	284	294	6	266	3	265	198
52	96	42.636	258	284	287	19	266	13	266	197
52	55	44.118	238	284	297	32	258	25	259	197
52	81	44.672	244	284	286	34	266	21	261	196
52	29	42.857	252	284	287	19	259	7	254	196
52	111	42.857	252	284	276	19	259	7	254	196
52	53	41.096	292	284	295	6	280	3	283	193
52	128	40.833	240	284	290	32	260	22	258	193
52	4	41.219	279	284	309	19	281	19	292	193
52	33	38.148	270	284	296	6	266	3	267	193
52	48	40.824	267	284	289	25	283	21	272	192
52	31	40.672	268	284	298	3	260	1	260	191
52	32	39.427	279	284	303	6	258	2	280	191
52	94	42.578	256	284	271	19	258	19	271	189
52	79	41.045	268	284	281	3	260	1	260	189
52	26	40.996	261	284	292	6	258	3	258	189
52	125	40.551	254	284	292	17	259	8	257	189
52	102	41.887	265	284	293	25	276	21	275	188
52	88	40.602	266	284	272	6	271	3	247	187
52	54	40.909	264	284	278	4	260	5	257	187
52	6	37.410	278	284	303	6	258	2	279	188
52	10	38.909	275	284	307	22	278	33	303	187
52	122	39.777	269	284	290	6	268	3	266	187
52	30	41.762	261	284	274	6	264	3	245	186
52	61	37.801	291	284	295	6	282	3	288	187
52	57	39.689	257	284	294	15	260	5	257	187
52	64	39.636	275	284	300	4	258	6	276	187
52	95	39.925	268	284	291	2	258	3	259	186
52	71	38.290	269	284	295	4	258	4	272	186
52	46	39.483	271	284	294	8	258	3	271	186
52	23	36.786	280	284	304	6	258	3	281	186
52	68	38.652	282	284	298	6	276	3	277	186
52	16	40.234	256	284	292	30	274	23	269	185
52	66	39.630	270	284	296	6	266	3	267	184
52	65	42.085	259	284	287	12	260	1	255	184
52	28	41.860	258	284	292	14	260	7	260	184
52	18	42.017	238	284	261	36	258	1	238	182
52	75	40.824	267	284	291	27	282	23	284	183
52	117	41.245	257	284	282	10	258	3	256	183
52	124	40.711	253	284	272	6	258	3	238	182
52	92	40.000	270	284	293	6	266	3	267	183
52	106	41.406	256	284	284	19	266	8	258	182
52	91	36.014	286	284	298	4	270	6	291	183
52	80	36.331	278	284	298	6	264	4	281	183
52	58	40.078	257	284	309	19	258	30	285	183
52	47	38.636	264	284	299	6	258	3	260	182
52	121	39.044	251	284	279	19	258	6	252	181
52	59	37.918	269	284	294	6	266	3	266	181
52	41	42.678	239	284	288	32	260	25	260	181
52	37	38.403	263	284	300	6	258	7	258	181
52	100	36.900	271	284	296	4	259	4	274	181
52	43	39.007	282	284	273	4	283	2	266	180
52	34	39.098	266	284	288	6	266	3	263	181
52	15	43.534	232	284	281	36	260	29	257	180
52	76	38.225	293	284	281	3	284	1	281	180
52	7	40.672	268	284	283	2	260	3	259	180
52	60	40.304	263	284	274	4	264	2	247	180
52	38	37.455	275	284	276	4	277	3	261	180
52	39	41.667	240	284	292	30	259	23	259	180
52	9	37.241	290	284	292	3	282	1	279	180
52	86	39.179	268	284	281	3	259	1	259	179
52	84	37.091	275	284	281	3	263	1	263	179
52	49	37.956	274	284	278	4	277	3	260	178
52	3	37.857	280	284	301	3	258	3	279	179
52	89	39.114	271	284	272	6	276	3	252	177
52	56	38.491	265	284	299	6	258	3	262	178
52	44	41.102	236	284	282	36	260	29	261	177
52	109	38.189	254	284	273	6	259	3	239	176
52	129	39.405	269	284	289	6	268	3	266	177
52	22	41.423	239	284	281	32	260	25	260	176
52	90	38.202	267	284	281	3	259	1	259	176
52	107	39.474	266	284	281	3	258	1	258	176
52	70	35.172	290	284	288	6	282	2	287	175
52	77	35.897	273	284	273	6	278	3	259	174
52	36	38.516	283	284	293	18	282	17	292	174
52	112	39.768	259	284	286	8	258	1	255	173
52	78	36.131	274	284	274	6	279	3	255	172
52	19	37.838	296	284	288	3	283	3	287	172
52	101	37.201	293	284	292	2	284	3	274	173
52	17	37.453	267	284	289	6	258	3	258	172
52	114	40.316	253	284	272	6	258	3	238	171
52	24	36.823	277	284	273	6	282	3	259	171
52	62	36.177	293	284	287	3	282	3	286	171
52	51	38.783	263	284	275	4	266	2	248	171
52	108	37.449	243	284	284	32	258	20	262	171
52	8	36.299	281	284	302	3	258	3	279	167
52	82	37.184	277	284	274	6	270	3	261	163
52	98	36.015	261	284	272	6	266	3	246	161
52	85	36.759	253	284	274	6	258	3	238	160
52	27	35.556	270	284	271	6	273	3	249	159
52	99	37.719	228	284	275	32	258	28	239	150
53	53	100.000	295	295	295	1	295	1	295	619
53	12	83.784	296	295	293	1	295	1	293	528
53	66	81.081	296	295	296	1	295	1	296	518
53	50	81.695	295	295	294	1	295	1	294	512
53	123	74.150	294	295	294	1	293	1	293	473
53	48	73.898	295	295	289	1	295	1	289	456
53	26	72.333	300	295	292	1	295	1	292	455
53	59	72.391	297	295	294	1	295	1	294	450
53	75	73.064	297	295	291	1	295	1	291	449
53	102	69.257	296	295	293	1	295	1	293	431
53	92	67.905	296	295	293	1	295	1	293	430
53	33	67.230	296	295	296	1	295	1	296	427
53	34	68.581	296	295	288	1	295	1	288	421
53	47	65.886	299	295	299	1	295	1	299	417
53	61	65.436	298	295	295	1	295	1	295	417
53	68	66.107	298	295	298	1	295	1	298	417
53	56	65.333	300	295	299	1	294	1	299	413
53	122	62.838	296	295	290	1	295	1	290	387
53	129	61.824	296	295	289	1	295	1	289	375
53	88	48.507	268	295	272	1	266	1	246	247
53	43	44.898	294	295	273	1	286	2	273	243
53	24	47.778	270	295	273	1	267	1	248	242
53	30	45.788	273	295	274	1	270	1	251	241
53	109	43.919	296	295	273	1	286	1	273	239
53	85	46.350	274	295	274	1	272	1	252	237
53	38	42.905	296	295	276	1	289	3	276	236
53	78	46.442	267	295	274	1	266	1	245	236
53	49	45.725	269	295	278	1	266	3	249	236
53	100	45.745	282	295	296	3	267	2	281	236
53	114	46.269	268	295	272	1	266	1	246	235
53	77	43.321	277	295	273	1	275	1	256	234
53	89	45.149	268	295	272	1	266	1	246	234
53	82	44.403	268	295	274	1	266	1	247	233
53	91	42.960	277	295	298	3	263	4	280	233
53	71	43.448	290	295	295	3	280	6	293	233
53	99	44.403	268	295	275	1	266	1	247	231
53	51	45.353	269	295	275	1	266	2	248	231
53	27	43.956	273	295	271	1	271	1	251	230
53	124	44.565	276	295	272	1	271	1	254	229
53	17	44.364	275	295	289	1	268	1	268	229
53	46	44.815	270	295	294	3	258	2	271	228
53	98	43.956	273	295	272	1	271	1	251	227
53	60	44.981	269	295	274	1	266	2	248	225
53	23	42.143	280	295	304	2	258	2	281	224
53	54	43.636	275	295	278	2	269	2	266	222
53	44	42.029	276	295	282	1	267	1	268	223
53	80	41.877	277	295	298	3	263	4	280	222
53	6	42.199	282	295	303	3	258	2	279	222
53	10	41.812	287	295	307	3	258	2	284	221
53	58	45.382	249	295	309	28	263	42	290	220
53	117	42.066	271	295	282	1	266	1	264	219
53	70	45.528	246	295	288	28	267	28	272	219
53	18	45.000	260	295	261	32	280	1	259	217
53	7	41.791	268	295	283	8	269	5	268	218
53	76	42.751	269	295	281	8	267	5	267	217
53	32	43.411	258	295	303	17	258	27	280	218
53	36	42.160	287	295	293	10	283	10	290	217
53	3	40.727	275	295	301	3	258	6	279	217
53	111	40.613	261	295	276	12	266	3	261	216
53	84	41.636	269	295	281	8	268	5	268	216
53	29	40.613	261	295	287	12	266	3	261	216
53	28	41.573	267	295	292	12	269	9	269	216
53	57	41.667	276	295	294	17	286	10	278	216
53	62	45.387	271	295	287	23	283	23	284	215
53	64	42.909	275	295	300	3	258	4	276	215
53	112	41.026	273	295	286	17	281	14	280	215
53	9	41.418	268	295	292	7	266	4	266	214
53	108	41.473	258	295	284	17	258	9	262	214
53	15	41.455	275	295	281	2	269	2	266	214
53	81	41.786	280	295	286	17	289	8	279	214
53	106	42.586	263	295	284	12	267	4	259	213
53	19	45.200	250	295	288	23	266	23	271	213
53	31	40.809	272	295	298	8	269	5	269	213
53	79	41.912	272	295	281	3	267	3	267	212
53	39	41.887	265	295	292	10	268	7	268	212
53	128	39.847	261	295	290	16	269	10	267	211
53	95	44.094	254	295	291	23	266	20	267	211
53	101	41.887	265	295	292	14	269	11	269	211
53	107	41.199	267	295	281	8	268	5	268	210
53	37	39.636	275	295	300	17	286	14	281	209
53	16	42.085	259	295	292	17	266	14	267	209
53	96	40.860	279	295	287	12	276	9	284	207
53	65	42.692	260	295	287	15	268	7	263	207
53	90	39.338	272	295	281	8	269	5	269	206
53	41	41.091	275	295	288	3	269	3	269	206
53	8	41.455	275	295	302	3	258	6	279	206
53	55	40.794	277	295	297	1	267	1	268	206
53	22	39.706	272	295	281	2	266	2	266	204
53	69	41.237	291	295	283	1	283	5	280	203
53	87	42.339	248	295	313	32	266	36	281	204
53	121	39.394	264	295	279	12	267	2	261	202
53	125	38.996	259	295	292	17	266	8	264	202
53	86	41.379	261	295	281	26	277	23	279	202
53	127	43.233	266	295	283	3	260	8	262	199
53	63	42.481	266	295	283	3	260	7	261	198
53	4	41.296	247	295	309	32	267	36	280	198
53	103	44.444	270	295	283	3	266	11	267	197
53	94	41.597	238	295	271	32	258	36	271	194
53	126	42.222	270	295	283	2	260	2	261	194
53	52	41.096	292	295	284	3	283	6	280	193
53	104	40.741	270	295	283	3	266	6	266	193
53	35	37.801	291	295	282	2	283	2	279	192
53	45	40.559	286	295	283	3	283	7	279	192
53	105	39.236	288	295	283	3	283	5	279	187
53	118	41.353	266	295	284	24	283	29	280	187
53	20	39.502	281	295	295	3	266	8	279	187
53	115	38.489	278	295	296	3	266	8	278	185
53	42	38.869	283	295	294	1	266	2	276	184
53	116	43.265	245	295	296	32	269	44	281	184
53	74	41.532	248	295	274	17	258	15	250	182
53	40	35.439	285	295	288	1	275	2	279	182
53	120	36.957	276	295	285	1	266	1	269	181
53	83	40.249	241	295	296	32	266	44	278	181
53	72	36.823	277	295	296	3	266	8	277	181
53	97	40.377	265	295	288	3	258	7	262	180
53	67	39.286	252	295	295	21	266	33	277	180
53	11	37.631	287	295	298	1	269	2	281	178
53	14	37.786	262	295	291	3	258	12	266	177
53	1	37.786	262	295	305	3	258	12	266	177
53	110	36.842	285	295	295	3	269	8	280	176
53	13	40.249	241	295	305	32	266	46	279	176
53	5	38.406	276	295	297	3	267	12	280	175
53	73	39.700	267	295	275	17	276	15	262	174
53	25	38.776	245	295	296	28	266	41	278	174
53	93	37.545	277	295	297	3	266	12	279	172
53	2	37.545	277	295	297	3	266	12	279	172
53	119	38.672	256	295	274	20	270	19	262	169
53	21	37.931	261	295	280	3	258	7	255	165
54	54	100.000	278	278	278	1	278	1	278	580
54	15	79.783	277	278	281	1	277	1	277	477
54	7	80.287	279	278	283	1	277	1	279	471
54	117	78.777	278	278	282	2	277	2	278	459
54	22	75.801	281	278	281	1	278	1	281	454
54	44	75.445	281	278	282	2	278	2	282	446
54	101	75.547	274	278	292	6	276	6	279	436
54	107	70.819	281	278	281	1	278	1	281	431
54	84	71.530	281	278	281	1	278	1	281	431
54	17	72.924	277	278	289	3	276	3	279	429
54	76	71.277	282	278	281	1	278	1	281	423
54	41	71.223	278	278	288	1	275	1	278	423
54	31	70.000	280	278	298	1	277	1	280	421
54	9	71.685	279	278	292	1	276	1	279	420
54	65	74.340	265	278	287	14	275	9	273	414
54	95	69.751	281	278	291	1	277	1	281	414
54	28	69.892	279	278	292	1	276	1	279	412
54	79	68.100	279	278	281	1	276	1	279	410
54	55	68.478	276	278	297	4	275	4	279	405
54	16	68.953	277	278	292	4	276	4	280	402
54	86	68.327	281	278	281	1	278	1	281	399
54	90	66.192	281	278	281	1	278	1	281	394
54	37	67.025	279	278	300	3	277	3	280	393
54	39	69.708	274	278	292	6	276	6	279	392
54	112	66.544	272	278	286	5	276	5	276	391
54	106	69.732	261	278	284	14	274	9	269	387
54	81	65.926	270	278	286	12	277	6	275	380
54	128	65.789	266	278	290	14	275	11	276	379
54	111	65.056	269	278	276	14	278	8	276	371
54	29	65.056	269	278	287	14	278	8	276	371
54	57	66.165	266	278	294	14	275	10	275	371
54	121	67.286	269	278	279	11	275	4	272	370
54	96	68.030	269	278	287	12	275	12	278	369
54	125	65.299	268	278	292	14	277	11	278	364
54	23	45.752	306	278	304	1	277	1	303	261
54	91	48.364	275	278	298	3	256	4	276	255
54	100	47.810	274	278	296	3	255	2	273	254
54	71	48.496	266	278	295	3	255	10	272	252
54	46	48.966	290	278	294	3	277	9	293	251
54	6	49.254	268	278	303	17	269	28	292	251
54	80	48.175	274	278	298	3	255	4	275	249
54	32	51.181	254	278	303	16	255	29	280	249
54	64	46.642	268	278	300	24	278	34	299	248
54	18	48.679	265	278	261	29	277	1	260	245
54	123	45.833	288	278	294	2	275	2	284	243
54	58	47.656	256	278	309	15	255	32	285	243
54	10	50.000	250	278	307	22	255	37	284	238
54	66	46.520	273	278	296	2	265	2	269	237
54	3	47.451	255	278	301	14	255	27	279	238
54	48	46.840	269	278	289	2	263	2	263	235
54	92	46.863	271	278	293	2	263	2	267	233
54	108	46.484	256	278	284	14	255	9	262	233
54	59	44.161	274	278	294	2	267	2	270	232
54	8	48.507	268	278	302	3	255	14	279	232
54	12	44.876	283	278	293	2	273	2	278	232
54	26	43.015	272	278	292	2	265	2	268	226
54	56	44.674	291	278	299	2	277	2	285	225
54	61	43.151	292	278	295	2	277	2	288	223
54	33	43.590	273	278	296	2	265	2	269	223
54	53	43.636	275	278	295	2	266	2	269	222
54	75	42.910	268	278	291	2	263	2	264	222
54	50	44.689	273	278	294	2	266	2	268	221
54	129	44.403	268	278	289	2	263	2	264	221
54	102	43.902	287	278	293	2	278	2	283	221
54	4	44.776	268	278	309	7	263	13	279	221
54	122	44.161	274	278	290	2	269	2	270	220
54	94	45.769	260	278	271	7	255	13	271	219
54	34	44.231	260	278	288	2	256	2	256	219
54	87	43.299	291	278	313	7	277	13	303	220
54	47	44.000	275	278	299	2	265	2	270	219
54	68	44.928	276	278	298	2	266	2	271	218
54	19	41.111	270	278	288	3	263	6	271	216
54	62	41.724	290	278	287	1	277	1	286	214
54	36	40.893	291	278	293	3	278	6	292	214
54	70	39.863	291	278	288	1	277	1	287	213
54	24	41.948	267	278	273	2	264	2	248	203
54	120	41.007	278	278	285	1	264	1	270	201
54	105	39.179	268	278	283	1	265	7	267	201
54	104	41.980	293	278	283	4	278	3	283	201
54	109	40.502	279	278	273	2	274	2	259	196
54	115	40.134	299	278	296	2	275	3	293	196
54	118	38.869	283	278	284	1	278	8	283	196
54	114	39.925	268	278	272	2	264	2	247	192
54	40	43.243	259	278	288	28	277	36	286	192
54	35	38.062	289	278	282	1	278	1	282	191
54	77	39.925	268	278	273	2	264	2	248	190
54	89	39.326	267	278	272	2	264	2	247	189
54	82	40.075	267	278	274	2	264	2	248	189
54	78	38.095	273	278	274	2	271	2	253	189
54	30	40.449	267	278	274	2	264	2	247	188
54	124	39.326	267	278	272	2	264	2	247	188
54	52	40.909	264	278	284	5	257	4	260	187
54	45	41.852	270	278	283	1	255	1	258	186
54	127	39.785	279	278	283	3	277	12	283	186
54	69	40.152	264	278	283	19	278	27	283	186
54	88	37.828	267	278	272	2	264	2	247	184
54	72	40.345	290	278	296	3	268	4	282	184
54	103	40.364	275	278	283	1	264	1	268	184
54	97	40.288	278	278	288	14	278	21	288	184
54	74	40.458	262	278	274	1	258	1	253	182
54	27	37.868	272	278	271	5	274	8	257	181
54	25	40.339	295	278	296	1	278	10	296	182
54	85	38.202	267	278	274	2	264	2	247	181
54	83	37.710	297	278	296	3	277	8	295	181
54	49	39.179	268	278	278	2	264	4	250	180
54	119	40.909	264	278	274	19	277	21	273	180
54	60	37.692	260	278	274	7	264	11	249	179
54	98	35.379	277	278	272	2	273	2	257	179
54	38	37.918	269	278	276	2	264	4	250	179
54	5	38.926	298	278	297	3	277	8	296	179
54	73	39.695	262	278	275	1	258	1	254	178
54	51	36.782	261	278	275	6	264	10	249	177
54	126	38.346	266	278	283	1	255	1	259	178
54	63	39.858	281	278	283	3	278	11	283	178
54	14	39.057	297	278	291	2	278	3	291	177
54	99	36.704	267	278	275	2	264	2	248	176
54	67	37.500	304	278	295	2	277	3	294	177
54	11	37.966	295	278	298	2	274	3	289	177
54	1	39.057	297	278	305	2	278	3	291	177
54	43	36.742	264	278	273	3	264	8	249	176
54	20	38.000	300	278	295	3	278	4	295	175
54	110	38.846	260	278	295	28	277	43	294	174
54	42	38.491	265	278	294	17	274	32	287	171
54	93	39.560	273	278	297	18	277	34	296	170
54	2	39.560	273	278	297	18	277	34	296	170
54	116	36.789	299	278	296	3	277	8	295	167
54	21	36.525	282	278	280	3	277	7	279	166
54	13	42.149	242	278	305	17	251	34	267	164
55	55	100.000	297	297	297	1	297	1	297	625
55	95	77.622	286	297	291	2	287	2	287	486
55	57	77.465	284	297	294	14	297	10	293	481
55	37	73.448	290	297	300	1	290	1	289	470
55	128	73.118	279	297	290	14	292	11	289	456
55	41	74.733	281	297	288	2	282	2	281	452
55	81	71.530	281	297	286	8	288	2	282	444
55	29	71.942	278	297	287	14	291	8	285	439
55	28	73.050	282	297	292	2	283	2	282	437
55	111	72.761	268	297	276	14	281	8	275	431
55	31	71.025	283	297	298	2	284	2	283	429
55	9	69.504	282	297	292	2	283	2	282	429
55	101	70.251	279	297	292	1	279	1	278	424
55	17	69.534	279	297	289	1	279	1	278	419
55	76	69.534	279	297	281	1	279	1	278	417
55	7	69.504	282	297	283	3	284	3	282	416
55	121	69.343	274	297	279	11	284	4	277	413
55	117	69.203	276	297	282	4	279	4	276	412
55	22	69.565	276	297	281	4	279	4	278	411
55	79	67.626	278	297	281	2	279	2	278	410
55	16	67.384	279	297	292	1	279	1	279	410
55	125	67.845	283	297	292	14	296	11	292	410
55	86	67.266	278	297	281	2	279	2	278	407
55	107	66.909	275	297	281	5	279	5	278	406
55	54	68.478	276	297	278	4	279	4	275	405
55	44	67.391	276	297	282	4	279	4	279	402
55	15	67.391	276	297	281	4	279	4	275	400
55	65	69.925	266	297	287	14	279	9	273	397
55	84	65.233	279	297	281	1	279	1	278	396
55	90	65.468	278	297	281	2	279	2	278	393
55	96	66.078	283	297	287	1	282	1	281	390
55	39	66.308	279	297	292	1	279	1	278	390
55	112	63.441	279	297	286	1	279	1	275	388
55	106	64.493	276	297	284	1	276	1	267	374
55	80	53.208	265	297	298	6	261	15	277	266
55	91	50.542	277	297	298	4	267	9	282	262
55	71	49.618	262	297	295	7	259	14	272	257
55	6	48.897	272	297	303	17	273	24	292	254
55	100	49.254	268	297	296	6	263	13	277	252
55	3	50.388	258	297	301	14	259	27	279	251
55	58	46.809	282	297	309	15	277	32	308	251
55	46	48.897	272	297	294	6	267	12	278	249
55	32	49.807	259	297	303	14	259	27	280	249
55	23	48.905	274	297	304	14	273	27	294	249
55	108	48.649	259	297	284	14	259	9	262	243
55	18	48.120	266	297	261	29	284	1	260	242
55	64	45.200	250	297	300	23	263	33	280	242
55	10	50.593	253	297	307	22	259	37	284	242
55	8	50.182	275	297	302	1	259	12	279	240
55	4	44.074	270	297	309	7	268	13	280	230
55	87	44.404	277	297	313	3	267	5	281	229
55	34	43.956	273	297	288	1	270	1	266	228
55	59	43.382	272	297	294	1	268	1	267	227
55	123	42.321	293	297	294	1	286	1	288	225
55	94	44.061	261	297	271	7	259	13	271	224
55	62	41.544	272	297	287	4	270	8	274	220
55	48	41.912	272	297	289	1	269	1	265	219
55	36	41.516	277	297	293	4	270	7	279	219
55	66	42.125	273	297	296	1	268	1	268	218
55	19	40.072	277	297	288	1	272	4	276	217
55	12	40.753	292	297	293	1	282	1	287	215
55	70	40.000	270	297	288	4	268	8	272	214
55	56	46.850	254	297	299	22	267	22	270	214
55	92	42.545	275	297	293	1	268	1	268	214
55	102	41.667	276	297	293	1	271	1	271	213
55	50	42.754	276	297	294	1	268	1	266	213
55	47	44.706	255	297	299	22	267	22	268	210
55	68	42.279	272	297	298	5	270	8	271	209
55	61	41.948	267	297	295	5	267	8	269	209
55	26	41.544	272	297	292	1	268	1	267	208
55	104	42.248	258	297	283	5	259	12	258	206
55	122	42.379	269	297	290	5	273	8	270	206
55	33	41.176	272	297	296	1	267	1	267	206
55	53	40.794	277	297	295	1	268	1	267	206
55	75	38.686	274	297	291	1	271	1	268	204
55	105	41.975	243	297	283	24	263	30	261	201
55	118	44.538	238	297	284	29	263	36	262	200
55	45	44.275	262	297	283	4	259	8	258	199
55	129	41.852	270	297	289	1	267	1	264	199
55	52	44.118	238	297	284	25	259	32	258	197
55	120	41.155	277	297	285	4	266	4	270	196
55	69	42.353	255	297	283	29	279	37	280	195
55	5	41.445	263	297	297	28	284	44	296	195
55	63	45.148	237	297	283	29	262	37	262	194
55	127	40.959	271	297	283	1	267	10	268	194
55	103	43.033	244	297	283	29	269	37	269	193
55	24	39.483	271	297	273	1	267	1	247	191
55	40	42.308	260	297	288	27	279	35	284	191
55	35	41.870	246	297	282	29	271	36	270	190
55	115	40.996	261	297	296	27	282	43	293	190
55	126	43.590	234	297	283	29	259	37	259	189
55	11	43.254	252	297	298	27	273	43	284	187
55	88	38.909	275	297	272	1	269	1	248	186
55	119	41.603	262	297	274	5	262	5	253	185
55	25	42.748	262	297	296	27	279	43	293	186
55	74	40.613	261	297	274	6	262	6	253	183
55	42	41.667	252	297	294	28	274	43	283	183
55	20	41.176	289	297	295	7	281	16	294	182
55	109	38.869	283	297	273	1	279	1	258	182
55	78	37.184	277	297	274	1	274	1	252	181
55	114	38.095	273	297	272	1	269	1	248	180
55	124	38.545	275	297	272	1	269	1	248	180
55	21	38.621	290	297	280	1	279	1	277	180
55	97	38.591	298	297	288	1	284	1	287	180
55	77	38.745	271	297	273	1	267	1	247	179
55	72	41.221	262	297	296	27	279	42	292	179
55	116	39.464	261	297	296	27	279	42	293	179
55	82	37.828	267	297	274	4	269	8	249	178
55	43	39.194	273	297	273	1	267	1	248	177
55	73	39.419	241	297	275	24	262	26	254	177
55	85	37.956	274	297	274	1	270	1	249	177
55	60	38.931	262	297	274	14	273	18	254	177
55	67	39.773	264	297	295	27	284	42	294	177
55	83	40.598	234	297	296	27	255	42	266	176
55	93	39.764	254	297	297	24	272	40	284	175
55	2	39.764	254	297	297	24	272	40	284	175
55	13	43.154	241	297	305	24	259	41	271	175
55	51	37.109	256	297	275	14	267	18	248	172
55	98	37.729	273	297	272	1	269	1	248	172
55	38	38.828	273	297	276	1	267	2	249	171
55	89	35.793	271	297	272	1	267	1	246	171
55	30	36.900	271	297	274	1	267	1	246	169
55	99	36.900	271	297	275	1	267	1	247	167
55	110	36.882	263	297	295	27	284	42	294	167
55	27	35.793	271	297	271	1	267	1	246	166
55	49	37.548	261	297	278	9	267	14	249	166
55	14	36.242	298	297	291	1	279	1	288	166
55	1	36.242	298	297	305	1	279	1	288	166
56	56	100.000	299	299	299	1	299	1	299	629
56	47	79.139	302	299	299	1	299	1	298	494
56	61	77.592	299	299	295	1	299	1	294	487
56	68	78.000	300	299	298	1	299	1	297	480
56	33	73.000	300	299	296	1	299	1	295	452
56	102	70.903	299	299	293	1	299	1	292	437
56	92	68.896	299	299	293	1	299	1	292	436
56	12	68.562	299	299	293	1	299	1	292	428
56	66	67.333	300	299	296	1	299	1	295	427
56	123	68.121	298	299	294	1	298	1	293	421
56	59	66.221	299	299	294	1	299	1	293	421
56	50	67.667	300	299	294	1	299	1	293	417
56	53	65.333	300	299	295	1	299	1	294	413
56	26	64.356	303	299	292	1	299	1	291	404
56	75	62.542	299	299	291	1	299	1	290	397
56	122	64.214	299	299	290	1	299	1	289	396
56	34	63.123	301	299	288	1	299	1	287	393
56	48	62.876	299	299	289	1	299	1	288	382
56	129	60.535	299	299	289	1	299	1	288	380
56	82	44.257	296	299	274	1	292	1	272	253
56	114	47.458	295	299	272	1	290	1	270	246
56	109	45.302	298	299	273	1	292	1	273	241
56	38	45.302	298	299	276	1	292	3	273	240
56	89	43.390	295	299	272	1	290	1	270	239
56	27	44.407	295	299	271	1	290	1	269	239
56	78	45.556	270	299	274	1	270	1	245	238
56	24	46.494	271	299	273	1	270	1	247	238
56	29	44.364	275	299	287	12	281	3	272	238
56	30	45.018	271	299	274	1	270	1	246	237
56	111	44.000	275	299	276	12	281	3	272	237
56	88	45.387	271	299	272	1	270	1	246	236
56	51	46.324	272	299	275	1	270	2	248	235
56	85	44.068	295	299	274	1	290	1	269	235
56	98	44.068	295	299	272	1	290	1	270	234
56	43	44.108	297	299	273	1	292	2	273	233
56	124	43.729	295	299	272	1	290	1	270	232
56	77	44.649	271	299	273	1	270	1	247	232
56	57	47.104	259	299	294	17	270	10	263	231
56	49	43.390	295	299	278	1	286	3	272	228
56	99	44.485	272	299	275	1	270	1	247	228
56	44	44.928	276	299	282	1	270	1	267	227
56	84	43.158	285	299	281	8	285	5	280	225
56	54	44.674	291	299	278	2	285	2	277	225
56	106	44.776	268	299	284	12	273	4	261	224
56	17	41.379	290	299	289	9	293	6	288	224
56	91	42.160	287	299	298	8	281	14	297	224
56	16	44.358	257	299	292	32	283	29	279	224
56	121	42.803	264	299	279	12	270	2	260	223
56	76	43.463	283	299	281	8	285	5	280	223
56	80	43.206	287	299	298	8	281	14	297	223
56	125	43.066	274	299	292	17	285	11	278	223
56	96	45.247	263	299	287	12	270	9	266	222
56	101	41.489	282	299	292	7	283	4	278	222
56	128	39.860	286	299	290	16	293	10	289	221
56	7	44.170	283	299	283	8	285	5	279	221
56	65	44.203	276	299	287	15	284	7	274	220
56	9	43.866	269	299	292	8	270	5	266	220
56	70	41.581	291	299	288	8	289	3	285	219
56	39	42.657	286	299	292	9	288	6	284	219
56	36	42.069	290	299	293	4	285	4	292	219
56	117	42.612	291	299	282	1	287	1	280	219
56	95	45.018	271	299	291	5	270	5	267	219
56	60	41.275	298	299	274	1	292	2	274	218
56	15	43.253	289	299	281	2	285	2	277	218
56	31	41.319	288	299	298	8	290	5	285	218
56	86	43.939	264	299	281	28	285	25	280	217
56	46	45.000	260	299	294	17	263	17	272	218
56	18	44.697	264	299	261	32	285	1	260	216
56	37	42.701	274	299	300	1	270	1	266	217
56	90	44.922	256	299	281	22	272	22	268	216
56	28	42.647	272	299	292	9	272	6	268	217
56	100	46.591	264	299	296	9	262	13	273	216
56	6	44.841	252	299	303	23	263	31	280	215
56	10	44.747	257	299	307	17	262	31	284	215
56	3	40.925	281	299	301	3	262	6	279	215
56	55	46.850	254	299	297	22	270	22	267	214
56	107	42.529	261	299	281	28	283	25	278	213
56	41	40.767	287	299	288	8	289	5	281	213
56	79	42.701	274	299	281	3	270	3	266	213
56	112	41.096	292	299	286	8	293	5	285	213
56	19	41.812	287	299	288	11	289	6	285	213
56	64	43.922	255	299	300	21	263	28	277	213
56	81	40.769	260	299	286	17	270	8	261	212
56	62	43.071	267	299	287	23	285	23	286	211
56	58	44.488	254	299	309	23	265	37	288	212
56	71	41.852	270	299	295	3	262	6	272	211
56	4	41.573	267	299	309	32	290	36	300	209
56	22	42.701	274	299	281	2	270	2	266	207
56	23	43.023	258	299	304	17	263	27	282	207
56	108	41.085	258	299	284	17	262	9	262	206
56	87	41.155	277	299	313	32	299	36	308	207
56	32	43.969	257	299	303	17	262	27	280	206
56	94	43.697	238	299	271	32	262	36	271	203
56	8	44.231	260	299	302	17	262	27	279	197
56	69	39.863	291	299	283	3	285	7	282	192
56	20	43.023	258	299	295	32	283	46	292	189
56	72	41.870	246	299	296	32	270	44	277	183
56	45	40.650	246	299	283	21	262	25	258	182
56	127	37.241	290	299	283	3	285	8	283	182
56	103	39.630	270	299	283	8	270	12	267	182
56	83	38.868	265	299	296	32	289	44	293	182
56	115	39.858	281	299	296	19	290	31	294	182
56	35	39.922	258	299	282	32	285	36	281	181
56	118	38.889	270	299	284	10	272	13	268	180
56	74	39.535	258	299	274	32	285	31	273	180
56	97	39.700	267	299	288	3	262	7	262	180
56	40	40.840	262	299	288	19	272	23	272	179
56	11	39.179	268	299	298	32	294	45	298	179
56	126	37.778	270	299	283	2	262	2	259	178
56	5	42.041	245	299	297	32	270	45	279	179
56	52	38.491	265	299	284	3	262	6	258	178
56	73	39.382	259	299	275	32	285	31	274	177
56	13	38.148	270	299	305	3	262	16	271	177
56	104	39.535	258	299	283	10	262	13	258	176
56	105	36.364	275	299	283	3	272	5	267	176
56	42	40.678	236	299	294	32	262	44	268	176
56	120	38.376	271	299	285	23	285	24	284	176
56	116	39.847	261	299	296	32	285	44	295	176
56	25	39.147	258	299	296	19	270	31	278	173
56	110	38.768	276	299	295	3	262	8	269	172
56	67	40.244	246	299	295	32	270	44	277	172
56	119	37.778	270	299	274	20	285	19	273	171
56	14	38.983	236	299	291	32	262	41	266	171
56	1	38.983	236	299	305	32	262	41	266	171
56	93	40.530	264	299	297	32	285	45	296	170
56	2	40.530	264	299	297	32	285	45	296	170
56	63	34.722	288	299	283	3	285	7	282	169
56	21	36.594	276	299	280	1	270	2	263	160
57	57	100.000	294	294	294	1	294	1	294	613
57	55	77.465	284	294	297	10	293	14	297	481
57	128	73.264	288	294	290	1	287	1	288	466
57	29	71.429	287	294	287	1	287	1	285	452
57	95	75.182	274	294	291	10	283	14	287	446
57	111	72.364	275	294	276	1	275	1	273	444
57	81	70.833	288	294	286	1	288	1	286	439
57	37	68.551	283	294	300	10	292	14	295	425
57	28	71.481	270	294	292	10	279	14	282	420
57	125	64.706	289	294	292	2	290	3	290	418
57	41	71.111	270	294	288	10	278	14	281	410
57	79	69.030	268	294	281	8	275	12	278	404
57	9	65.614	285	294	292	10	294	14	292	403
57	16	68.797	266	294	292	10	275	14	279	403
57	121	67.636	275	294	279	6	280	3	277	400
57	101	70.301	266	294	292	10	275	14	278	400
57	117	69.549	266	294	282	10	275	14	276	398
57	76	67.910	268	294	281	8	275	12	278	397
57	31	66.790	271	294	298	10	280	14	283	395
57	65	65.568	273	294	287	3	275	2	273	393
57	86	66.917	266	294	281	10	275	14	278	392
57	7	68.045	266	294	283	10	275	14	277	387
57	84	66.791	268	294	281	8	275	12	278	386
57	17	66.165	266	294	289	10	275	14	278	385
57	39	68.797	266	294	292	10	275	14	278	384
57	44	65.414	266	294	282	10	275	14	279	383
57	96	67.528	271	294	287	9	278	13	281	382
57	22	67.293	266	294	281	10	275	14	278	381
57	15	66.165	266	294	281	10	275	14	275	379
57	90	63.534	266	294	281	10	275	14	278	375
57	54	66.165	266	294	278	10	275	14	275	371
57	107	63.433	268	294	281	8	275	12	278	371
57	106	64.286	266	294	284	9	274	8	269	370
57	112	60.294	272	294	286	4	275	8	275	359
57	23	50.183	273	294	304	9	269	26	294	270
57	91	51.953	256	294	298	10	255	23	275	267
57	80	51.254	279	294	298	1	268	13	287	265
57	6	48.070	285	294	303	6	276	21	301	264
57	58	48.302	265	294	309	7	259	28	289	261
57	71	50.000	256	294	295	9	255	20	272	259
57	32	48.718	273	294	303	9	269	26	293	259
57	3	47.170	265	294	301	5	259	22	283	257
57	64	45.833	264	294	300	5	259	19	280	253
57	100	50.391	256	294	296	10	256	21	274	253
57	46	48.855	262	294	294	4	255	14	271	253
57	18	48.249	257	294	261	25	272	1	254	250
57	10	50.189	265	294	307	9	259	30	288	251
57	108	47.940	267	294	284	9	259	8	266	246
57	8	47.566	267	294	302	5	259	22	283	242
57	123	43.214	280	294	294	6	278	13	287	230
57	56	47.104	259	294	299	10	263	17	270	231
57	34	43.629	259	294	288	10	266	17	266	226
57	59	42.969	256	294	294	10	264	17	267	226
57	36	43.911	271	294	293	6	266	13	279	225
57	61	44.015	259	294	295	9	263	16	269	225
57	48	44.141	256	294	289	10	265	17	265	224
57	47	44.186	258	294	299	10	263	17	268	224
57	87	43.173	271	294	313	24	279	35	305	224
57	68	42.908	282	294	298	10	280	17	291	222
57	33	43.223	273	294	296	10	275	17	284	222
57	66	42.857	273	294	296	10	275	17	284	222
57	4	44.309	246	294	309	24	264	35	280	221
57	12	42.391	276	294	293	10	278	17	287	221
57	92	43.262	282	294	293	10	278	17	287	220
57	94	45.570	237	294	271	24	255	35	271	217
57	62	41.729	266	294	287	16	275	23	284	217
57	102	42.264	265	294	293	10	267	17	271	216
57	50	44.737	266	294	294	6	264	13	266	216
57	53	41.667	276	294	295	10	278	17	286	216
57	26	43.359	256	294	292	10	264	17	267	215
57	19	41.353	266	294	288	3	263	12	271	213
57	70	40.152	264	294	288	6	264	13	272	213
57	122	42.803	264	294	290	6	269	13	270	212
57	129	43.411	258	294	289	6	263	13	264	209
57	75	40.304	263	294	291	10	266	17	267	206
57	104	43.137	255	294	283	9	257	19	260	205
57	24	44.534	247	294	273	10	255	17	239	200
57	45	43.874	253	294	283	9	257	19	260	198
57	115	41.516	277	294	296	8	275	27	293	198
57	25	42.491	273	294	296	9	274	28	289	196
57	120	42.969	256	294	285	9	256	17	262	196
57	40	41.985	262	294	288	9	264	20	271	195
57	5	43.130	262	294	297	9	264	28	280	194
57	105	41.107	253	294	283	9	257	18	259	194
57	11	41.758	273	294	298	5	271	24	286	194
57	82	41.245	257	294	274	10	265	17	249	192
57	97	41.197	284	294	288	1	275	12	285	192
57	69	40.809	272	294	283	9	275	20	280	190
57	114	40.602	266	294	272	2	265	8	248	189
57	103	42.231	251	294	283	9	255	20	259	189
57	20	42.647	272	294	295	9	274	29	288	189
57	118	39.689	257	294	284	5	257	15	260	188
57	83	40.426	282	294	296	2	275	24	293	188
57	109	40.602	266	294	273	2	265	8	248	187
57	63	41.833	251	294	283	9	255	20	259	187
57	52	39.689	257	294	284	5	257	15	260	187
57	67	40.433	277	294	295	8	275	26	292	186
57	42	41.026	273	294	294	5	271	23	284	186
57	127	39.706	272	294	283	9	275	21	281	184
57	126	39.844	256	294	283	5	256	16	260	183
57	85	38.610	259	294	274	10	267	17	250	183
57	98	39.098	266	294	272	2	265	8	248	183
57	77	39.608	255	294	273	10	263	17	247	182
57	119	43.028	251	294	274	8	255	13	250	182
57	72	40.541	259	294	296	23	274	42	288	183
57	13	41.634	257	294	305	6	256	26	272	182
57	116	40.357	280	294	296	5	275	23	293	182
57	35	37.500	272	294	282	9	275	19	279	181
57	51	35.145	276	294	275	2	275	10	260	181
57	110	43.590	234	294	295	23	251	42	265	180
57	78	36.293	259	294	274	10	268	17	250	178
57	38	35.517	290	294	276	2	289	11	272	177
57	93	38.676	287	294	297	1	274	13	290	177
57	2	38.676	287	294	297	1	274	13	290	177
57	73	40.239	251	294	275	8	255	13	251	176
57	60	36.567	268	294	274	6	271	14	256	176
57	89	36.293	259	294	272	6	263	13	246	175
57	27	39.113	248	294	271	10	255	17	238	174
57	74	38.603	272	294	274	9	275	14	271	173
57	30	38.039	255	294	274	10	263	17	246	173
57	14	40.840	262	294	291	1	256	16	267	173
57	43	38.077	260	294	273	10	267	18	252	172
57	1	40.840	262	294	305	1	256	16	267	173
57	88	36.576	257	294	272	10	265	17	248	172
57	99	35.606	264	294	275	10	272	17	255	169
57	21	40.726	248	294	280	21	266	32	266	168
57	49	37.500	256	294	278	10	263	19	249	168
57	124	36.782	261	294	272	10	265	17	248	166
58	58	100.000	309	309	309	1	309	1	309	642
58	6	76.052	309	309	303	1	309	1	303	506
58	23	69.805	308	309	304	2	309	3	304	462
58	32	69.256	309	309	303	1	309	1	303	459
58	64	67.961	309	309	300	1	309	3	300	445
58	10	68.489	311	309	307	1	309	1	307	445
58	3	61.039	308	309	301	2	309	6	301	392
58	8	61.489	309	309	302	1	309	1	302	391
58	80	58.900	309	309	298	1	309	3	298	378
58	108	61.379	290	309	284	21	309	3	284	376
58	91	59.871	309	309	298	1	309	3	298	375
58	46	58.252	309	309	294	1	309	1	294	363
58	100	58.446	296	309	296	1	296	1	284	356
58	18	59.470	264	309	261	46	309	1	261	338
58	71	55.102	294	309	295	1	294	1	281	335
58	57	48.302	265	309	294	28	289	7	259	261
58	128	49.071	269	309	290	22	285	6	256	259
58	86	49.621	264	309	281	31	289	14	262	258
58	81	49.615	260	309	286	31	285	8	253	257
58	95	50.579	259	309	291	32	285	15	259	256
58	9	48.905	274	309	292	31	298	14	272	254
58	29	47.925	265	309	287	30	289	7	257	254
58	111	47.925	265	309	276	30	289	7	257	253
58	31	49.458	277	309	298	31	301	14	272	251
58	55	46.809	282	309	297	32	308	15	277	251
58	37	49.632	272	309	300	32	298	15	272	251
58	41	48.352	273	309	288	32	298	15	272	250
58	28	48.905	274	309	292	31	298	14	272	249
58	7	47.529	263	309	283	32	289	15	261	248
58	76	46.619	281	309	281	32	308	15	280	248
58	44	47.490	259	309	282	32	285	15	259	248
58	106	47.426	272	309	284	30	298	8	264	246
58	101	47.266	256	309	292	32	285	15	258	246
58	16	47.471	257	309	292	32	285	15	259	246
58	117	49.020	255	309	282	32	285	15	256	245
58	121	45.926	270	309	279	30	293	6	261	243
58	54	47.656	256	309	278	32	285	15	255	243
58	79	46.442	267	309	281	26	285	9	258	243
58	22	47.656	256	309	281	32	285	15	258	242
58	39	47.860	257	309	292	31	285	14	258	242
58	17	46.154	260	309	289	31	285	14	258	240
58	19	47.809	251	309	288	41	289	27	267	240
58	15	47.490	259	309	281	32	285	15	255	239
58	84	45.185	270	309	281	32	298	15	272	238
58	107	46.923	260	309	281	32	286	15	259	238
58	125	44.788	259	309	292	30	285	10	256	236
58	70	43.750	272	309	288	41	309	27	288	235
58	65	44.565	276	309	287	30	302	8	271	234
58	112	45.556	270	309	286	32	298	15	269	234
58	90	44.565	276	309	281	32	301	15	272	232
58	62	45.149	268	309	287	27	289	10	267	232
58	36	46.094	256	309	293	41	289	27	272	232
58	96	45.361	291	309	287	18	305	2	273	228
58	92	46.531	245	309	293	41	285	27	259	224
58	33	45.276	254	309	296	35	288	22	262	221
58	102	45.382	249	309	293	37	285	23	259	221
58	53	45.382	249	309	295	42	290	28	263	220
58	12	45.059	253	309	293	42	290	28	264	219
58	129	41.115	287	309	289	2	288	3	259	218
58	47	43.446	267	309	299	26	288	9	263	218
58	66	43.774	265	309	296	26	290	16	264	218
58	87	42.599	277	309	313	18	285	7	273	218
58	123	43.284	268	309	294	23	290	13	264	216
58	68	43.182	264	309	298	26	285	9	260	216
58	50	44.151	265	309	294	42	303	28	278	214
58	61	44.151	265	309	295	26	285	9	261	212
58	56	44.488	254	309	299	37	288	23	265	212
58	63	45.946	259	309	283	30	285	20	259	210
58	48	43.852	244	309	289	42	285	28	255	208
58	103	43.243	259	309	283	30	285	20	259	207
58	59	39.789	284	309	294	2	285	3	258	207
58	34	41.111	270	309	288	42	308	28	281	205
58	35	42.802	257	309	282	30	285	19	258	204
58	75	42.400	250	309	291	42	288	28	259	204
58	126	43.846	260	309	283	30	285	20	259	203
58	94	42.751	269	309	271	23	285	12	271	202
58	122	42.126	254	309	290	33	286	19	257	202
58	97	41.343	283	309	288	28	301	18	286	201
58	26	44.223	251	309	292	42	290	28	263	201
58	69	42.412	257	309	283	30	285	20	259	201
58	115	39.161	286	309	296	2	285	4	270	201
58	127	41.634	257	309	283	30	285	21	260	200
58	104	42.412	257	309	283	30	285	19	258	199
58	105	43.580	257	309	283	30	285	18	257	199
58	42	40.351	285	309	294	2	285	4	268	199
58	4	42.857	273	309	309	23	285	12	271	199
58	13	42.308	260	309	305	30	285	29	271	198
58	120	40.541	259	309	285	27	285	14	261	197
58	11	39.721	287	309	298	4	285	2	270	196
58	20	39.373	287	309	295	1	285	3	271	196
58	5	39.000	300	309	297	2	293	4	285	194
58	118	40.698	258	309	284	30	285	19	258	192
58	45	41.221	262	309	283	26	285	14	258	192
58	25	38.462	286	309	296	4	285	2	270	191
58	82	42.259	239	309	274	47	285	33	239	187
58	72	41.860	258	309	296	30	285	27	269	187
58	40	39.721	287	309	288	2	285	4	262	186
58	116	35.906	298	309	296	2	293	4	284	186
58	110	37.919	298	309	295	2	293	4	283	186
58	78	38.976	254	309	274	33	285	19	237	183
58	114	41.667	240	309	272	47	285	33	238	183
58	119	38.889	270	309	274	24	290	8	257	183
58	74	38.889	270	309	274	24	290	8	257	183
58	14	40.078	257	309	291	30	285	24	266	183
58	73	38.610	259	309	275	34	290	19	258	182
58	52	40.078	257	309	284	30	285	19	258	183
58	77	38.735	253	309	273	33	285	19	239	182
58	88	38.340	253	309	272	33	285	19	238	182
58	1	40.078	257	309	305	30	285	24	266	183
58	109	37.945	253	309	273	33	285	19	238	181
58	83	38.514	296	309	296	4	285	6	270	181
58	24	41.004	239	309	273	47	285	33	239	178
58	99	39.130	253	309	275	33	285	19	239	178
58	43	39.130	253	309	273	33	285	20	240	177
58	85	38.431	255	309	274	33	285	19	238	177
58	38	40.083	242	309	276	47	288	35	244	176
58	27	37.549	253	309	271	33	285	19	238	176
58	98	38.735	253	309	272	33	285	19	238	175
58	60	39.526	253	309	274	33	285	20	240	174
58	30	37.154	253	309	274	33	285	19	238	174
58	67	37.931	261	309	295	26	285	23	269	174
58	89	35.573	253	309	272	33	285	19	238	171
58	51	39.419	241	309	275	47	285	34	240	170
58	93	34.643	280	309	297	2	281	4	267	171
58	2	34.643	280	309	297	2	281	4	267	171
58	124	37.154	253	309	272	33	285	19	238	169
58	21	37.762	286	309	280	1	286	6	256	169
58	49	34.602	289	309	278	2	285	5	241	169
59	59	100.000	294	294	294	1	294	1	294	617
59	26	81.293	294	294	292	1	294	1	292	509
59	34	81.633	294	294	288	1	294	1	288	503
59	12	78.983	295	294	293	1	294	1	293	489
59	66	75.084	297	294	296	1	294	1	296	480
59	123	73.038	293	294	294	1	292	1	293	457
59	75	72.881	295	294	291	1	294	1	291	457
59	50	74.237	295	294	294	1	294	1	294	456
59	53	72.391	297	294	295	1	294	1	295	450
59	48	70.068	294	294	289	1	294	1	289	440
59	33	67.114	298	294	296	1	294	1	296	422
59	56	66.221	299	294	299	1	293	1	299	421
59	61	65.320	297	294	295	1	294	1	295	416
59	92	66.330	297	294	293	1	294	1	293	415
59	47	64.667	300	294	299	1	294	1	299	404
59	102	64.407	295	294	293	1	294	1	293	403
59	68	64.238	302	294	298	1	293	1	297	402
59	122	63.946	294	294	290	1	294	1	290	398
59	129	61.905	294	294	289	1	294	1	289	380
59	109	45.918	294	294	273	1	286	1	273	249
59	24	47.761	268	294	273	1	267	1	248	245
59	78	44.746	295	294	274	1	286	1	274	244
59	88	47.015	268	294	272	1	267	1	247	243
59	38	44.863	292	294	276	1	286	3	273	239
59	114	44.369	293	294	272	1	286	1	272	239
59	82	44.407	295	294	274	1	287	1	273	239
59	99	43.729	295	294	275	1	288	1	275	238
59	124	45.361	291	294	272	1	284	1	270	237
59	85	45.693	267	294	274	1	266	1	246	236
59	27	45.055	273	294	271	1	272	1	252	236
59	89	42.268	291	294	272	1	284	1	270	235
59	77	44.195	267	294	273	1	266	1	247	234
59	30	43.197	294	294	274	1	287	1	273	234
59	54	44.161	274	294	278	2	270	2	267	232
59	36	41.606	274	294	293	4	266	4	276	230
59	98	42.955	291	294	272	1	284	1	270	229
59	43	44.403	268	294	273	1	266	2	248	229
59	49	44.403	268	294	278	1	266	3	249	229
59	51	45.522	268	294	275	1	266	2	248	228
59	111	43.846	260	294	276	12	266	3	261	228
59	29	43.846	260	294	287	12	266	3	261	228
59	95	43.922	255	294	291	17	266	14	267	228
59	44	41.544	272	294	282	1	267	1	268	227
59	28	42.803	264	294	292	10	268	7	268	227
59	55	43.382	272	294	297	1	267	1	268	227
59	84	41.758	273	294	281	5	270	2	270	226
59	57	42.969	256	294	294	17	267	10	264	226
59	125	44.574	258	294	292	17	266	8	264	226
59	19	44.444	252	294	288	23	266	23	271	225
59	65	44.061	261	294	287	15	270	7	265	224
59	117	42.336	274	294	282	1	270	1	268	224
59	16	43.333	270	294	292	8	270	4	271	224
59	9	43.382	272	294	292	5	266	2	266	224
59	15	42.182	275	294	281	2	270	2	267	223
59	70	45.455	242	294	288	32	267	32	272	223
59	41	43.590	273	294	288	3	268	3	268	223
59	128	41.538	260	294	290	16	268	10	266	223
59	121	42.146	261	294	279	12	267	2	261	222
59	31	42.066	271	294	298	5	268	2	268	223
59	101	42.593	270	294	292	9	270	5	270	222
59	60	42.177	294	294	274	1	286	2	274	220
59	90	41.636	269	294	281	5	268	2	268	220
59	91	41.758	273	294	298	3	258	4	275	221
59	7	44.269	253	294	283	23	270	20	269	220
59	17	41.091	275	294	289	1	270	1	270	219
59	96	43.243	259	294	287	12	266	9	266	218
59	62	41.135	282	294	287	13	282	7	283	218
59	79	41.392	273	294	281	3	270	3	270	217
59	106	42.912	261	294	284	12	267	4	259	217
59	39	41.729	266	294	292	10	270	7	270	217
59	32	41.577	279	294	303	3	258	2	280	216
59	100	43.310	284	294	296	3	267	2	281	214
59	23	42.143	280	294	304	2	258	2	281	215
59	71	42.751	269	294	295	3	259	6	273	214
59	76	41.328	271	294	281	5	270	2	270	214
59	112	42.578	256	294	286	17	267	14	264	214
59	107	39.483	271	294	281	5	270	2	270	213
59	81	42.471	259	294	286	17	267	8	262	213
59	22	41.697	271	294	281	2	266	2	266	211
59	86	40.299	268	294	281	7	268	3	268	211
59	3	40.146	274	294	301	3	258	6	279	211
59	37	40.741	270	294	300	1	266	1	266	211
59	46	42.593	270	294	294	3	258	2	271	209
59	64	39.273	275	294	300	3	258	4	276	207
59	18	44.400	250	294	261	32	270	1	249	205
59	58	39.789	284	294	309	3	258	2	285	207
59	6	40.502	279	294	303	3	258	2	279	206
59	10	41.667	288	294	307	3	258	2	284	206
59	80	39.781	274	294	298	3	260	4	277	205
59	87	40.244	246	294	313	32	266	36	281	205
59	4	38.577	267	294	309	32	286	36	302	205
59	108	40.157	254	294	284	17	258	9	262	203
59	94	40.254	236	294	271	32	258	36	271	200
59	8	40.146	274	294	302	3	258	6	279	199
59	69	40.299	268	294	283	1	263	5	264	194
59	127	39.773	264	294	283	3	260	8	262	192
59	126	38.321	274	294	283	2	266	2	267	191
59	40	38.267	277	294	288	1	268	2	272	190
59	5	38.889	288	294	297	3	281	12	292	190
59	45	38.023	263	294	283	3	261	7	261	189
59	35	37.778	270	294	282	2	263	2	263	189
59	20	39.576	283	294	295	3	266	4	279	188
59	104	37.729	273	294	283	3	270	6	269	187
59	115	38.158	304	294	296	1	284	2	294	186
59	83	38.976	254	294	296	32	280	44	290	184
59	74	41.129	248	294	274	17	258	15	250	183
59	13	38.028	284	294	305	3	280	16	290	183
59	63	38.783	263	294	283	3	260	7	261	182
59	105	38.007	271	294	283	3	268	5	267	182
59	72	37.132	272	294	296	3	258	4	269	182
59	52	37.918	269	294	284	3	266	6	266	181
59	97	39.394	264	294	288	3	258	7	262	181
59	11	37.456	283	294	298	1	266	2	278	181
59	116	40.909	242	294	296	32	267	44	279	181
59	103	38.951	267	294	283	7	266	11	267	180
59	25	40.964	249	294	296	23	266	36	278	180
59	120	35.145	276	294	285	1	267	1	270	179
59	118	37.079	267	294	284	7	268	10	268	179
59	67	38.298	282	294	295	1	266	2	277	179
59	42	37.324	284	294	294	1	266	2	276	178
59	93	37.102	283	294	297	3	271	12	289	178
59	2	37.102	283	294	297	3	271	12	289	178
59	73	40.323	248	294	275	17	258	15	251	177
59	110	36.331	278	294	295	3	267	8	278	173
59	21	38.996	259	294	280	3	258	7	255	171
59	14	36.398	261	294	291	3	258	12	266	168
59	1	36.398	261	294	305	3	258	12	266	168
59	119	35.857	251	294	274	20	266	19	258	166
6	6	100.000	303	303	303	1	303	1	303	628
6	58	76.052	309	303	309	1	303	1	309	506
6	64	74.587	303	303	300	1	303	3	300	478
6	23	73.898	295	303	304	2	295	3	297	471
6	32	70.470	298	303	303	1	295	1	296	444
6	10	68.896	299	303	307	1	294	1	299	429
6	3	63.481	293	303	301	2	294	6	293	389
6	108	64.643	280	303	284	17	295	1	277	386
6	91	63.158	304	303	298	1	303	3	298	385
6	80	61.513	304	303	298	1	303	3	298	385
6	46	62.046	303	303	294	1	303	1	294	382
6	8	59.259	297	303	302	1	295	1	295	376
6	100	59.211	304	303	296	1	303	1	296	364
6	18	62.879	264	303	261	40	303	1	261	355
6	71	56.766	303	303	295	1	303	1	295	349
6	86	51.493	268	303	281	28	292	17	272	264
6	57	48.070	285	303	294	21	301	6	276	264
6	31	47.869	305	303	298	2	302	3	280	262
6	81	49.645	282	303	286	27	302	10	275	260
6	128	47.569	288	303	290	22	301	8	277	258
6	76	50.373	268	303	281	28	292	17	272	258
6	15	49.627	268	303	281	28	292	17	269	258
6	9	50.554	271	303	292	28	292	17	272	257
6	44	49.627	268	303	282	35	292	24	280	256
6	117	51.538	260	303	282	35	292	24	270	256
6	7	51.908	262	303	283	34	292	23	271	256
6	17	47.902	286	303	289	10	292	3	272	254
6	95	49.446	271	303	291	28	292	17	273	254
6	55	48.897	272	303	297	24	292	17	273	254
6	79	47.203	286	303	281	10	292	3	272	252
6	54	49.254	268	303	278	28	292	17	269	251
6	106	46.595	279	303	284	17	292	1	264	251
6	28	49.042	261	303	292	35	292	24	272	251
6	101	46.316	285	303	292	11	292	4	272	251
6	16	48.092	262	303	292	34	292	23	273	249
6	37	47.331	281	303	300	24	302	17	280	249
6	111	46.953	279	303	276	20	292	4	267	248
6	29	47.584	269	303	287	20	283	4	257	247
6	84	48.276	261	303	281	35	292	24	272	247
6	22	45.594	261	303	281	35	292	24	272	246
6	121	46.520	273	303	279	24	292	6	266	246
6	65	48.276	261	303	287	35	292	19	267	241
6	41	46.886	273	303	288	35	301	24	279	240
6	39	47.636	275	303	292	28	292	17	279	241
6	96	47.157	299	303	287	15	303	4	287	240
6	125	46.899	258	303	292	25	279	12	256	240
6	70	42.484	306	303	288	1	303	1	288	238
6	107	47.126	261	303	281	35	292	24	272	237
6	90	47.126	261	303	281	35	292	24	272	236
6	112	45.977	261	303	286	35	292	24	269	235
6	36	43.299	291	303	293	1	283	1	272	232
6	62	44.983	289	303	287	1	283	1	267	231
6	19	43.197	294	303	288	15	303	5	288	231
6	92	43.098	297	303	293	2	297	3	278	227
6	33	43.772	281	303	296	2	280	3	260	225
6	50	43.165	278	303	294	2	279	3	257	223
6	53	42.199	282	303	295	2	279	3	258	222
6	12	42.553	282	303	293	2	279	3	259	222
6	102	42.049	283	303	293	2	280	3	260	222
6	47	44.828	261	303	299	29	280	18	261	219
6	61	48.031	254	303	295	31	280	23	262	219
6	68	43.651	252	303	298	30	280	22	261	218
6	123	40.532	301	303	294	2	297	3	278	216
6	56	44.841	252	303	299	31	280	23	263	215
6	87	44.082	245	303	313	39	279	35	273	215
6	126	43.321	277	303	283	6	279	11	259	213
6	66	41.367	278	303	296	2	279	3	259	213
6	103	41.993	281	303	283	2	280	7	260	212
6	129	43.775	249	303	289	31	279	23	256	212
6	35	42.636	258	303	282	24	280	19	259	211
6	115	42.403	283	303	296	2	279	4	270	211
6	75	41.197	284	303	291	2	279	3	256	209
6	48	40.070	287	303	289	2	287	3	264	209
6	26	40.972	288	303	292	2	284	3	263	208
6	127	42.182	275	303	283	6	280	4	261	206
6	59	40.502	279	303	294	2	279	3	258	206
6	63	41.935	279	303	283	2	280	7	260	205
6	104	40.502	279	303	283	1	279	5	258	204
6	69	40.502	279	303	283	1	279	6	259	202
6	97	41.007	278	303	288	3	279	4	262	201
6	34	38.163	283	303	288	2	284	3	260	200
6	120	39.568	278	303	285	2	279	3	261	197
6	11	42.636	258	303	298	22	279	27	270	197
6	122	39.194	273	303	290	27	298	19	276	197
6	13	40.925	281	303	305	2	279	12	271	197
6	94	43.673	245	303	271	39	279	35	271	196
6	105	38.849	278	303	283	2	279	5	257	194
6	74	39.925	268	303	274	13	280	4	251	194
6	73	40.945	254	303	275	27	280	18	252	193
6	42	41.071	280	303	294	2	279	4	268	193
6	20	40.141	284	303	295	1	279	3	271	192
6	45	39.051	274	303	283	6	279	3	258	191
6	4	44.082	245	303	309	39	279	35	271	191
6	109	40.316	253	303	273	27	279	19	238	190
6	77	39.209	278	303	273	2	279	3	239	189
6	118	38.686	274	303	284	6	279	10	258	189
6	85	38.571	280	303	274	2	279	3	238	189
6	67	38.667	300	303	295	2	296	4	287	189
6	5	40.071	282	303	297	2	279	4	271	189
6	24	37.770	278	303	273	2	279	3	239	188
6	72	41.577	279	303	296	2	279	8	269	188
6	52	37.410	278	303	284	2	279	6	258	188
6	78	42.500	240	303	274	41	279	33	237	187
6	43	40.467	257	303	273	41	294	34	258	186
6	114	38.849	278	303	272	2	279	3	238	186
6	40	39.338	272	303	288	10	279	7	262	186
6	110	37.634	279	303	295	2	279	8	269	186
6	25	39.502	281	303	296	2	279	4	270	186
6	119	40.541	259	303	274	22	280	16	251	184
6	124	37.410	278	303	272	2	279	3	238	184
6	88	39.683	252	303	272	28	279	20	238	183
6	99	37.276	279	303	275	2	279	3	239	183
6	82	41.423	239	303	274	41	279	33	239	183
6	27	40.756	238	303	271	42	279	34	238	182
6	14	40.000	255	303	291	25	279	26	266	182
6	38	42.678	239	303	276	41	279	35	241	181
6	1	40.000	255	303	305	25	279	26	266	182
6	30	38.889	252	303	274	28	279	20	238	178
6	116	36.429	280	303	296	2	279	4	270	178
6	89	36.331	278	303	272	2	279	3	238	177
6	98	35.971	278	303	272	2	279	3	238	177
6	93	38.545	275	303	297	2	275	8	267	177
6	2	38.545	275	303	297	2	275	8	267	177
6	51	40.249	241	303	275	41	279	34	240	176
6	49	39.916	238	303	278	42	279	36	241	175
6	21	37.500	280	303	280	1	280	6	256	173
6	60	40.586	239	303	274	41	279	34	240	172
6	83	36.170	282	303	296	14	279	5	270	171
60	60	100.000	274	274	274	1	274	1	274	576
60	51	78.986	276	274	275	1	274	1	275	453
60	43	72.993	274	274	273	1	274	1	273	426
60	49	69.675	277	274	278	1	274	2	278	409
60	38	70.588	272	274	276	1	272	2	271	405
60	114	66.052	271	274	272	2	272	1	270	377
60	27	65.683	271	274	271	2	272	1	269	375
60	88	63.004	273	274	272	2	274	1	272	370
60	30	63.004	273	274	274	2	274	1	272	369
60	77	62.500	272	274	273	2	272	1	271	365
60	98	62.271	273	274	272	2	274	1	272	363
60	89	61.172	273	274	272	2	274	1	272	359
60	124	60.294	272	274	272	2	273	1	271	358
60	99	63.139	274	274	275	2	274	1	272	358
60	78	61.314	274	274	274	2	272	1	272	357
60	109	58.759	274	274	273	2	274	1	273	353
60	85	64.683	252	274	274	2	251	1	249	352
60	82	60.949	274	274	274	2	274	1	272	350
60	24	58.824	272	274	273	2	272	1	271	337
60	129	45.489	266	274	289	2	248	1	264	230
60	92	45.091	275	274	293	2	254	1	273	229
60	12	43.390	295	274	293	2	274	1	287	228
60	50	43.841	276	274	294	2	256	1	273	227
60	66	42.373	295	274	296	2	274	1	287	227
60	102	44.170	283	274	293	2	260	1	279	226
60	48	42.254	284	274	289	2	265	1	280	226
60	53	44.981	269	274	295	2	248	1	266	225
60	68	42.143	280	274	298	2	257	1	277	224
60	122	43.609	266	274	290	2	248	1	264	223
60	33	43.866	269	274	296	2	248	1	267	223
60	26	43.986	291	274	292	2	271	1	283	221
60	75	42.466	292	274	291	2	274	1	285	220
60	59	42.177	294	274	294	2	274	1	286	220
60	47	42.435	271	274	299	2	248	1	268	218
60	56	41.275	298	274	299	2	274	1	292	218
60	123	43.866	269	274	294	2	248	1	267	214
60	61	41.328	271	274	295	2	248	1	269	214
60	34	40.972	288	274	288	2	271	1	279	213
60	71	39.483	271	274	295	1	241	3	273	195
60	101	38.971	272	274	292	9	256	5	274	194
60	100	41.016	256	274	296	18	243	21	276	190
60	106	38.182	275	274	284	18	271	9	278	189
60	23	39.608	255	274	304	18	240	27	281	186
60	118	39.623	265	274	284	1	248	3	266	185
60	16	37.970	266	274	292	18	258	14	277	185
60	91	39.921	253	274	298	18	240	23	275	185
60	125	39.163	263	274	292	18	255	11	271	185
60	127	40.152	264	274	283	4	252	12	272	184
60	22	39.080	261	274	281	18	254	14	272	184
60	46	38.889	270	274	294	1	240	3	271	184
60	84	37.643	263	274	281	10	248	6	266	183
60	69	43.860	228	274	283	34	245	38	264	182
60	103	39.560	273	274	283	1	257	8	276	182
60	65	38.258	264	274	287	16	255	7	268	182
60	44	38.403	263	274	282	18	255	14	274	181
60	121	37.175	269	274	279	13	256	2	268	181
60	76	37.407	270	274	281	10	255	6	273	181
60	35	40.385	260	274	282	3	242	2	260	181
60	128	37.879	264	274	290	18	256	11	272	181
60	126	41.985	262	274	283	3	242	2	261	180
60	52	40.304	263	274	284	2	247	4	264	180
60	79	37.545	277	274	281	4	256	3	274	180
60	73	42.544	228	274	275	34	248	32	259	179
60	54	37.692	260	274	278	11	249	7	264	179
60	117	36.029	272	274	282	8	256	3	272	179
60	95	39.394	264	274	291	18	256	14	275	179
60	63	39.338	272	274	283	4	257	7	276	179
60	111	38.403	263	274	276	18	255	8	268	179
60	74	41.850	227	274	274	34	248	32	258	179
60	29	38.403	263	274	287	18	255	8	268	179
60	17	39.768	259	274	289	9	243	5	261	179
60	39	37.868	272	274	292	1	248	1	266	178
60	18	41.423	239	274	261	34	240	2	238	177
60	81	37.643	263	274	286	18	255	8	268	178
60	64	38.376	271	274	300	2	240	6	276	178
60	15	38.462	260	274	281	18	256	14	271	177
60	80	38.340	253	274	298	18	240	23	275	178
60	119	42.373	236	274	274	34	255	32	263	177
60	55	38.931	262	274	297	18	254	14	273	177
60	57	36.567	268	274	294	14	256	6	271	176
60	112	38.129	278	274	286	1	256	1	271	176
60	32	36.614	254	274	303	18	240	27	280	176
60	9	36.765	272	274	292	8	255	4	273	175
60	105	40.678	236	274	283	29	248	31	265	174
60	107	36.641	262	274	281	11	248	7	266	174
60	31	38.007	271	274	298	10	256	6	274	174
60	58	39.526	253	274	309	20	240	33	285	174
60	41	36.434	258	274	288	15	248	11	266	174
60	87	40.000	245	274	313	34	248	37	281	174
60	28	37.736	265	274	292	15	255	11	273	172
60	6	40.586	239	274	303	34	240	41	279	172
60	104	37.879	264	274	283	2	248	4	266	171
60	7	36.029	272	274	283	10	256	6	273	171
60	45	41.964	224	274	283	34	240	37	258	171
60	37	38.023	263	274	300	18	256	14	274	170
60	96	37.931	261	274	287	18	254	14	272	169
60	90	37.407	270	274	281	10	255	6	273	169
60	86	35.793	271	274	281	9	255	5	273	169
60	4	40.816	245	274	309	34	248	37	279	169
60	94	41.350	237	274	271	34	240	37	271	167
60	10	36.719	256	274	307	18	240	31	284	168
60	108	35.433	254	274	284	18	240	9	262	167
60	3	34.657	277	274	301	1	240	3	279	167
60	36	40.511	274	274	293	12	248	6	276	167
60	70	38.976	254	274	288	24	248	23	271	167
60	19	38.662	269	274	288	12	248	6	271	166
60	8	36.759	253	274	302	18	240	27	279	165
60	62	37.918	269	274	287	12	248	6	271	164
60	40	37.410	278	274	288	2	248	2	270	164
60	115	34.219	301	274	296	2	274	6	296	160
60	20	36.861	274	274	295	2	248	6	279	160
60	120	33.935	277	274	285	3	257	2	278	158
60	97	36.296	270	274	288	4	254	7	273	157
60	93	37.657	239	274	297	29	248	41	279	157
60	2	37.657	239	274	297	29	248	41	279	157
60	72	39.914	233	274	296	34	248	45	277	156
60	11	35.135	296	274	298	2	266	2	294	155
60	21	36.293	259	274	280	1	244	1	259	154
60	5	36.694	248	274	297	34	262	46	293	154
60	67	35.918	245	274	295	34	260	45	289	153
60	42	36.328	256	274	294	34	272	45	292	152
60	110	36.250	240	274	295	31	252	42	281	151
60	83	36.596	235	274	296	34	249	45	279	150
60	14	34.495	287	274	291	1	257	1	284	147
60	25	36.694	248	274	296	19	248	34	278	147
60	1	34.495	287	274	305	1	257	1	284	147
60	13	35.547	256	274	305	34	271	47	293	146
60	116	34.874	238	274	296	34	252	45	282	143
61	61	100.000	295	295	295	1	295	1	295	619
61	56	77.592	299	295	299	1	294	1	299	487
61	47	77.667	300	295	299	1	295	1	299	481
61	68	73.754	301	295	298	1	295	1	298	458
61	92	72.542	295	295	293	1	295	1	293	456
61	102	72.203	295	295	293	1	295	1	293	452
61	12	68.475	295	295	293	1	295	1	293	439
61	33	68.121	298	295	296	1	295	1	296	438
61	66	66.107	298	295	296	1	295	1	296	426
61	53	65.436	298	295	295	1	295	1	295	417
61	26	66.780	295	295	292	1	295	1	292	416
61	59	65.320	297	295	294	1	295	1	294	416
61	50	67.450	298	295	294	1	295	1	294	415
61	75	67.230	296	295	291	1	295	1	291	414
61	123	66.441	295	295	294	1	293	1	293	412
61	48	62.373	295	295	289	1	295	1	289	398
61	34	63.390	295	295	288	1	295	1	288	397
61	122	61.695	295	295	290	1	295	1	290	387
61	129	61.695	295	295	289	1	295	1	289	377
61	82	43.051	295	295	274	1	289	1	272	239
61	38	43.416	281	295	276	1	279	3	259	231
61	30	42.905	296	295	274	1	289	1	272	231
61	99	44.649	271	295	275	1	269	1	247	230
61	121	43.571	280	295	279	12	282	2	277	230
61	43	43.911	271	295	273	1	269	2	248	229
61	65	44.867	263	295	287	15	272	7	264	229
61	44	43.796	274	295	282	1	269	1	267	229
61	49	44.280	271	295	278	1	269	3	249	228
61	36	43.390	295	295	293	4	288	4	292	228
61	91	44.000	275	295	298	3	262	4	276	228
61	89	41.892	296	295	272	1	289	1	272	227
61	88	41.892	296	295	272	1	289	1	272	227
61	51	43.173	271	295	275	1	269	2	248	227
61	29	43.561	264	295	287	12	270	3	262	228
61	114	43.841	276	295	272	1	274	1	252	227
61	7	43.902	287	295	283	8	289	5	280	227
61	98	42.909	275	295	272	1	274	1	251	226
61	111	43.939	264	295	276	12	270	3	262	226
61	70	45.594	261	295	288	16	269	17	271	226
61	85	42.517	294	295	274	1	286	1	268	225
61	106	44.867	263	295	284	12	269	4	258	226
61	27	41.017	295	295	271	1	289	1	271	224
61	24	42.593	270	295	273	1	269	1	247	224
61	10	47.490	259	295	307	16	261	30	284	225
61	57	44.015	259	295	294	16	269	9	263	225
61	78	42.751	269	295	274	1	269	1	245	223
61	109	42.029	276	295	273	1	274	1	252	223
61	54	43.151	292	295	278	2	288	2	277	223
61	125	41.935	279	295	292	16	289	10	279	223
61	128	42.912	261	295	290	16	271	10	266	223
61	124	42.222	270	295	272	1	269	1	246	221
61	31	42.007	269	295	298	8	271	5	268	222
61	17	41.812	287	295	289	9	286	6	286	222
61	15	42.182	275	295	281	2	271	2	265	221
61	19	45.306	245	295	288	28	269	28	271	221
61	117	43.003	293	295	282	1	289	1	279	220
61	62	41.472	299	295	287	4	288	4	286	221
61	90	41.636	269	295	281	8	271	5	268	220
61	96	44.318	264	295	287	12	269	9	266	220
61	6	48.031	254	295	303	23	262	31	280	219
61	95	44.776	268	295	291	8	269	5	267	218
61	71	42.029	276	295	295	1	261	4	272	218
61	84	42.279	272	295	281	8	272	5	269	217
61	39	42.963	270	295	292	9	272	6	269	218
61	77	41.522	289	295	273	1	287	1	259	217
61	16	43.210	243	295	292	32	269	29	267	217
61	46	44.015	259	295	294	15	261	15	271	217
61	80	43.066	274	295	298	3	261	4	275	216
61	86	41.264	269	295	281	9	272	6	269	215
61	76	40.559	286	295	281	8	288	5	280	215
61	60	41.328	271	295	274	1	269	2	248	214
61	79	41.241	274	295	281	3	269	3	266	213
61	4	45.902	244	295	309	32	269	36	279	214
61	64	43.077	260	295	300	16	262	23	277	214
61	41	40.138	289	295	288	8	291	5	283	213
61	94	46.610	236	295	271	32	261	36	271	212
61	32	44.358	257	295	303	16	261	26	280	213
61	101	41.111	270	295	292	7	271	4	268	212
61	3	41.727	278	295	301	3	261	6	279	212
61	58	44.151	265	295	309	9	261	26	285	212
61	23	40.070	287	295	304	2	262	2	282	211
61	100	42.966	263	295	296	9	261	13	273	211
61	28	41.791	268	295	292	9	271	6	268	210
61	18	45.643	241	295	261	32	262	1	239	209
61	37	41.392	273	295	300	1	269	1	266	210
61	107	43.145	248	295	281	30	272	27	269	209
61	9	41.199	267	295	292	8	269	5	266	209
61	87	41.758	273	295	313	32	294	36	308	209
61	55	41.948	267	295	297	8	269	5	267	209
61	108	40.310	258	295	284	16	261	8	262	206
61	112	40.441	272	295	286	8	272	5	266	206
61	8	45.703	256	295	302	17	261	27	279	206
61	22	39.560	273	295	281	2	269	2	266	205
61	81	41.085	258	295	286	17	269	8	261	205
61	45	41.356	295	295	283	2	288	2	281	196
61	35	39.661	295	295	282	2	288	2	281	195
61	103	40.559	286	295	283	8	288	12	282	192
61	72	44.444	243	295	296	32	269	44	277	191
61	126	38.384	297	295	283	2	288	2	282	190
61	104	38.732	284	295	283	10	288	13	282	190
61	69	38.095	294	295	283	1	288	5	282	187
61	127	37.801	291	295	283	3	288	8	283	187
61	52	37.801	291	295	284	3	288	6	282	187
61	118	38.028	284	295	284	10	288	13	282	186
61	105	37.591	274	295	283	3	271	5	267	184
61	42	42.979	235	295	294	32	261	44	268	181
61	40	37.143	280	295	288	1	271	2	272	181
61	63	37.801	291	295	283	3	288	7	282	181
61	97	39.474	266	295	288	3	261	7	262	180
61	115	37.770	278	295	296	16	286	28	293	180
61	73	43.220	236	295	275	32	262	31	252	179
61	25	39.847	261	295	296	15	269	27	278	179
61	11	39.764	254	295	298	14	261	26	270	178
61	20	39.552	268	295	295	9	261	14	271	177
61	13	36.981	265	295	305	3	261	16	271	177
61	67	38.846	260	295	295	16	269	27	277	176
61	116	36.644	292	295	296	15	289	19	296	176
61	74	40.851	235	295	274	32	262	31	251	175
61	5	37.288	295	295	297	11	289	16	297	175
61	83	35.741	263	295	296	32	289	44	296	175
61	120	36.545	301	295	285	1	289	1	285	174
61	93	38.202	267	295	297	32	289	45	297	170
61	2	38.202	267	295	297	32	289	45	297	170
61	14	40.254	236	295	291	32	261	41	266	168
61	1	40.254	236	295	305	32	261	41	266	168
61	110	35.897	273	295	295	3	261	8	269	167
61	119	39.286	252	295	274	16	262	14	251	160
61	21	38.889	252	295	280	28	276	32	270	159
62	62	100.000	287	287	287	1	287	1	287	599
62	70	78.125	288	287	288	1	287	1	288	466
62	36	74.403	293	287	293	1	287	1	293	462
62	19	74.653	288	287	288	1	287	1	288	459
62	3	42.345	307	287	301	1	287	1	301	233
62	41	43.463	283	287	288	5	282	2	277	232
62	9	43.509	285	287	292	5	285	2	279	232
62	58	45.149	268	287	309	10	267	27	289	232
62	6	44.983	289	287	303	1	267	1	283	231
62	108	44.280	271	287	284	22	272	14	274	230
62	71	41.695	295	287	295	1	287	8	295	230
62	86	45.349	258	287	281	20	272	17	267	229
62	79	42.908	282	287	281	8	285	8	279	228
62	100	43.189	301	287	296	1	287	1	296	228
62	8	41.853	313	287	302	1	287	1	302	227
62	80	42.599	277	287	298	1	264	3	276	227
62	102	45.038	262	287	293	23	279	23	274	227
62	32	46.094	256	287	303	22	267	32	284	226
62	92	46.840	269	287	293	6	271	11	267	225
62	76	39.860	286	287	281	5	286	2	280	225
62	23	46.215	251	287	304	27	267	37	285	225
62	95	41.667	288	287	291	3	286	4	281	224
62	17	41.852	270	287	289	11	275	7	270	224
62	64	42.807	285	287	300	14	287	24	300	224
62	16	42.379	269	287	292	11	275	11	271	223
62	34	41.781	292	287	288	2	286	7	281	223
62	91	42.029	276	287	298	1	263	3	275	223
62	39	43.369	279	287	292	11	285	11	279	223
62	68	43.197	294	287	298	6	284	11	286	223
62	12	43.686	293	287	293	2	286	7	286	223
62	48	44.280	271	287	289	2	271	7	263	221
62	61	41.472	299	287	295	4	286	4	288	221
62	123	43.223	273	287	294	20	282	20	283	220
62	121	43.885	278	287	279	11	284	4	272	220
62	101	41.754	285	287	292	6	285	7	279	220
62	66	43.956	273	287	296	2	271	7	267	220
62	55	41.544	272	287	297	8	274	4	270	220
62	33	44.444	270	287	296	6	271	11	267	219
62	15	40.000	285	287	281	6	286	3	277	218
62	117	42.958	284	287	282	8	286	4	278	218
62	10	43.478	276	287	307	14	279	27	298	219
62	28	41.935	279	287	292	11	285	11	279	218
62	18	44.361	266	287	261	32	287	1	261	217
62	59	41.135	282	287	294	7	283	13	282	218
62	57	41.729	266	287	294	23	284	16	275	217
62	26	42.804	271	287	292	2	271	7	266	217
62	47	41.912	272	287	299	23	287	23	278	217
62	111	41.132	265	287	276	12	271	2	261	216
62	44	41.115	287	287	282	4	286	4	281	216
62	107	41.007	278	287	281	2	275	3	270	216
62	46	41.137	299	287	294	4	287	3	294	216
62	29	41.132	265	287	287	12	271	2	261	216
62	37	41.844	282	287	300	8	286	8	280	216
62	87	42.053	302	287	313	2	286	4	303	216
62	54	41.724	290	287	278	1	286	1	277	214
62	53	45.387	271	287	295	23	284	23	283	215
62	106	42.491	273	287	284	15	281	6	267	213
62	7	41.319	288	287	283	3	286	4	279	213
62	90	40.364	275	287	281	5	274	2	269	213
62	128	40.580	276	287	290	15	285	8	277	213
62	50	46.914	243	287	294	32	271	32	265	213
62	112	41.549	284	287	286	8	285	8	276	212
62	84	38.462	286	287	281	5	286	2	281	212
62	129	41.852	270	287	289	4	271	4	264	212
62	56	43.071	267	287	299	23	286	23	285	211
62	75	40.893	291	287	291	2	286	7	284	210
62	125	40.711	253	287	292	23	271	17	264	210
62	81	40.909	264	287	286	27	286	18	275	209
62	4	42.963	270	287	309	31	286	35	301	210
62	31	43.182	264	287	298	4	263	5	258	210
62	122	41.516	277	287	290	4	275	4	268	208
62	65	40.370	270	287	287	12	275	2	265	205
62	22	39.855	276	287	281	1	272	1	267	199
62	35	41.636	269	287	282	22	286	26	281	197
62	94	44.215	242	287	271	31	263	35	271	196
62	69	42.379	269	287	283	22	286	27	282	193
62	126	40.149	269	287	283	22	286	27	282	193
62	120	38.095	294	287	285	6	286	3	284	190
62	96	38.824	255	287	287	23	274	20	269	189
62	97	39.643	280	287	288	6	275	7	274	189
62	45	38.542	288	287	283	6	286	7	281	185
62	115	42.023	257	287	296	22	272	35	279	184
62	42	38.356	292	287	294	3	274	1	279	182
62	63	38.699	292	287	283	7	286	4	282	181
62	104	39.781	274	287	283	22	286	26	282	181
62	11	37.049	305	287	298	3	285	1	292	179
62	30	39.630	270	287	274	6	273	11	248	178
62	109	37.634	279	287	273	2	276	7	253	177
62	103	38.225	293	287	283	6	286	11	282	177
62	127	39.033	269	287	283	22	286	28	283	177
62	40	40.078	257	287	288	22	272	27	271	177
62	89	37.543	293	287	272	8	284	4	269	176
62	119	36.934	287	287	274	5	286	2	273	174
62	67	36.452	310	287	295	3	286	1	294	175
62	21	36.301	292	287	280	3	287	4	280	173
62	43	38.662	269	287	273	6	271	12	248	172
62	77	38.406	276	287	273	6	276	3	252	171
62	52	36.177	293	287	284	3	286	3	282	171
62	78	36.029	272	287	274	6	273	3	247	171
62	88	38.078	281	287	272	2	280	7	251	170
62	24	39.273	275	287	273	6	276	11	252	170
62	20	38.376	271	287	295	21	285	35	293	171
62	116	36.426	291	287	296	3	271	1	278	171
62	5	39.130	276	287	297	22	286	35	296	171
62	124	37.175	269	287	272	6	272	11	247	170
62	25	39.852	271	287	296	22	283	35	289	169
62	118	35.739	291	287	284	2	286	6	283	168
62	73	36.431	269	287	275	22	286	21	274	168
62	13	38.956	249	287	305	22	264	36	272	168
62	72	37.692	260	287	296	21	274	33	280	167
62	82	36.900	271	287	274	4	271	9	247	166
62	93	38.433	268	287	297	21	278	34	284	166
62	2	38.433	268	287	297	21	278	34	284	166
62	105	36.861	274	287	283	19	284	19	279	166
62	74	36.567	268	287	274	22	286	21	273	164
62	60	37.918	269	287	274	6	271	12	248	164
62	83	34.483	290	287	296	3	272	1	279	165
62	114	37.500	272	287	272	2	271	7	246	163
62	51	38.431	255	287	275	23	271	24	248	163
62	49	38.492	252	287	278	23	271	25	249	162
62	110	36.029	272	287	295	10	272	19	278	160
62	85	37.008	254	287	274	23	271	23	246	159
62	14	35.739	291	287	291	6	286	15	290	159
62	38	37.226	274	287	276	4	271	11	249	158
62	1	35.739	291	287	305	6	286	15	290	159
62	27	34.191	272	287	271	2	271	7	246	155
62	98	34.559	272	287	272	2	271	7	246	154
62	99	34.686	271	287	275	6	271	3	247	154
63	63	100.000	283	283	283	1	283	1	283	584
63	103	76.678	283	283	283	1	283	1	283	454
63	69	69.965	283	283	283	1	283	1	283	427
63	127	73.145	283	283	283	1	282	1	283	422
63	126	66.078	283	283	283	1	283	1	283	390
63	104	64.460	287	283	283	3	283	2	283	376
63	45	65.217	276	283	283	11	283	7	282	370
63	118	61.348	282	283	284	3	283	2	283	369
63	105	64.815	270	283	283	15	283	13	282	368
63	52	62.411	282	283	284	3	283	2	283	363
63	35	61.837	283	283	282	1	283	1	282	362
63	73	53.962	265	283	275	20	282	14	274	283
63	74	52.453	265	283	274	20	283	14	274	281
63	119	51.625	277	283	274	8	282	4	273	272
63	97	50.519	289	283	288	3	283	3	288	263
63	21	48.043	281	283	280	3	282	3	279	254
63	14	47.038	287	283	291	4	283	9	291	245
63	1	47.038	287	283	305	4	283	9	291	245
63	25	47.985	273	283	296	19	283	27	296	241
63	42	45.946	296	283	294	2	283	3	294	239
63	11	46.939	294	283	298	2	280	3	293	239
63	67	45.035	282	283	295	2	271	3	281	234
63	115	44.876	283	283	296	2	271	3	282	232
63	72	46.097	269	283	296	9	267	13	277	232
63	5	45.818	275	283	297	2	262	3	274	231
63	116	45.763	295	283	296	5	282	6	295	230
63	40	46.863	271	283	288	3	267	3	270	228
63	20	43.197	294	283	295	4	283	5	295	225
63	120	43.643	291	283	285	1	282	1	284	221
63	110	41.751	297	283	295	5	282	2	294	220
63	93	43.493	292	283	297	4	282	9	296	220
63	2	43.493	292	283	297	4	282	9	296	220
63	13	43.525	278	283	305	13	283	22	296	220
63	58	45.946	259	283	309	20	259	30	285	210
63	87	43.007	286	283	313	20	282	19	303	210
63	6	41.935	279	283	303	7	260	2	280	205
63	83	39.927	273	283	296	5	264	6	275	203
63	23	43.369	279	283	304	11	269	23	291	202
63	64	40.404	297	283	300	7	282	4	299	202
63	32	42.143	280	283	303	4	259	3	280	202
63	18	45.188	239	283	261	37	260	1	239	199
63	53	42.481	266	283	295	7	261	3	260	198
63	91	39.636	275	283	298	4	260	5	276	197
63	50	41.825	263	283	294	7	261	3	259	196
63	92	40.659	273	283	293	7	270	3	270	196
63	12	40.530	264	283	293	7	261	3	261	195
63	33	39.394	264	283	296	7	261	3	261	194
63	55	45.148	237	283	297	37	262	29	262	194
63	71	41.241	274	283	295	4	259	3	272	193
63	123	41.288	264	283	294	7	261	3	261	193
63	102	39.175	291	283	293	7	282	3	286	192
63	34	40.769	260	283	288	7	261	3	257	192
63	48	38.545	275	283	289	7	274	3	270	192
63	80	40.876	274	283	298	4	259	9	275	191
63	10	44.015	259	283	307	23	259	33	284	192
63	43	38.710	279	283	273	7	282	4	266	190
63	94	41.085	258	283	271	20	259	19	271	190
63	29	44.017	234	283	287	37	259	23	253	190
63	111	44.017	234	283	276	37	259	23	253	190
63	88	39.623	265	283	272	7	268	3	250	189
63	4	40.698	258	283	309	20	259	19	271	190
63	26	38.889	288	283	292	7	282	3	285	189
63	128	40.458	262	283	290	12	262	2	259	189
63	81	42.802	257	283	286	37	282	23	275	187
63	57	41.833	251	283	294	20	259	9	255	187
63	46	43.089	246	283	294	31	259	28	271	186
63	95	42.164	268	283	291	31	282	18	281	186
63	47	38.768	276	283	299	7	270	3	271	186
63	100	38.182	275	283	296	4	259	3	273	185
63	68	39.033	269	283	298	19	276	20	277	185
63	28	42.412	257	283	292	37	281	29	279	184
63	108	42.739	241	283	284	37	259	24	262	184
63	30	39.161	286	283	274	7	282	3	271	184
63	19	42.222	270	283	288	4	260	7	264	183
63	3	45.833	240	283	301	37	259	42	279	183
63	75	39.464	261	283	291	7	261	3	258	183
63	66	39.924	263	283	296	7	259	3	259	183
63	59	38.783	263	283	294	7	261	3	260	182
63	62	38.699	292	283	287	4	282	7	286	181
63	106	41.079	241	283	284	37	270	24	261	181
63	8	41.304	276	283	302	5	259	4	279	181
63	121	42.017	238	283	279	37	262	22	255	180
63	61	37.801	291	283	295	7	282	3	288	181
63	89	39.773	264	283	272	7	270	3	249	179
63	60	39.338	272	283	274	7	276	4	257	179
63	124	39.544	263	283	272	7	266	3	248	179
63	122	37.681	276	283	290	7	276	3	272	179
63	109	38.722	266	283	273	7	269	3	251	178
63	114	40.078	257	283	272	7	263	3	242	178
63	54	39.858	281	283	278	11	283	3	278	178
63	125	39.850	266	283	292	12	266	2	262	178
63	70	39.483	271	283	288	4	261	4	265	178
63	85	39.300	257	283	274	7	263	3	242	177
63	41	42.437	238	283	288	32	259	24	258	177
63	49	38.351	279	283	278	4	280	2	263	177
63	31	39.844	256	283	298	37	282	29	280	177
63	96	41.494	241	283	287	32	262	24	261	177
63	78	38.911	257	283	274	7	263	3	241	176
63	24	39.922	258	283	273	7	263	3	243	174
63	77	38.132	257	283	273	7	263	3	243	174
63	7	40.458	262	283	283	31	282	23	279	175
63	36	41.264	269	283	293	33	282	28	292	174
63	22	39.689	257	283	281	37	283	29	281	174
63	37	39.844	256	283	300	37	282	29	280	174
63	76	37.457	291	283	281	8	283	1	281	173
63	112	40.079	252	283	286	37	281	29	276	173
63	86	42.489	233	283	281	37	259	29	258	173
63	9	39.519	291	283	292	8	281	1	279	173
63	15	42.520	254	283	281	37	282	29	277	172
63	65	41.026	234	283	287	37	260	24	254	172
63	129	38.023	263	283	289	7	263	3	260	172
63	16	39.256	242	283	292	31	261	23	261	172
63	38	39.535	258	283	276	7	263	5	245	171
63	101	39.608	255	283	292	37	281	29	279	172
63	17	40.000	240	283	289	37	262	29	261	171
63	98	37.891	256	283	272	7	262	3	241	170
63	117	43.103	232	283	282	37	260	29	257	170
63	51	39.535	258	283	275	7	263	4	244	169
63	39	38.697	261	283	292	31	281	23	279	169
63	56	34.722	288	283	299	7	282	3	285	169
63	82	39.300	257	283	274	7	263	3	243	168
63	44	40.698	258	283	282	37	283	29	282	168
63	90	39.485	233	283	281	37	259	29	258	167
63	84	39.056	233	283	281	37	259	29	258	166
63	107	37.405	262	283	281	32	283	24	281	166
63	27	36.680	259	283	271	7	263	3	242	165
63	79	37.548	261	283	281	11	260	3	259	162
63	99	34.733	262	283	275	7	262	3	242	159
64	64	100.000	300	300	300	1	300	1	300	626
64	6	74.587	303	300	303	3	300	1	303	478
64	58	67.961	309	300	309	3	300	1	309	445
64	23	66.007	303	300	304	4	300	3	304	426
64	32	63.816	304	300	303	3	300	1	303	404
64	10	61.039	308	300	307	3	300	1	307	385
64	8	58.000	300	300	302	2	300	4	302	366
64	3	58.033	305	300	301	3	300	1	301	365
64	80	59.801	301	300	298	2	300	2	298	364
64	108	62.121	264	300	284	20	282	5	268	357
64	91	59.000	300	300	298	2	300	2	298	357
64	46	59.000	300	300	294	3	300	1	294	348
64	100	58.719	281	300	296	3	282	1	279	335
64	18	60.076	263	300	261	39	300	1	261	333
64	71	56.146	301	300	295	3	300	1	295	329
64	44	49.259	270	300	282	33	299	23	281	259
64	128	50.000	260	300	290	23	280	10	260	256
64	86	47.970	271	300	281	12	280	3	262	255
64	101	46.909	275	300	292	27	298	17	279	254
64	81	48.276	261	300	286	22	280	6	257	253
64	57	45.833	264	300	294	19	280	5	259	253
64	117	47.407	270	300	282	8	276	3	256	251
64	121	48.846	260	300	279	22	279	5	255	251
64	111	46.241	266	300	276	19	280	3	257	251
64	29	46.241	266	300	287	19	280	3	257	251
64	79	48.551	276	300	281	27	298	17	279	251
64	31	46.691	272	300	298	33	300	23	284	249
64	15	45.333	300	300	281	4	300	3	278	249
64	106	47.778	270	300	284	23	288	8	263	248
64	54	46.642	268	300	278	34	299	24	278	248
64	16	47.222	252	300	292	27	276	17	259	248
64	9	48.315	267	300	292	34	298	24	279	246
64	84	43.919	296	300	281	6	299	2	281	246
64	76	44.404	277	300	281	6	280	2	262	246
64	37	46.899	258	300	300	33	288	23	271	245
64	7	48.193	249	300	283	34	280	24	261	244
64	28	47.388	268	300	292	11	276	6	258	243
64	125	44.615	260	300	292	19	276	14	256	242
64	55	45.200	250	300	297	33	280	23	263	242
64	95	47.967	246	300	291	34	277	24	260	241
64	96	47.082	257	300	287	22	277	12	259	241
64	22	46.640	253	300	281	27	277	17	259	240
64	90	43.682	277	300	281	6	280	2	262	238
64	41	47.273	275	300	288	4	276	3	258	238
64	39	47.222	252	300	292	27	276	17	258	237
64	17	42.756	283	300	289	4	283	3	266	236
64	112	44.765	277	300	286	27	300	17	277	235
64	65	44.615	260	300	287	23	280	8	257	234
64	107	46.531	245	300	281	34	276	24	258	230
64	19	44.853	272	300	288	34	300	27	288	228
64	70	44.245	278	300	288	3	276	1	263	228
64	62	42.807	285	300	287	24	300	14	287	224
64	36	40.895	313	300	293	3	300	1	293	224
64	33	42.446	278	300	296	4	277	3	260	222
64	12	39.474	304	300	293	4	297	3	287	218
64	48	41.516	277	300	289	4	276	3	255	216
64	50	42.754	276	300	294	4	276	3	257	215
64	53	42.909	275	300	295	4	276	3	258	215
64	102	42.960	277	300	293	4	277	3	260	214
64	61	43.077	260	300	295	23	277	16	262	214
64	92	41.818	275	300	293	4	277	3	260	213
64	56	43.922	255	300	299	28	277	21	263	213
64	126	43.066	274	300	283	4	276	3	259	210
64	26	40.714	280	300	292	4	281	3	263	211
64	123	41.667	276	300	294	4	276	3	259	210
64	47	42.086	278	300	299	4	277	3	261	209
64	68	42.857	252	300	298	29	277	22	261	209
64	129	40.727	275	300	289	4	276	3	256	208
64	66	38.111	307	300	296	4	300	3	290	209
64	59	39.273	275	300	294	4	276	3	258	207
64	115	41.577	279	300	296	4	276	4	270	204
64	63	40.404	297	300	283	4	299	7	282	202
64	103	41.667	276	300	283	4	277	3	260	202
64	69	41.754	285	300	283	3	287	6	270	201
64	35	41.912	272	300	282	8	277	3	259	201
64	122	38.095	294	300	290	4	294	3	275	201
64	75	39.643	280	300	291	4	276	3	256	201
64	120	39.527	296	300	285	4	299	3	284	200
64	105	40.659	273	300	283	4	276	5	257	198
64	104	40.364	275	300	283	3	276	5	258	198
64	87	40.613	261	300	313	22	276	19	273	199
64	127	39.394	297	300	283	4	299	8	283	197
64	118	39.927	273	300	284	5	276	3	258	196
64	45	41.304	276	300	283	1	276	4	258	195
64	5	39.493	276	300	297	4	272	4	267	195
64	34	37.500	280	300	288	4	281	3	260	195
64	11	38.351	279	300	298	4	276	4	270	193
64	97	40.293	273	300	288	5	276	4	262	192
64	77	38.462	273	300	273	4	276	3	239	191
64	24	38.828	273	300	273	4	276	3	239	190
64	114	40.000	275	300	272	4	276	3	238	189
64	110	38.000	300	300	295	4	300	8	295	189
64	109	37.729	273	300	273	4	276	3	238	189
64	88	38.095	273	300	272	4	276	3	238	188
64	85	37.729	273	300	274	4	276	3	238	187
64	42	38.849	278	300	294	4	276	4	268	188
64	99	37.729	273	300	275	4	276	3	239	187
64	27	36.861	274	300	271	4	276	3	238	187
64	40	38.255	298	300	288	4	299	4	286	187
64	52	39.636	275	300	284	6	276	4	258	187
64	83	38.298	282	300	296	4	276	4	270	187
64	20	38.434	281	300	295	3	276	3	271	187
64	94	42.000	250	300	271	38	276	35	271	186
64	4	41.633	245	300	309	38	276	35	271	186
64	82	36.996	273	300	274	4	276	3	239	184
64	78	36.496	274	300	274	4	276	3	237	183
64	116	36.786	280	300	296	4	276	4	270	183
64	73	38.376	271	300	275	8	277	3	252	182
64	67	38.406	276	300	295	2	276	6	269	183
64	14	38.849	278	300	291	6	276	2	266	182
64	43	38.182	275	300	273	4	276	4	240	181
64	93	39.114	271	300	297	4	272	8	267	182
64	2	39.114	271	300	297	4	272	8	267	182
64	38	40.079	252	300	276	26	276	21	241	181
64	1	38.849	278	300	305	6	276	2	266	182
64	98	37.818	275	300	272	4	276	3	238	180
64	13	36.879	282	300	305	6	276	2	271	181
64	49	37.091	275	300	278	4	276	5	241	179
64	60	38.376	271	300	274	6	276	2	240	178
64	51	36.900	271	300	275	6	276	2	240	177
64	119	39.850	266	300	274	12	277	7	251	177
64	30	35.897	273	300	274	4	276	3	238	176
64	74	37.828	267	300	274	11	277	6	251	176
64	72	36.786	280	300	296	4	276	4	269	175
64	89	34.066	273	300	272	4	276	3	238	174
64	124	35.897	273	300	272	4	276	3	238	174
64	25	36.918	279	300	296	4	276	4	270	171
64	21	36.957	276	300	280	2	277	5	256	170
65	65	100.000	287	287	287	1	287	1	287	600
65	17	72.119	269	287	289	7	275	12	280	417
65	15	72.830	265	287	281	9	273	14	275	416
65	7	72.453	265	287	283	9	273	14	277	415
65	117	72.453	265	287	282	9	273	14	276	415
65	54	74.340	265	287	278	9	273	14	275	414
65	79	70.896	268	287	281	9	276	14	281	414
65	76	72.075	265	287	281	9	273	14	278	412
65	107	69.784	278	287	281	1	273	1	278	411
65	101	70.111	271	287	292	7	277	12	282	411
65	86	70.111	271	287	281	3	273	8	278	407
65	84	70.566	265	287	281	9	273	14	278	404
65	31	68.914	267	287	298	7	273	12	278	401
65	90	69.663	267	287	281	7	273	12	278	399
65	55	69.925	266	287	297	9	273	14	279	397
65	41	67.778	270	287	288	9	278	14	283	397
65	57	65.568	273	287	294	2	273	3	275	393
65	9	67.547	265	287	292	9	273	14	278	392
65	28	68.302	265	287	292	9	273	14	278	392
65	44	68.797	266	287	282	9	273	14	279	391
65	29	65.836	281	287	287	8	287	7	287	390
65	111	67.790	267	287	276	8	273	7	273	389
65	39	68.030	269	287	292	9	277	14	282	389
65	95	66.541	266	287	291	9	273	14	279	388
65	22	67.925	265	287	281	9	273	14	278	387
65	112	65.428	269	287	286	9	277	14	279	385
65	16	67.528	271	287	292	9	277	14	283	384
65	106	64.621	277	287	284	1	277	1	274	383
65	121	67.273	275	287	279	1	273	1	272	382
65	81	64.045	267	287	286	9	273	8	273	381
65	125	68.539	267	287	292	8	273	10	276	380
65	128	61.458	288	287	290	1	285	1	288	379
65	37	65.789	266	287	300	9	273	14	278	372
65	96	63.838	271	287	287	5	273	10	278	359
65	23	48.689	267	287	304	3	257	21	285	248
65	91	48.864	264	287	298	9	261	23	282	248
65	100	50.781	256	287	296	9	253	21	273	247
65	46	50.368	272	287	294	3	261	14	278	247
65	3	47.547	265	287	301	8	262	26	287	247
65	71	46.899	258	287	295	8	253	20	272	246
65	32	46.715	274	287	303	5	267	23	293	244
65	10	49.446	271	287	307	5	262	27	292	244
65	108	48.276	261	287	284	8	257	8	266	242
65	6	48.276	261	287	303	19	267	35	292	241
65	80	47.810	274	287	298	3	266	17	287	241
65	8	48.736	277	287	302	1	267	19	292	237
65	18	47.843	255	287	261	24	265	1	249	233
65	58	44.565	276	287	309	8	271	30	302	234
65	64	44.615	260	287	300	8	257	23	280	234
65	4	46.774	248	287	309	23	264	35	282	230
65	61	44.867	263	287	295	7	264	15	272	229
65	94	46.835	237	287	271	23	253	35	271	225
65	59	44.061	261	287	294	7	265	15	270	224
65	66	44.485	272	287	296	7	274	15	279	223
65	48	44.803	279	287	289	7	279	15	286	221
65	56	44.203	276	287	299	7	274	15	284	220
65	34	45.098	255	287	288	7	261	15	263	219
65	33	43.077	260	287	296	7	263	15	269	219
65	87	45.344	247	287	313	23	261	35	281	219
65	26	42.279	272	287	292	7	276	15	278	219
65	123	42.748	262	287	294	7	265	15	271	217
65	102	42.647	272	287	293	7	274	15	281	216
65	92	41.993	281	287	293	7	279	15	290	214
65	70	40.210	286	287	288	2	273	4	285	213
65	12	42.908	282	287	293	7	279	15	290	213
65	47	43.346	263	287	299	7	264	15	271	213
65	75	42.188	256	287	291	7	262	15	265	213
65	19	40.647	278	287	288	1	266	3	276	211
65	122	41.304	276	287	290	7	281	15	285	210
65	36	41.758	273	287	293	2	261	12	276	209
65	53	42.692	260	287	295	7	263	15	268	207
65	129	43.137	255	287	289	7	261	15	264	206
65	68	42.553	282	287	298	7	277	15	290	206
65	62	40.370	270	287	287	2	265	12	275	205
65	50	43.629	259	287	294	7	263	15	267	205
65	24	42.471	259	287	273	7	264	15	250	202
65	105	42.529	261	287	283	7	263	17	267	198
65	104	42.238	277	287	283	7	272	18	276	196
65	25	42.007	269	287	296	7	269	27	286	195
65	118	42.912	261	287	284	7	263	18	268	192
65	115	41.481	270	287	296	4	267	24	284	192
65	82	38.868	265	287	274	7	268	15	256	189
65	5	43.673	245	287	297	23	262	44	280	189
65	120	41.429	280	287	285	8	278	17	275	188
65	40	42.276	246	287	288	23	263	36	272	187
65	72	42.460	252	287	296	23	269	43	285	187
65	51	38.722	266	287	275	7	268	16	257	186
65	52	42.085	259	287	284	1	255	12	260	184
65	97	41.985	262	287	288	1	253	12	262	184
65	114	38.672	256	287	272	7	261	15	246	182
65	78	37.308	260	287	274	7	266	15	250	183
65	110	40.574	244	287	295	23	261	43	277	183
65	60	38.258	264	287	274	7	268	16	255	182
65	38	36.429	280	287	276	7	275	17	272	181
65	69	41.434	251	287	283	7	253	19	259	181
65	11	41.923	260	287	298	23	274	44	294	182
65	83	41.525	236	287	296	23	253	43	270	181
65	88	37.879	264	287	272	7	267	15	254	180
65	127	40.727	275	287	283	7	273	20	281	179
65	109	37.500	256	287	273	7	261	15	246	178
65	27	38.306	248	287	271	7	253	15	238	178
65	93	39.161	286	287	297	1	267	13	290	177
65	2	39.161	286	287	297	1	267	13	290	177
65	103	40.873	252	287	283	7	254	19	260	177
65	30	37.546	269	287	274	7	271	15	259	177
65	77	37.308	260	287	273	7	264	15	250	177
65	124	35.125	279	287	272	7	284	15	257	176
65	42	40.385	260	287	294	23	274	43	292	176
65	35	39.464	261	287	282	7	262	18	267	176
65	49	37.410	278	287	278	7	274	17	270	175
65	116	40.000	245	287	296	23	262	43	279	176
65	45	39.844	256	287	283	8	255	19	260	175
65	67	38.889	270	287	295	4	267	23	283	175
65	89	36.803	269	287	272	7	271	15	259	174
65	20	40.467	257	287	295	23	273	45	292	174
65	119	42.126	254	287	274	4	254	10	251	173
65	63	41.026	234	287	283	24	254	37	260	172
65	43	36.015	261	287	273	7	265	16	252	172
65	98	35.338	266	287	272	7	269	15	255	171
65	99	36.782	261	287	275	6	264	13	250	171
65	85	35.156	256	287	274	7	261	15	246	171
65	74	41.631	233	287	274	24	254	31	251	169
65	14	40.000	255	287	291	5	253	21	266	169
65	1	40.000	255	287	305	5	253	21	266	169
65	73	40.157	254	287	275	4	254	10	252	168
65	13	40.945	254	287	305	6	253	27	271	167
65	126	38.645	251	287	283	7	253	19	259	164
65	21	40.083	242	287	280	22	261	34	263	162
66	66	100.000	296	296	296	1	296	1	296	624
66	12	82.095	296	296	293	1	296	1	293	528
66	53	81.081	296	296	295	1	296	1	295	518
66	50	78.378	296	296	294	1	296	1	294	492
66	26	77.778	297	296	292	1	296	1	292	488
66	59	75.084	297	296	294	1	296	1	294	480
66	123	74.490	294	296	294	1	294	1	293	479
66	75	74.411	297	296	291	1	296	1	291	466
66	48	72.635	296	296	289	1	296	1	289	457
66	33	70.608	296	296	296	1	296	1	296	446
66	34	72.973	296	296	288	1	296	1	288	445
66	102	70.270	296	296	293	1	296	1	293	435
66	92	68.243	296	296	293	1	296	1	293	432
66	68	69.565	299	296	298	1	296	1	298	432
66	56	67.333	300	296	299	1	295	1	299	427
66	61	66.107	298	296	295	1	296	1	295	426
66	47	66.000	300	296	299	1	296	1	299	417
66	122	65.878	296	296	290	1	296	1	290	412
66	129	63.851	296	296	289	1	296	1	289	390
66	109	46.102	295	296	273	1	287	1	273	258
66	114	50.373	268	296	272	1	267	1	246	256
66	88	48.881	268	296	272	1	267	1	246	253
66	78	45.918	294	296	274	1	285	1	272	253
66	82	48.175	274	296	274	1	272	1	253	252
66	124	47.826	276	296	272	1	272	1	254	250
66	30	45.035	282	296	274	1	281	1	260	249
66	77	45.520	279	296	273	1	278	1	258	248
66	38	45.763	295	296	276	1	289	3	275	248
66	89	44.558	294	296	272	1	290	1	272	247
66	24	47.970	271	296	273	1	270	1	250	247
66	98	45.238	294	296	272	1	290	1	272	246
66	27	47.101	276	296	271	1	272	1	251	246
66	85	45.085	295	296	274	1	288	1	272	244
66	43	46.909	275	296	273	1	273	2	254	241
66	51	46.739	276	296	275	1	272	2	255	239
66	54	46.520	273	296	278	2	269	2	265	237
66	17	44.203	276	296	289	1	270	1	269	236
66	99	45.387	271	296	275	1	270	1	250	235
66	91	43.321	277	296	298	3	264	4	280	235
66	84	43.657	268	296	281	8	270	5	269	234
66	49	45.205	292	296	278	1	290	3	268	234
66	36	43.816	283	296	293	8	274	3	283	233
66	7	44.485	272	296	283	3	269	7	267	232
66	117	43.911	271	296	282	1	267	1	264	231
66	106	46.245	253	296	284	12	259	4	250	230
66	100	44.128	281	296	296	3	268	2	281	230
66	44	42.806	278	296	282	1	271	1	271	228
66	112	45.418	251	296	286	23	268	20	264	229
66	9	43.233	266	296	292	7	267	4	266	229
66	70	46.154	247	296	288	28	268	28	272	228
66	15	44.161	274	296	281	2	269	2	265	228
66	60	42.373	295	296	274	1	287	2	274	227
66	90	42.804	271	296	281	8	269	5	268	226
66	76	43.820	267	296	281	8	268	5	267	226
66	71	43.682	277	296	295	3	268	6	280	226
66	111	42.529	261	296	276	12	267	3	261	225
66	29	42.529	261	296	287	12	267	3	261	225
66	107	43.123	269	296	281	8	270	5	269	225
66	125	41.637	281	296	292	18	290	9	282	225
66	31	40.767	287	296	298	7	279	3	285	225
66	32	44.574	258	296	303	17	259	27	280	224
66	28	42.264	265	296	292	12	271	9	270	224
66	39	43.233	266	296	292	10	270	7	269	223
66	81	44.800	250	296	286	17	259	8	253	223
66	65	44.485	272	296	287	15	279	7	274	223
66	19	45.091	275	296	288	11	270	6	274	222
66	18	48.560	243	296	261	32	264	1	243	221
66	57	42.857	273	296	294	17	284	10	275	222
66	95	44.758	248	296	291	17	259	14	259	221
66	37	41.219	279	296	300	17	291	14	287	222
66	46	43.333	270	296	294	3	259	2	271	221
66	23	41.786	280	296	304	2	259	2	281	221
66	10	43.846	260	296	307	17	259	31	284	221
66	62	43.956	273	296	287	7	267	2	271	220
66	101	42.322	267	296	292	8	269	5	268	220
66	128	39.777	269	296	290	8	271	2	268	219
66	80	42.806	278	296	298	3	264	4	280	220
66	86	44.788	259	296	281	26	278	23	278	218
66	16	43.600	250	296	292	23	267	20	267	218
66	55	42.125	273	296	297	1	268	1	268	218
66	121	41.667	264	296	279	12	268	2	261	217
66	79	43.651	252	296	281	23	268	20	267	217
66	58	43.774	265	296	309	16	264	26	290	218
66	22	41.544	272	296	281	2	267	2	266	215
66	41	40.892	269	296	288	7	269	3	268	213
66	96	44.048	252	296	287	12	259	9	258	213
66	6	41.367	278	296	303	3	259	2	279	213
66	64	38.111	307	296	300	3	290	4	300	209
66	4	42.400	250	296	309	32	271	36	283	207
66	3	39.785	279	296	301	3	259	6	279	207
66	87	42.339	248	296	313	32	267	36	281	206
66	108	40.230	261	296	284	17	259	9	262	202
66	94	43.277	238	296	271	32	259	36	271	201
66	8	40.925	281	296	302	3	259	6	279	199
66	74	42.336	274	296	274	17	285	15	272	197
66	20	41.877	277	296	295	7	267	12	279	194
66	104	40.370	270	296	283	3	267	6	266	193
66	126	39.700	267	296	283	2	259	2	259	191
66	45	42.683	246	296	283	21	262	26	261	191
66	40	37.075	294	296	288	1	285	2	281	190
66	83	40.152	264	296	296	32	287	44	296	190
66	127	40.304	263	296	283	3	259	8	260	189
66	69	40.000	265	296	283	3	261	7	261	187
66	73	42.570	249	296	275	17	259	15	251	186
66	120	36.972	284	296	285	1	275	1	277	186
66	115	39.695	262	296	296	32	287	45	296	186
66	118	41.502	253	296	284	21	269	26	268	185
66	52	39.630	270	296	284	3	267	6	266	184
66	116	42.688	253	296	296	32	277	44	288	184
66	105	38.235	272	296	283	3	269	5	267	184
66	67	40.385	260	296	295	32	284	44	292	183
66	63	39.924	263	296	283	3	259	7	259	183
66	103	39.700	267	296	283	2	259	2	259	182
66	72	42.060	233	296	296	32	259	44	269	182
66	35	41.803	244	296	282	21	259	26	258	181
66	25	42.194	237	296	296	28	259	41	270	181
66	42	39.643	280	296	294	19	285	25	292	180
66	13	38.403	263	296	305	3	259	16	271	180
66	5	39.068	279	296	297	3	271	12	283	179
66	14	35.889	287	296	291	3	284	12	288	179
66	97	38.489	278	296	288	3	272	7	272	178
66	1	35.889	287	296	305	3	284	12	288	179
66	110	37.722	281	296	295	3	267	8	277	176
66	11	35.974	303	296	298	1	286	2	295	176
66	93	40.154	259	296	297	32	285	45	291	175
66	2	40.154	259	296	297	32	285	45	291	175
66	21	39.231	260	296	280	3	259	7	255	169
66	119	39.344	244	296	274	20	259	19	250	168
67	67	100.000	295	295	295	1	295	1	295	617
67	115	75.768	293	295	296	1	292	1	293	484
67	40	70.408	294	295	288	1	294	1	286	443
67	97	68.027	294	295	288	1	294	1	287	428
67	42	65.306	294	295	294	1	294	1	293	412
67	25	64.407	295	295	296	1	294	1	295	408
67	11	62.838	296	295	298	1	295	1	296	407
67	110	61.905	294	295	295	1	294	1	294	406
67	83	61.695	295	295	296	1	294	1	295	402
67	93	62.500	296	295	297	1	294	1	296	394
67	2	62.500	296	295	297	1	294	1	296	394
67	5	61.824	296	295	297	1	294	1	296	394
67	72	60.751	293	295	296	1	293	1	293	392
67	20	62.712	295	295	295	1	293	1	293	392
67	116	61.695	295	295	296	1	294	1	295	392
67	14	59.386	293	295	291	2	294	2	290	375
67	1	59.386	293	295	305	2	294	2	290	375
67	13	58.305	295	295	305	1	293	1	294	362
67	120	54.545	297	295	285	3	294	2	284	304
67	127	46.622	296	295	283	3	294	3	283	244
67	104	47.099	293	295	283	5	294	3	282	242
67	69	46.309	298	295	283	1	294	4	282	241
67	118	47.584	269	295	284	7	272	1	261	239
67	52	47.212	269	295	284	6	270	4	259	236
67	63	45.035	282	295	283	3	281	2	271	234
67	35	43.771	297	295	282	3	294	2	281	234
67	126	44.595	296	295	283	3	294	2	282	233
67	103	44.086	279	295	283	3	277	2	267	232
67	73	44.444	288	295	275	14	295	1	275	232
67	119	46.503	286	295	274	14	295	1	274	231
67	45	44.964	278	295	283	3	277	2	266	230
67	74	45.645	287	295	274	14	294	1	273	229
67	21	46.809	282	295	280	1	279	4	265	228
67	105	47.843	255	295	283	27	277	18	265	227
67	87	43.750	288	295	313	27	294	19	303	225
67	4	41.455	275	295	309	27	286	19	288	215
67	94	43.798	258	295	271	27	269	19	271	212
67	33	39.350	277	295	296	8	277	3	267	201
67	23	39.216	306	295	304	3	294	2	303	201
67	122	42.066	271	295	290	30	294	19	283	196
67	50	40.071	282	295	294	2	277	1	265	193
67	12	40.809	272	295	293	33	295	21	287	192
67	117	40.468	299	295	282	3	294	2	278	189
67	75	42.975	242	295	291	35	269	23	256	189
67	6	38.667	300	295	303	4	287	2	296	189
67	34	40.234	256	295	288	33	282	21	271	188
67	32	39.855	276	295	303	30	286	22	296	188
67	102	39.313	262	295	293	30	284	19	274	187
67	57	40.433	277	295	294	26	292	8	275	186
67	128	39.098	266	295	290	40	295	22	282	186
67	111	41.221	262	295	276	42	293	21	274	185
67	125	39.502	281	295	292	27	295	10	279	186
67	100	36.700	297	295	296	12	294	2	295	185
67	29	40.590	271	295	287	33	293	12	274	185
67	71	40.072	277	295	295	4	269	2	272	185
67	3	38.351	279	295	301	4	270	2	280	185
67	96	40.217	276	295	287	27	292	13	278	184
67	123	38.095	294	295	294	8	292	3	284	184
67	66	40.385	260	295	296	44	292	32	284	183
67	10	41.176	255	295	307	30	269	33	284	183
67	64	38.406	276	295	300	6	269	2	276	183
67	48	40.000	270	295	289	34	295	22	283	182
67	68	40.329	243	295	298	44	277	32	268	182
67	91	36.594	276	295	298	6	269	2	275	182
67	46	40.157	254	295	294	28	269	20	271	182
67	80	39.286	280	295	298	4	270	4	276	182
67	129	41.569	255	295	289	30	277	19	264	181
67	37	41.270	252	295	300	43	285	28	274	181
67	121	41.339	254	295	279	42	285	20	268	181
67	19	36.893	309	295	288	1	294	3	287	181
67	81	40.377	265	295	286	42	295	21	276	180
67	44	36.755	302	295	282	3	294	2	281	180
67	53	39.286	252	295	295	33	277	21	266	180
67	59	38.298	282	295	294	2	277	1	266	179
67	47	41.152	243	295	299	44	277	32	268	178
67	31	41.379	261	295	298	43	294	28	283	177
67	54	37.500	304	295	278	3	294	2	277	177
67	55	39.773	264	295	297	42	294	27	284	177
67	61	38.846	260	295	295	27	277	16	269	176
67	95	39.483	271	295	291	34	294	19	281	176
67	16	38.435	294	295	292	10	293	1	280	176
67	8	37.908	306	295	302	1	294	3	301	176
67	65	38.889	270	295	287	23	283	4	267	175
67	62	36.452	310	295	287	1	294	3	286	175
67	26	36.486	296	295	292	8	295	3	286	175
67	112	39.464	261	295	286	43	295	28	278	175
67	28	36.458	288	295	292	5	283	4	272	175
67	86	37.586	290	295	281	8	288	3	277	174
67	17	36.610	295	295	289	10	295	1	281	175
67	9	38.908	293	295	292	1	283	1	272	174
67	92	36.304	303	295	293	2	295	1	287	174
67	106	40.078	257	295	284	35	283	15	264	174
67	58	37.931	261	295	309	23	269	26	285	174
67	22	37.193	285	295	281	15	288	6	277	173
67	70	35.211	284	295	288	2	270	4	264	172
67	39	40.000	255	295	292	38	283	23	272	172
67	56	40.244	246	295	299	44	277	32	270	172
67	90	40.613	261	295	281	43	294	28	280	171
67	79	40.234	256	295	281	42	288	27	277	171
67	108	40.650	246	295	284	40	269	20	262	171
67	7	39.630	270	295	283	38	294	18	279	170
67	36	38.129	278	295	293	40	294	28	292	170
67	101	39.453	256	295	292	42	285	27	274	170
67	24	36.101	277	295	273	2	278	1	248	169
67	30	36.842	285	295	274	2	281	1	255	168
67	18	39.600	250	295	261	44	278	1	246	167
67	88	36.786	280	295	272	2	278	1	247	167
67	43	35.714	280	295	273	1	277	1	248	167
67	78	35.254	295	295	274	2	293	1	260	166
67	15	36.877	301	295	281	3	294	2	277	166
67	41	37.329	292	295	288	1	283	1	272	166
67	77	37.638	271	295	273	2	269	1	239	166
67	84	37.113	291	295	281	14	294	1	280	165
67	76	36.426	291	295	281	14	294	1	280	164
67	107	38.372	258	295	281	40	288	25	277	162
67	109	35.714	280	295	273	2	278	1	247	162
67	89	34.643	280	295	272	2	278	1	247	160
67	98	34.021	291	295	272	2	292	1	257	159
67	85	35.842	279	295	274	2	277	1	246	158
67	114	35.842	279	295	272	2	277	1	246	157
67	124	34.409	279	295	272	2	280	1	249	154
67	82	37.339	233	295	274	45	277	33	247	154
67	38	35.821	268	295	276	2	269	3	241	153
67	60	35.918	245	295	274	45	289	34	260	153
67	99	33.333	279	295	275	2	277	1	247	153
67	49	34.286	280	295	278	2	277	3	249	152
67	51	36.444	225	295	275	45	269	34	240	151
67	27	36.052	233	295	271	45	277	33	246	147
68	68	100.000	298	298	298	1	298	1	298	627
68	47	79.333	300	298	299	1	298	1	299	501
68	56	78.000	300	298	299	1	297	1	299	480
68	102	74.916	299	298	293	1	298	1	293	462
68	92	73.244	299	298	293	1	298	1	293	460
68	61	73.754	301	298	295	1	298	1	295	458
68	66	69.565	299	298	296	1	298	1	296	432
68	33	68.456	298	298	296	1	297	1	295	425
68	12	69.231	299	298	293	1	298	1	293	421
68	53	66.107	298	298	295	1	298	1	295	417
68	50	66.887	302	298	294	1	298	1	294	412
68	59	64.238	302	298	294	1	297	1	293	402
68	26	66.445	301	298	292	1	298	1	292	402
68	123	66.330	297	298	294	1	296	1	293	401
68	75	64.883	299	298	291	1	298	1	291	395
68	122	65.436	298	298	290	1	297	1	289	393
68	34	62.791	301	298	288	1	298	1	288	386
68	129	62.081	298	298	289	1	297	1	288	382
68	48	63.087	298	298	289	1	298	1	289	382
68	99	44.295	298	298	275	1	292	1	275	237
68	82	42.761	297	298	274	1	291	1	274	237
68	24	44.407	295	298	273	1	287	1	271	236
68	27	46.154	273	298	271	1	270	1	248	235
68	109	44.108	297	298	273	1	289	1	273	234
68	38	44.595	296	298	276	1	290	3	274	234
68	114	44.746	295	298	272	1	287	1	270	233
68	91	44.203	276	298	298	3	262	4	277	233
68	88	45.926	270	298	272	1	268	1	246	231
68	85	43.144	299	298	274	1	292	1	274	231
68	30	43.243	296	298	274	1	289	1	272	230
68	80	47.059	255	298	298	17	260	23	275	229
68	124	44.815	270	298	272	1	268	1	246	228
68	111	42.806	278	298	276	12	278	3	276	228
68	98	41.837	294	298	272	1	287	1	270	228
68	70	42.509	287	298	288	11	286	6	285	228
68	29	42.806	278	298	287	12	278	3	276	228
68	49	43.729	295	298	278	1	291	3	271	227
68	89	41.554	296	298	272	1	289	1	272	226
68	51	41.275	298	298	275	1	289	2	275	226
68	43	44.257	296	298	273	1	289	2	273	226
68	7	43.793	290	298	283	8	291	5	282	226
68	36	42.321	293	298	293	4	286	4	290	226
68	16	43.173	271	298	292	8	268	4	267	225
68	95	44.853	272	298	291	8	271	5	270	225
68	60	42.143	280	298	274	1	277	2	257	224
68	78	43.866	269	298	274	1	268	1	245	224
68	77	43.173	271	298	273	1	268	1	247	223
68	100	48.361	244	298	296	28	260	32	273	224
68	62	43.197	294	298	287	11	286	6	284	223
68	57	42.908	282	298	294	17	291	10	280	222
68	18	46.694	242	298	261	32	262	1	240	221
68	19	43.357	286	298	288	11	286	6	285	222
68	44	42.806	278	298	282	1	272	1	271	221
68	106	44.151	265	298	284	12	270	4	260	219
68	121	40.210	286	298	279	12	291	2	277	219
68	46	45.902	244	298	294	28	260	30	271	219
68	71	43.494	269	298	295	3	260	6	272	219
68	54	44.928	276	298	278	2	271	2	266	218
68	28	43.003	293	298	292	9	287	6	290	218
68	84	43.494	269	298	281	8	268	5	266	217
68	112	42.908	282	298	286	8	282	5	275	218
68	6	43.651	252	298	303	22	261	30	280	218
68	86	41.379	290	298	281	3	286	3	278	217
68	125	42.471	259	298	292	17	268	11	264	217
68	4	44.490	245	298	309	32	269	36	280	218
68	128	39.924	263	298	290	16	272	10	268	216
68	96	41.887	265	298	287	12	271	9	269	216
68	9	40.476	294	298	292	8	294	5	287	216
68	87	42.652	279	298	313	32	297	36	308	216
68	17	41.135	282	298	289	9	284	6	282	215
68	3	40.433	277	298	301	3	260	6	279	216
68	58	43.182	264	298	309	9	260	26	285	216
68	101	42.491	273	298	292	7	271	4	269	214
68	76	42.537	268	298	281	8	269	5	267	214
68	31	41.156	294	298	298	8	292	5	284	213
68	117	43.682	277	298	282	1	271	1	267	212
68	32	42.969	256	298	303	17	260	27	280	213
68	94	44.492	236	298	271	32	260	36	271	211
68	37	41.111	270	298	300	8	271	5	269	211
68	23	42.629	251	298	304	28	261	38	282	211
68	15	41.404	285	298	281	2	275	2	275	209
68	90	41.111	270	298	281	8	271	5	269	209
68	79	41.636	269	298	281	9	269	6	267	209
68	64	42.857	252	298	300	22	261	29	277	209
68	55	42.279	272	298	297	8	271	5	270	209
68	10	43.265	245	298	307	28	260	40	284	209
68	81	39.847	261	298	286	17	271	8	264	208
68	108	40.856	257	298	284	17	260	9	262	208
68	39	41.608	286	298	292	9	285	6	284	208
68	65	42.553	282	298	287	15	290	7	277	206
68	41	41.481	270	298	288	8	271	5	269	206
68	22	41.877	277	298	281	2	268	2	266	204
68	107	42.972	249	298	281	28	269	25	267	203
68	45	40.727	275	298	283	8	277	13	275	201
68	126	38.676	287	298	283	2	277	2	276	201
68	35	39.695	262	298	282	21	277	25	275	199
68	127	39.576	283	298	283	3	277	8	277	195
68	13	39.286	280	298	305	3	271	16	282	194
68	5	42.339	248	298	297	32	272	45	283	194
68	8	41.328	271	298	302	17	275	27	291	194
68	69	40.755	265	298	283	21	277	27	276	192
68	120	38.276	290	298	285	1	277	1	278	191
68	20	44.262	244	298	295	32	268	46	279	190
68	83	40.741	243	298	296	32	268	44	278	190
68	116	39.773	264	298	296	21	272	27	282	189
68	40	37.857	280	298	288	1	268	2	270	188
68	104	40.377	265	298	283	10	268	13	266	187
68	72	41.870	246	298	296	32	271	44	280	187
68	74	41.564	243	298	274	27	264	26	254	186
68	42	40.000	265	298	294	19	271	25	279	186
68	52	38.652	282	298	284	3	277	6	276	186
68	115	41.803	244	298	296	32	268	45	278	186
68	103	40.152	264	298	283	19	277	30	276	185
68	73	40.711	253	298	275	27	273	26	264	185
68	63	39.033	269	298	283	20	277	19	276	185
68	118	42.449	245	298	284	21	260	26	258	184
68	11	39.837	246	298	298	32	271	45	281	184
68	25	41.129	248	298	296	28	268	41	278	184
68	67	40.329	243	298	295	32	268	44	277	182
68	97	41.085	258	298	288	21	271	27	273	179
68	105	37.589	282	298	283	3	277	5	275	179
68	93	41.700	247	298	297	32	268	45	279	178
68	2	41.700	247	298	297	32	268	45	279	178
68	110	36.972	284	298	295	3	272	8	281	178
68	14	36.655	281	298	291	1	271	6	277	174
68	1	36.655	281	298	305	1	271	6	277	174
68	21	37.456	283	298	280	1	275	2	270	171
68	119	38.000	250	298	274	20	264	19	254	169
69	69	100.000	283	283	283	1	283	1	283	588
69	63	69.965	283	283	283	1	283	1	283	427
69	103	69.611	283	283	283	1	283	1	283	424
69	127	68.905	283	283	283	1	282	1	283	419
69	126	65.018	283	283	283	1	283	1	283	399
69	45	63.958	283	283	283	1	283	1	282	389
69	105	61.702	282	283	283	3	283	2	282	377
69	52	61.348	282	283	284	3	283	2	283	374
69	104	62.057	282	283	283	3	283	2	283	372
69	118	60.638	282	283	284	3	283	2	283	371
69	35	62.454	269	283	282	15	283	14	282	370
69	74	55.472	265	283	274	20	283	14	274	291
69	73	53.214	280	283	275	5	282	5	274	286
69	119	51.786	280	283	274	4	282	4	273	282
69	21	50.890	281	283	280	3	282	3	279	270
69	97	50.951	263	283	288	3	259	3	262	248
69	25	45.791	297	283	296	2	283	3	296	244
69	67	46.309	298	283	295	4	282	1	294	241
69	42	44.667	300	283	294	4	283	1	294	236
69	115	45.965	285	283	296	4	271	1	282	234
69	11	47.059	272	283	298	20	280	28	293	232
69	120	44.755	286	283	285	7	282	3	284	230
69	14	43.151	292	283	291	2	283	3	291	227
69	1	43.151	292	283	305	2	283	3	291	227
69	20	41.946	298	283	295	4	283	1	295	226
69	40	46.360	261	283	288	4	255	1	258	226
69	5	43.273	275	283	297	2	262	3	274	222
69	72	43.561	264	283	296	5	255	6	265	220
69	110	41.786	280	283	295	4	271	5	281	219
69	93	43.243	296	283	297	4	282	5	296	218
69	2	43.243	296	283	297	4	282	5	296	218
69	13	43.060	281	283	305	11	283	19	296	218
69	116	42.960	277	283	296	4	263	1	274	211
69	83	41.912	272	283	296	5	263	6	274	208
69	87	41.463	287	283	313	20	282	19	303	208
69	12	41.096	292	283	293	5	282	1	286	205
69	50	42.910	268	283	294	5	261	1	259	204
69	53	41.237	291	283	295	5	280	1	283	203
69	6	40.502	279	283	303	6	259	1	279	202
69	48	40.072	277	283	289	5	274	1	270	201
69	64	41.754	285	283	300	6	270	3	287	201
69	33	39.416	274	283	296	7	271	3	271	201
69	91	41.176	272	283	298	5	259	6	275	201
69	58	42.412	257	283	309	20	259	30	285	201
69	43	40.569	281	283	273	5	282	2	266	199
69	23	41.071	280	283	304	7	259	3	281	200
69	18	46.025	239	283	261	37	259	1	238	196
69	47	41.971	274	283	299	7	267	3	268	196
69	111	40.364	275	283	276	20	283	7	276	196
69	26	41.481	270	283	292	5	266	1	263	196
69	80	39.855	276	283	298	5	259	6	275	196
69	29	41.732	254	283	287	20	262	7	256	196
69	88	39.922	258	283	272	7	264	3	243	195
69	123	40.977	266	283	294	5	261	1	261	196
69	32	41.825	263	283	303	18	259	26	280	196
69	55	42.353	255	283	297	37	280	29	279	195
69	114	41.538	260	283	272	5	264	1	243	194
69	59	40.299	268	283	294	5	264	1	263	194
69	92	40.075	267	283	293	7	261	3	261	194
69	62	42.379	269	283	287	27	282	22	286	193
69	109	41.221	262	283	273	5	264	1	243	193
69	71	38.926	298	283	295	5	282	4	294	193
69	95	39.322	295	283	291	3	282	3	281	192
69	96	40.876	274	283	287	20	281	13	282	192
69	102	40.070	287	283	293	5	276	1	275	192
69	106	43.200	250	283	284	20	262	8	253	192
69	68	40.755	265	283	298	27	276	21	277	192
69	56	39.863	291	283	299	7	282	3	285	192
69	100	39.711	277	283	296	5	262	4	276	191
69	81	40.293	273	283	286	21	282	8	275	191
69	34	40.458	262	283	288	5	261	1	257	191
69	4	40.310	258	283	309	20	259	19	271	191
69	57	40.809	272	283	294	20	280	9	275	190
69	17	41.313	259	283	289	37	281	29	279	190
69	128	39.706	272	283	290	20	280	10	276	189
69	122	41.887	265	283	290	7	261	3	258	189
69	30	39.464	261	283	274	5	264	1	243	188
69	94	40.310	258	283	271	20	259	19	271	188
69	125	40.310	258	283	292	16	262	6	259	188
69	24	41.392	273	283	273	5	276	1	253	187
69	10	41.923	260	283	307	23	259	33	284	188
69	66	40.000	265	283	296	7	261	3	261	187
69	61	38.095	294	283	295	5	282	1	288	187
69	46	41.026	273	283	294	5	259	4	271	187
69	75	37.931	290	283	291	5	282	1	284	187
69	36	38.851	296	283	293	6	282	1	292	187
69	101	39.493	276	283	292	3	268	3	267	186
69	121	40.816	245	283	279	37	270	22	263	186
69	3	39.785	279	283	301	4	259	3	279	186
69	54	40.152	264	283	278	27	283	19	278	186
69	84	38.516	283	283	281	11	283	3	281	186
69	7	37.801	291	283	283	1	282	1	279	185
69	9	42.069	290	283	292	4	281	1	279	185
69	41	41.313	259	283	288	32	280	24	278	185
69	77	38.686	274	283	273	5	278	1	255	184
69	108	42.324	241	283	284	37	259	24	262	185
69	31	42.276	246	283	298	37	268	29	267	185
69	39	40.226	266	283	292	13	268	5	267	184
69	90	40.385	260	283	281	11	259	3	258	183
69	70	43.388	242	283	288	33	261	28	265	183
69	38	40.927	259	283	276	5	261	3	243	183
69	78	38.132	257	283	274	5	261	1	239	182
69	124	38.672	256	283	272	7	262	3	241	182
69	60	43.860	228	283	274	38	264	34	245	182
69	129	41.509	265	283	289	7	261	3	258	182
69	65	41.434	251	283	287	19	259	7	253	181
69	98	37.308	260	283	272	5	264	1	243	181
69	28	40.278	288	283	292	4	281	1	279	181
69	44	40.698	258	283	282	37	283	29	282	181
69	37	39.223	283	283	300	11	282	3	280	181
69	82	39.695	262	283	274	5	264	1	244	179
69	49	37.956	274	283	278	5	277	3	260	179
69	86	36.396	283	283	281	11	283	3	281	179
69	76	36.749	283	283	281	11	283	3	281	179
69	117	41.176	255	283	282	37	282	29	278	179
69	16	39.098	266	283	292	31	278	23	284	179
69	8	40.860	279	283	302	4	259	3	279	178
69	79	37.011	281	283	281	11	281	3	279	177
69	19	42.500	240	283	288	33	259	28	263	177
69	27	41.048	229	283	271	38	264	33	243	177
69	22	39.300	257	283	281	37	283	29	281	177
69	89	37.455	275	283	272	5	278	1	254	176
69	51	38.996	259	283	275	4	261	1	242	175
69	85	36.923	260	283	274	5	264	1	243	175
69	99	36.803	269	283	275	5	271	1	252	175
69	107	37.786	262	283	281	32	283	24	281	174
69	15	39.130	253	283	281	37	282	29	277	172
69	112	36.014	286	283	286	3	281	3	276	171
7	7	100.000	283	283	283	1	283	1	283	591
7	54	80.287	279	283	278	1	279	1	277	471
7	15	76.678	283	283	281	1	283	1	281	462
7	117	78.058	278	283	282	6	283	6	282	460
7	44	73.310	281	283	282	1	279	1	281	434
7	22	72.143	280	283	281	1	279	1	280	432
7	76	71.739	276	283	281	5	279	5	280	430
7	107	70.609	279	283	281	1	278	1	279	430
7	101	72.202	277	283	292	3	278	3	279	429
7	95	70.213	282	283	291	1	280	1	282	429
7	31	70.318	283	283	298	1	282	1	283	424
7	17	71.326	279	283	289	6	283	6	284	423
7	9	70.909	275	283	292	5	278	5	279	420
7	55	69.504	282	283	297	3	282	3	284	416
7	65	72.453	265	283	287	14	277	9	273	415
7	84	69.565	276	283	281	5	279	5	280	414
7	79	68.817	279	283	281	1	278	1	279	414
7	41	68.978	274	283	288	5	277	5	278	413
7	37	69.424	278	283	300	5	280	5	281	411
7	86	69.395	281	283	281	1	279	1	280	407
7	112	68.116	276	283	286	3	278	3	276	402
7	90	67.754	276	283	281	5	279	5	280	397
7	28	67.518	274	283	292	6	278	6	279	397
7	111	70.412	267	283	276	14	278	8	274	395
7	16	66.078	283	283	292	3	283	3	285	396
7	29	70.412	267	283	287	14	278	8	274	395
7	106	69.962	263	283	284	14	276	9	269	389
7	39	67.986	278	283	292	3	278	3	279	387
7	57	68.045	266	283	294	14	277	10	275	387
7	128	63.830	282	283	290	4	283	1	282	385
7	81	66.052	271	283	286	12	280	6	276	382
7	121	65.693	274	283	279	11	282	4	277	374
7	125	65.799	269	283	292	14	280	11	279	370
7	96	63.604	283	283	287	1	280	1	281	367
7	91	50.373	268	283	298	4	260	13	278	263
7	23	49.470	283	283	304	14	279	27	303	261
7	71	51.527	262	283	295	7	257	14	272	258
7	80	50.566	265	283	298	4	257	13	275	258
7	6	51.908	262	283	303	23	271	34	292	256
7	100	50.187	267	283	296	4	257	11	273	255
7	32	48.375	277	283	303	16	279	29	302	249
7	46	49.650	286	283	294	6	279	12	293	248
7	58	47.529	263	283	309	15	261	32	289	248
7	3	48.649	259	283	301	14	261	27	283	245
7	64	48.193	249	283	300	24	261	34	280	244
7	10	48.235	255	283	307	21	261	36	288	239
7	87	46.416	293	283	313	7	280	13	304	238
7	108	46.923	260	283	284	14	261	9	266	236
7	18	47.170	265	283	261	29	279	1	260	234
7	8	46.875	288	283	302	5	279	16	301	235
7	66	44.485	272	283	296	7	267	3	269	232
7	123	45.385	260	283	294	14	269	17	271	230
7	102	42.907	289	283	293	7	283	3	286	230
7	12	42.456	285	283	293	5	280	8	287	229
7	33	44.074	270	283	296	20	280	23	287	228
7	92	43.609	266	283	293	5	266	8	268	227
7	61	43.902	287	283	295	5	280	8	289	227
7	68	43.793	290	283	298	5	282	8	291	226
7	4	45.353	269	283	309	7	266	13	280	226
7	26	41.696	283	283	292	5	279	8	285	222
7	94	45.660	265	283	271	7	257	13	271	221
7	34	43.295	261	283	288	5	265	8	263	222
7	56	44.170	283	283	299	5	279	8	285	221
7	48	43.310	284	283	289	5	279	8	282	220
7	59	44.269	253	283	294	20	269	23	270	220
7	47	43.478	276	283	299	5	273	8	277	218
7	53	41.791	268	283	295	5	268	8	269	218
7	122	43.617	282	283	290	5	280	8	284	217
7	36	41.522	289	283	293	5	279	8	292	216
7	62	41.319	288	283	287	4	279	3	286	213
7	50	42.066	271	283	294	5	268	8	268	211
7	75	40.569	281	283	291	7	277	3	274	211
7	70	38.488	291	283	288	1	279	1	287	210
7	19	39.792	289	283	288	4	279	3	287	209
7	129	41.985	262	283	289	5	265	8	264	207
7	77	41.328	271	283	273	9	278	12	259	199
7	120	42.379	269	283	285	1	257	1	261	199
7	82	39.792	289	283	274	5	282	8	274	194
7	30	40.136	294	283	274	2	280	2	272	194
7	104	39.661	295	283	283	3	279	2	282	191
7	24	39.695	262	283	273	5	265	8	247	191
7	105	39.919	248	283	283	23	267	29	267	189
7	109	40.441	272	283	273	9	276	12	259	188
7	118	40.458	262	283	284	23	279	30	282	188
7	88	40.143	279	283	272	14	280	17	272	187
7	78	40.078	257	283	274	14	270	17	250	187
7	127	40.288	278	283	283	6	279	15	283	187
7	124	40.310	258	283	272	9	265	12	246	187
7	69	37.801	291	283	283	1	279	1	282	185
7	89	38.095	294	283	272	2	280	2	272	185
7	114	39.922	258	283	272	9	265	12	246	184
7	116	41.985	262	283	296	28	280	43	296	184
7	103	41.538	260	283	283	6	258	10	260	184
7	25	38.079	302	283	296	2	283	3	296	184
7	119	39.789	284	283	274	1	279	1	273	183
7	115	40.809	272	283	296	17	280	38	296	183
7	83	40.076	262	283	296	28	280	43	296	183
7	45	40.149	269	283	283	1	259	1	260	182
7	40	41.264	269	283	288	18	279	31	286	182
7	85	38.246	285	283	274	9	282	12	273	181
7	74	40.840	262	283	274	1	258	1	251	181
7	52	40.672	268	283	284	3	259	2	260	180
7	35	38.697	261	283	282	23	279	30	281	180
7	72	40.293	273	283	296	15	278	29	293	181
7	73	42.678	239	283	275	23	258	25	252	179
7	14	38.255	298	283	291	2	283	3	291	179
7	97	37.676	284	283	288	4	279	12	287	179
7	1	38.255	298	283	305	2	283	3	291	179
7	42	39.051	274	283	294	17	283	32	294	179
7	110	39.847	261	283	295	28	280	43	295	179
7	11	37.931	290	283	298	4	281	13	294	176
7	38	36.525	282	283	276	11	281	16	274	175
7	5	41.065	263	283	297	28	280	44	297	175
7	63	40.458	262	283	283	23	279	31	282	175
7	21	38.909	275	283	280	3	268	3	266	174
7	126	41.631	233	283	283	29	257	37	259	174
7	27	39.216	255	283	271	5	257	8	238	173
7	93	39.189	296	283	297	4	280	13	297	174
7	2	39.189	296	283	297	4	280	13	297	174
7	20	40.856	257	283	295	28	278	45	293	172
7	98	36.466	266	283	272	9	272	12	254	171
7	60	36.029	272	283	274	6	273	10	256	171
7	43	37.402	254	283	273	14	265	18	248	169
7	67	39.630	270	283	295	18	279	38	294	170
7	99	35.907	259	283	275	9	265	12	247	167
7	49	38.023	263	283	278	5	265	10	249	166
7	51	35.249	261	283	275	7	265	11	248	166
7	13	40.909	242	283	305	17	253	34	267	161
70	70	100.000	288	288	288	1	288	1	288	607
70	19	75.000	288	288	288	1	288	1	288	468
70	62	78.125	288	288	287	1	288	1	287	466
70	36	73.038	293	288	293	1	288	1	293	459
70	100	46.713	289	288	296	1	274	1	283	248
70	80	44.604	278	288	298	1	265	3	277	246
70	102	45.956	272	288	293	22	287	22	286	244
70	71	45.907	281	288	295	1	273	8	281	243
70	91	44.565	276	288	298	1	263	3	275	241
70	33	44.853	272	288	296	2	271	7	267	238
70	6	42.484	306	288	303	1	288	1	303	238
70	26	46.154	260	288	292	32	287	32	285	236
70	3	47.148	263	288	301	23	274	33	289	236
70	92	44.444	270	288	293	22	287	22	286	236
70	46	42.254	284	288	294	4	275	3	282	236
70	32	42.532	308	288	303	1	288	1	303	235
70	58	43.750	272	288	309	27	288	41	309	235
70	10	41.479	311	288	307	1	288	1	307	234
70	108	43.431	274	288	284	13	274	4	272	231
70	8	42.157	306	288	302	5	288	4	302	230
70	12	46.281	242	288	293	32	272	32	268	229
70	76	40.441	272	288	281	5	272	2	267	228
70	64	44.245	278	288	300	1	263	3	276	228
70	17	42.435	271	288	289	20	286	17	281	228
70	66	46.154	247	288	296	28	272	28	268	228
70	68	42.509	287	288	298	6	285	11	286	228
70	61	45.594	261	288	295	17	271	16	269	226
70	106	44.867	263	288	284	15	272	6	259	225
70	16	42.188	256	288	292	20	271	17	267	226
70	84	40.830	289	288	281	5	287	2	280	225
70	86	41.353	266	288	281	20	281	17	276	225
70	79	42.963	270	288	281	7	272	7	267	224
70	59	45.455	242	288	294	32	272	32	267	223
70	123	44.531	256	288	294	20	273	20	269	223
70	90	41.155	277	288	281	5	275	2	270	223
70	111	42.264	265	288	276	12	271	2	261	222
70	29	42.264	265	288	287	12	271	2	261	222
70	23	43.359	256	288	304	22	267	32	285	222
70	39	43.077	260	288	292	10	265	7	260	221
70	128	42.599	277	288	290	14	285	7	276	220
70	121	43.071	267	288	279	23	285	13	272	219
70	95	39.863	291	288	291	1	287	1	281	220
70	112	40.210	286	288	286	5	286	5	276	219
70	34	44.813	241	288	288	32	271	32	263	219
70	101	40.493	284	288	292	7	286	7	279	219
70	56	41.581	291	288	299	3	285	8	289	219
70	47	42.697	267	288	299	23	285	23	285	219
70	48	43.396	265	288	289	28	287	28	282	219
70	129	46.721	244	288	289	32	271	32	264	219
70	31	41.912	272	288	298	20	287	17	280	219
70	53	45.528	246	288	295	28	272	28	267	219
70	18	44.813	241	288	261	32	263	1	238	216
70	50	45.382	249	288	294	28	272	28	266	216
70	9	40.590	271	288	292	5	271	2	266	216
70	122	41.958	286	288	290	9	287	15	283	216
70	87	41.254	303	288	313	2	287	4	303	216
70	37	39.583	288	288	300	4	287	1	280	215
70	55	40.000	270	288	297	8	272	4	268	214
70	75	44.758	248	288	291	32	276	32	269	214
70	41	39.483	271	288	288	7	272	3	267	213
70	54	39.863	291	288	278	1	287	1	277	213
70	65	40.210	286	288	287	4	285	2	273	213
70	4	43.956	273	288	309	31	287	35	301	214
70	57	40.152	264	288	294	13	272	6	264	213
70	15	41.455	275	288	281	20	287	17	277	211
70	7	38.488	291	288	283	1	287	1	279	210
70	28	40.141	284	288	292	8	286	4	279	210
70	117	43.145	248	288	282	20	263	17	256	210
70	107	38.462	286	288	281	5	286	2	279	209
70	81	41.633	245	288	286	23	263	14	253	207
70	44	40.154	259	288	282	20	272	17	268	207
70	125	39.768	259	288	292	23	275	17	268	206
70	94	46.667	240	288	271	31	263	35	271	203
70	35	43.911	271	288	282	1	266	6	261	199
70	96	40.467	257	288	287	22	275	19	270	199
70	22	38.182	275	288	281	1	271	1	266	198
70	120	39.394	297	288	285	1	287	1	284	197
70	126	40.075	267	288	283	25	287	30	282	187
70	77	39.560	273	288	273	7	273	3	249	186
70	24	40.278	288	288	273	2	283	7	261	186
70	89	39.711	277	288	272	7	276	3	252	185
70	97	41.544	272	288	288	3	264	4	263	186
70	78	37.634	279	288	274	7	278	3	254	184
70	104	36.860	293	288	283	3	287	3	282	184
70	30	38.047	297	288	274	2	287	7	271	184
70	82	38.007	271	288	274	3	271	8	247	184
70	69	43.388	242	288	283	28	265	33	261	183
70	115	40.329	243	288	296	28	264	41	271	182
70	45	36.749	283	288	283	2	277	3	272	180
70	43	38.148	270	288	273	23	287	24	266	179
70	88	39.483	271	288	272	7	271	3	246	178
70	63	39.483	271	288	283	4	265	4	261	178
70	27	35.374	294	288	271	4	287	4	270	177
70	114	37.868	272	288	272	2	271	7	246	175
70	99	36.531	271	288	275	7	271	3	247	175
70	118	37.681	276	288	284	19	287	20	282	176
70	52	35.172	290	288	284	2	287	6	282	175
70	40	38.971	272	288	288	2	264	4	263	174
70	51	38.768	276	288	275	2	271	8	248	174
70	109	36.531	271	288	273	7	271	3	246	173
70	85	35.793	271	288	274	7	271	3	246	172
70	105	36.260	262	288	283	28	285	31	279	172
70	67	35.211	284	288	295	4	264	2	270	172
70	116	36.842	285	288	296	5	272	6	279	172
70	38	38.095	273	288	276	2	271	9	249	171
70	127	40.574	244	288	283	28	263	34	260	171
70	110	36.426	291	288	295	7	287	16	294	171
70	42	37.591	274	288	294	7	271	16	276	171
70	124	36.900	271	288	272	7	271	3	246	170
70	49	35.644	303	288	278	4	287	2	277	169
70	119	39.256	242	288	274	25	263	24	250	168
70	103	39.113	248	288	283	28	271	33	267	168
70	83	35.410	305	288	296	4	287	2	295	168
70	5	38.583	254	288	297	28	274	41	282	167
70	60	38.976	254	288	274	23	271	24	248	167
70	98	34.191	272	288	272	2	271	7	246	166
70	11	38.247	251	288	298	27	271	40	278	166
70	73	37.449	243	288	275	25	263	24	251	165
70	14	35.417	288	288	291	6	287	15	290	165
70	1	35.417	288	288	305	6	287	15	290	165
70	72	36.782	261	288	296	13	264	23	270	162
70	21	37.879	264	288	280	6	263	7	255	162
70	93	36.264	273	288	297	21	287	34	295	162
70	2	36.264	273	288	297	21	287	34	295	162
70	74	36.402	239	288	274	28	263	27	250	160
70	13	35.185	270	288	305	23	286	37	294	160
70	20	37.597	258	288	295	21	271	35	279	160
70	25	36.704	267	288	296	28	287	41	295	156
71	71	100.000	295	295	295	1	295	1	295	615
71	100	72.635	296	295	296	1	295	1	296	457
71	46	69.595	296	295	294	1	295	1	294	445
71	91	67.230	296	295	298	1	295	3	298	434
71	80	68.243	296	295	298	1	295	3	298	433
71	18	72.797	261	295	261	36	295	1	261	404
71	23	63.569	269	295	304	19	283	25	292	362
71	32	59.516	289	295	303	1	280	1	288	356
71	6	56.766	303	295	303	1	295	1	303	349
71	10	58.644	295	295	307	1	280	1	292	349
71	3	57.639	288	295	301	1	280	1	287	345
71	108	58.647	266	295	284	19	281	7	271	335
71	8	57.986	288	295	302	1	280	1	287	335
71	58	55.102	294	295	309	1	281	1	294	335
71	64	56.146	301	295	300	1	295	3	300	329
71	117	53.287	289	295	282	10	295	3	279	280
71	44	51.128	266	295	282	10	272	3	259	271
71	95	51.908	262	295	291	14	272	7	259	268
71	17	50.370	270	295	289	10	273	3	259	268
71	28	49.270	274	295	292	14	283	7	270	267
71	81	50.719	278	295	286	21	294	8	275	267
71	76	48.399	281	295	281	4	280	2	267	266
71	9	48.905	274	295	292	14	283	7	270	266
71	84	50.360	278	295	281	4	276	2	262	265
71	112	49.815	271	295	286	14	280	7	264	264
71	121	50.965	259	295	279	18	272	4	252	263
71	128	52.529	257	295	290	19	272	9	256	263
71	16	47.925	265	295	292	11	272	4	259	261
71	22	49.237	262	295	281	14	272	7	258	260
71	57	50.000	256	295	294	20	272	9	255	259
71	37	50.376	266	295	300	10	272	3	258	260
71	79	48.496	266	295	281	10	272	3	258	259
71	31	49.097	277	295	298	10	282	3	269	259
71	7	51.527	262	295	283	14	272	7	257	258
71	86	48.120	266	295	281	10	272	3	258	256
71	55	49.618	262	295	297	14	272	7	259	257
71	101	49.242	264	295	292	14	272	7	258	256
71	15	47.744	266	295	281	10	272	3	255	256
71	106	49.104	279	295	284	19	293	7	271	255
71	29	48.746	279	295	287	20	293	7	270	255
71	111	50.775	258	295	276	20	272	7	253	254
71	54	48.496	266	295	278	10	272	3	255	252
71	41	46.643	283	295	288	10	288	3	275	250
71	39	49.231	260	295	292	17	272	10	258	249
71	90	46.207	290	295	281	10	294	3	280	249
71	107	47.328	262	295	281	14	272	7	258	249
71	65	46.899	258	295	287	20	272	8	253	246
71	70	45.907	281	295	288	8	281	1	273	243
71	96	49.804	255	295	287	20	272	13	258	239
71	33	45.693	267	295	296	6	272	3	259	238
71	125	44.604	278	295	292	20	293	10	273	236
71	53	43.448	290	295	295	6	293	3	280	233
71	62	41.695	295	295	287	8	295	1	287	230
71	19	44.649	271	295	288	8	272	1	263	228
71	50	44.074	270	295	294	4	273	1	258	228
71	92	45.522	268	295	293	6	272	3	259	228
71	12	44.203	276	295	293	6	280	3	268	227
71	36	42.958	284	295	293	1	273	1	269	227
71	66	43.682	277	295	296	6	280	3	268	226
71	123	44.170	283	295	294	6	287	3	275	226
71	47	43.704	270	295	299	6	272	3	260	221
71	68	43.494	269	295	298	6	272	3	260	219
71	61	42.029	276	295	295	4	272	1	261	218
71	59	42.751	269	295	294	6	273	3	259	214
71	87	43.561	264	295	313	18	274	17	275	215
71	4	41.892	296	295	309	10	292	13	292	213
71	48	41.111	270	295	289	4	273	1	256	212
71	24	40.000	270	295	273	4	273	1	240	211
71	26	42.349	281	295	292	4	280	1	267	212
71	102	42.697	267	295	293	6	272	3	259	211
71	34	41.636	269	295	288	4	272	1	255	211
71	56	41.852	270	295	299	6	272	3	262	211
71	94	42.066	271	295	271	10	272	13	271	208
71	129	47.059	255	295	289	21	272	17	256	209
71	122	44.195	267	295	290	6	272	3	256	209
71	75	41.034	290	295	291	6	290	3	275	206
71	114	41.544	272	295	272	2	273	3	239	204
71	51	39.560	273	295	275	3	273	1	241	201
71	77	40.299	268	295	273	6	273	3	240	200
71	103	40.221	271	295	283	2	272	3	259	200
71	99	40.672	268	295	275	6	273	3	240	199
71	127	43.706	286	295	283	6	283	4	266	199
71	126	41.026	273	295	283	2	272	3	259	199
71	120	39.175	291	295	285	6	294	3	284	198
71	38	39.583	288	295	276	3	287	2	259	197
71	60	39.483	271	295	274	3	273	1	241	195
71	82	40.873	252	295	274	21	272	17	239	195
71	109	40.769	260	295	273	21	279	17	246	194
71	27	39.179	268	295	271	6	273	3	239	194
71	30	42.460	252	295	274	21	272	17	238	194
71	88	41.502	253	295	272	21	273	17	239	193
71	35	38.686	274	295	282	1	272	6	258	193
71	63	41.241	274	295	283	3	272	4	259	193
71	85	39.706	272	295	274	2	273	3	239	193
71	69	38.926	298	295	283	4	294	5	282	193
71	89	38.577	267	295	272	6	272	3	238	192
71	43	37.269	271	295	273	3	273	1	241	191
71	104	39.259	270	295	283	3	272	3	258	191
71	78	38.603	272	295	274	2	273	3	238	190
71	124	39.855	276	295	272	6	279	3	246	190
71	115	41.429	280	295	296	4	272	2	270	191
71	42	41.877	277	295	294	2	272	4	268	189
71	20	42.049	283	295	295	1	272	3	271	189
71	98	38.971	272	295	272	2	273	3	239	188
71	40	40.433	277	295	288	2	272	4	262	188
71	105	38.806	268	295	283	6	272	5	257	188
71	52	38.290	269	295	284	4	272	4	258	186
71	45	41.481	270	295	283	7	272	9	258	186
71	11	40.288	278	295	298	2	272	4	270	186
71	67	40.072	277	295	295	2	272	4	269	185
71	73	41.797	256	295	275	20	272	14	251	184
71	72	38.849	278	295	296	2	272	4	269	184
71	110	40.283	283	295	295	4	274	2	271	184
71	74	40.433	277	295	274	20	294	14	273	183
71	118	39.706	272	295	284	3	272	3	258	183
71	25	40.000	280	295	296	2	272	4	270	183
71	97	39.630	270	295	288	3	272	4	262	181
71	13	37.943	282	295	305	7	272	2	271	181
71	83	40.417	240	295	296	34	273	42	271	181
71	119	41.339	254	295	274	20	272	14	250	180
71	116	39.007	282	295	296	2	272	4	270	179
71	49	37.269	271	295	278	3	273	2	242	177
71	14	40.794	277	295	291	1	272	7	266	177
71	1	40.794	277	295	305	1	272	7	266	177
71	5	40.143	279	295	297	2	272	4	271	176
71	93	37.770	278	295	297	2	272	4	271	164
71	2	37.770	278	295	297	2	272	4	271	164
71	21	37.132	272	295	280	1	272	6	255	155
72	72	100.000	296	296	296	1	296	1	296	619
72	25	77.211	294	296	296	1	293	1	294	495
72	42	66.781	292	296	294	1	292	1	291	426
72	11	66.212	293	296	298	1	292	1	293	419
72	115	64.505	293	296	296	1	292	1	293	409
72	40	64.189	296	296	288	1	296	1	288	398
72	116	60.884	294	296	296	1	293	1	294	395
72	67	60.751	293	296	295	1	293	1	293	392
72	83	58.163	294	296	296	1	293	1	294	390
72	14	59.932	292	296	291	2	293	2	289	386
72	5	59.322	295	296	297	1	293	1	295	386
72	1	61.246	289	296	305	6	293	2	289	385
72	97	65.169	267	296	288	27	293	20	286	385
72	20	61.017	295	296	295	1	293	1	293	384
72	110	56.997	293	296	295	1	293	1	293	376
72	93	58.305	295	296	297	1	293	1	295	370
72	2	58.305	295	296	297	1	293	1	295	370
72	13	57.627	295	296	305	1	293	1	294	366
72	120	51.890	291	296	285	8	293	3	283	280
72	118	46.324	272	296	284	6	272	4	261	243
72	52	46.296	270	296	284	6	270	4	259	243
72	105	47.451	255	296	283	27	277	18	265	242
72	103	46.909	275	296	283	8	277	3	267	241
72	104	45.392	293	296	283	6	293	4	281	240
72	127	45.956	272	296	283	4	272	4	263	237
72	74	48.996	249	296	274	25	269	12	250	234
72	63	46.097	269	296	283	13	277	9	267	232
72	45	45.113	266	296	283	15	277	7	266	230
72	73	46.350	274	296	275	25	293	12	273	228
72	126	44.014	284	296	283	15	293	7	281	226
72	35	42.955	291	296	282	8	293	3	280	224
72	119	47.368	247	296	274	27	269	14	250	223
72	69	43.561	264	296	283	6	265	5	255	220
72	87	45.560	259	296	313	26	269	18	273	219
72	4	44.231	260	296	309	26	270	18	272	211
72	21	44.238	269	296	280	15	280	7	266	209
72	94	44.788	259	296	271	26	269	18	271	209
72	33	41.577	279	296	296	8	277	3	267	201
72	12	39.502	281	296	293	8	277	3	267	194
72	47	42.798	243	296	299	44	277	32	268	193
72	50	43.600	250	296	294	35	277	23	265	192
72	61	44.444	243	296	295	44	277	32	269	191
72	34	38.652	282	296	288	8	283	3	272	191
72	44	39.667	300	296	282	4	293	3	280	190
72	92	42.739	241	296	293	44	277	32	267	190
72	102	42.324	241	296	293	44	277	32	267	190
72	123	37.906	277	296	294	8	277	3	267	189
72	6	41.577	279	296	303	8	269	2	279	188
72	58	41.860	258	296	309	27	269	30	285	187
72	65	42.460	252	296	287	43	285	23	269	187
72	68	41.870	246	296	298	44	280	32	271	187
72	75	39.474	266	296	291	35	296	23	280	187
72	95	38.305	295	296	291	8	292	7	282	186
72	112	39.568	278	296	286	8	277	7	263	185
72	32	39.085	284	296	303	8	270	2	281	186
72	54	40.345	290	296	278	4	282	3	268	184
72	79	39.216	306	296	281	1	294	1	280	184
72	71	38.849	278	296	295	4	269	2	272	184
72	23	38.790	281	296	304	8	269	3	281	184
72	48	41.600	250	296	289	34	277	22	263	184
72	117	38.514	296	296	282	4	292	3	279	183
72	129	41.057	246	296	289	38	277	26	264	183
72	3	35.714	280	296	301	4	270	2	280	183
72	56	41.870	246	296	299	44	277	32	270	183
72	57	40.541	259	296	294	42	288	23	274	183
72	128	40.927	259	296	290	40	288	22	275	182
72	59	37.132	272	296	294	4	269	3	258	182
72	66	42.060	233	296	296	44	269	32	259	182
72	46	38.321	274	296	294	8	269	2	271	181
72	125	40.996	261	296	292	27	277	10	264	181
72	81	39.925	268	296	286	30	282	5	266	181
72	101	41.833	251	296	292	42	282	27	271	181
72	7	40.293	273	296	283	29	293	15	278	181
72	53	36.823	277	296	295	8	277	3	266	181
72	96	39.259	270	296	287	22	282	8	271	180
72	15	37.584	298	296	281	4	293	3	279	179
72	17	43.725	247	296	289	43	278	28	267	179
72	55	41.221	262	296	297	42	292	27	279	179
72	10	38.811	286	296	307	8	269	2	284	179
72	111	38.849	278	296	276	26	293	6	274	177
72	28	36.634	303	296	292	1	293	1	279	178
72	29	38.849	278	296	287	26	293	6	274	178
72	9	37.705	305	296	292	1	293	1	279	177
72	37	36.770	291	296	300	2	282	1	271	177
72	122	39.286	252	296	290	30	277	19	264	177
72	86	37.979	287	296	281	1	278	1	267	176
72	80	39.209	278	296	298	8	270	4	276	177
72	91	37.906	277	296	298	8	269	4	275	176
72	106	39.844	256	296	284	26	272	7	253	176
72	39	39.114	271	296	292	18	277	4	266	176
72	16	40.000	260	296	292	29	278	15	268	176
72	18	41.909	241	296	261	44	269	1	238	174
72	64	36.786	280	296	300	4	269	4	276	175
72	31	39.544	263	296	298	43	293	28	282	174
72	22	41.057	246	296	281	42	278	27	267	173
72	107	39.016	305	296	281	1	294	1	280	173
72	26	35.870	276	296	292	8	277	3	266	173
72	108	37.594	266	296	284	20	269	1	262	172
72	100	35.395	291	296	296	8	286	2	290	172
72	41	40.304	263	296	288	29	282	15	271	172
72	90	37.201	293	296	281	1	282	1	271	171
72	76	36.964	303	296	281	1	293	1	279	170
72	121	38.346	266	296	279	27	282	6	265	169
72	38	35.821	268	296	276	2	269	3	241	167
72	62	37.692	260	296	287	33	280	21	274	167
72	24	39.316	234	296	273	45	278	33	248	167
72	84	39.535	258	296	281	29	277	15	266	166
72	49	42.918	233	296	278	46	277	36	249	166
72	8	34.520	281	296	302	1	269	3	279	166
72	30	39.496	238	296	274	45	281	33	250	165
72	82	39.056	233	296	274	45	277	33	247	164
72	43	39.914	233	296	273	45	277	34	248	164
72	89	38.136	236	296	272	46	281	34	250	162
72	70	36.782	261	296	288	23	270	13	264	162
72	78	34.767	279	296	274	4	282	3	250	160
72	36	37.255	255	296	293	40	277	28	276	160
72	19	37.452	259	296	288	23	269	13	263	159
72	114	39.485	233	296	272	45	277	33	246	159
72	77	39.111	225	296	273	45	269	33	239	158
72	51	39.111	225	296	275	45	269	34	240	158
72	60	39.914	233	296	274	45	277	34	248	156
72	85	40.343	233	296	274	45	277	33	246	155
72	109	38.034	234	296	273	45	278	33	247	154
72	27	36.709	237	296	271	45	281	33	250	154
72	88	36.864	236	296	272	46	281	34	250	153
72	99	35.366	246	296	275	46	287	34	261	153
72	124	38.397	237	296	272	45	281	33	250	151
72	98	37.339	233	296	272	45	277	33	246	150
73	73	100.000	275	275	275	1	275	1	275	576
73	74	82.847	274	275	274	1	274	1	273	475
73	119	72.000	275	275	274	1	275	1	274	412
73	21	56.884	276	275	280	3	274	7	279	310
73	127	55.235	277	275	283	3	274	12	283	294
73	126	54.417	283	275	283	3	274	3	282	290
73	35	55.263	266	275	282	14	274	19	281	289
73	69	53.214	280	275	283	5	274	5	282	286
73	63	53.962	265	275	283	14	274	20	282	283
73	104	52.128	282	275	283	4	274	3	282	277
73	45	51.986	277	275	283	3	274	7	281	275
73	118	51.786	280	275	284	1	274	8	283	272
73	52	53.383	266	275	284	1	259	3	266	268
73	103	49.638	276	275	283	3	274	11	282	266
73	105	49.811	265	275	283	1	259	3	265	264
73	97	47.253	273	275	288	14	274	20	287	234
73	67	44.444	288	275	295	1	275	14	295	232
73	25	46.996	283	275	296	6	274	19	295	232
73	120	43.750	288	275	285	1	274	1	284	231
73	42	45.985	274	275	294	12	274	25	293	231
73	72	46.350	274	275	296	12	273	25	293	228
73	20	43.289	298	275	295	1	273	1	293	227
73	11	44.561	285	275	298	4	275	17	296	226
73	87	43.056	288	275	313	11	274	16	303	225
73	13	43.144	299	275	305	1	273	1	294	223
73	115	46.275	255	275	296	8	251	22	270	221
73	116	44.000	300	275	296	1	274	1	295	219
73	14	43.403	288	275	291	3	274	8	290	218
73	1	43.403	288	275	305	3	274	8	290	218
73	40	42.509	287	275	288	2	274	6	286	215
73	83	41.275	298	275	296	2	274	3	295	212
73	93	43.431	274	275	297	14	274	28	296	206
73	2	43.431	274	275	297	14	274	28	296	206
73	110	41.137	299	275	295	1	274	1	294	206
73	5	42.238	277	275	297	11	274	25	296	206
73	33	43.952	248	275	296	24	259	25	267	196
73	4	41.636	269	275	309	31	274	36	301	196
73	50	42.701	274	275	294	3	263	3	269	194
73	94	43.933	239	275	271	31	251	36	271	193
73	18	43.333	240	275	261	31	253	1	240	192
73	91	42.063	252	275	298	19	253	26	277	193
73	80	41.729	266	275	298	3	251	12	275	193
73	6	40.945	254	275	303	18	252	27	280	193
73	47	42.917	240	275	299	31	256	32	265	192
73	100	40.511	274	275	296	2	254	4	276	191
73	102	41.797	256	275	293	26	269	27	277	190
73	123	43.775	249	275	294	15	251	17	259	189
73	46	40.299	268	275	294	2	251	4	271	189
73	43	42.105	228	275	273	32	259	34	248	188
73	111	40.441	272	275	276	14	273	7	274	187
73	29	40.441	272	275	287	14	273	7	274	187
73	92	41.852	270	275	293	15	272	17	280	187
73	12	42.570	249	275	293	15	251	17	259	186
73	66	42.570	249	275	296	15	251	17	259	186
73	23	37.931	261	275	304	11	252	23	282	186
73	32	40.711	253	275	303	17	251	31	280	186
73	34	41.818	275	275	288	15	275	17	282	185
73	68	40.711	253	275	298	26	264	27	273	185
73	71	41.797	256	275	295	14	251	20	272	184
73	95	38.462	286	275	291	1	274	1	281	183
73	31	38.596	285	275	298	1	274	1	280	183
73	26	39.855	276	275	292	15	275	17	286	182
73	64	38.376	271	275	300	3	252	8	277	182
73	58	38.610	259	275	309	19	258	34	290	182
73	79	39.789	284	275	281	1	273	1	279	181
73	75	42.913	254	275	291	15	259	17	264	181
73	114	42.915	247	275	272	15	259	17	246	180
73	38	38.846	260	275	276	5	259	3	249	179
73	125	38.806	268	275	292	19	274	14	278	180
73	60	42.544	228	275	274	32	259	34	248	179
73	7	42.678	239	275	283	25	252	23	258	179
73	17	41.045	268	275	289	1	254	1	261	179
73	10	39.922	258	275	307	14	251	30	284	180
73	81	38.849	278	275	286	9	274	1	275	179
73	61	43.220	236	275	295	31	252	32	262	179
73	86	35.764	288	275	281	1	274	1	280	178
73	54	39.695	262	275	278	1	254	1	258	178
73	112	38.516	283	275	286	1	275	1	278	179
73	88	39.837	246	275	272	19	264	20	251	178
73	30	40.909	242	275	274	19	260	20	247	177
73	78	40.175	229	275	274	32	260	33	246	177
73	55	39.419	241	275	297	26	254	24	262	177
73	109	39.837	246	275	273	15	260	17	247	176
73	51	41.152	243	275	275	32	269	34	263	176
73	59	40.323	248	275	294	15	251	17	258	177
73	41	39.695	262	275	288	1	251	1	258	176
73	48	40.249	241	275	289	21	251	22	255	176
73	90	38.783	263	275	281	1	251	1	258	176
73	56	39.382	259	275	299	31	274	32	285	177
73	57	40.239	251	275	294	13	251	8	255	176
73	128	39.600	250	275	290	14	251	10	256	176
73	49	40.529	227	275	278	33	259	36	249	175
73	96	39.535	258	275	287	14	260	13	267	175
73	3	37.993	279	275	301	3	251	2	279	175
73	129	42.520	254	275	289	15	259	17	264	175
73	108	38.934	244	275	284	27	251	20	262	174
73	106	41.870	246	275	284	14	251	8	250	174
73	15	40.996	261	275	281	1	252	1	256	174
73	53	39.700	267	275	295	15	262	17	276	174
73	27	40.175	229	275	271	33	261	34	248	174
73	122	41.732	254	275	290	15	259	17	264	174
73	76	38.112	286	275	281	1	274	1	280	173
73	19	40.154	259	275	288	15	253	11	265	173
73	24	38.039	255	275	273	19	273	20	259	172
73	82	41.921	229	275	274	32	259	33	247	172
73	124	38.314	261	275	272	5	260	1	247	172
73	117	37.993	279	275	282	7	274	3	278	172
73	9	36.620	284	275	292	1	273	1	279	172
73	84	37.786	262	275	281	1	251	1	258	171
73	77	36.567	268	275	273	19	275	20	273	171
73	39	41.597	238	275	292	25	251	23	258	171
73	121	38.340	253	275	279	14	254	6	255	171
73	37	36.667	270	275	300	2	260	2	267	171
73	22	38.550	262	275	281	26	274	24	280	170
73	89	40.789	228	275	272	33	260	34	247	169
73	101	40.000	240	275	292	26	254	24	261	169
73	107	37.324	284	275	281	1	273	1	279	169
73	65	40.157	254	275	287	10	252	4	254	168
73	44	39.464	261	275	282	26	274	24	281	168
73	16	37.548	261	275	292	25	273	23	280	168
73	62	36.431	269	275	287	21	274	22	286	168
73	36	39.759	249	275	293	27	253	28	270	166
73	28	37.324	284	275	292	1	273	1	279	166
73	70	37.449	243	275	288	24	251	25	263	165
73	8	37.453	267	275	302	3	251	14	279	164
73	98	37.759	241	275	272	19	259	20	246	162
73	85	36.538	260	275	274	5	259	1	246	162
73	99	39.224	232	275	275	33	261	34	249	162
74	74	100.000	274	274	274	1	274	1	274	571
74	73	82.847	274	274	275	1	273	1	274	475
74	119	71.795	273	274	274	1	273	1	273	425
74	21	54.317	278	274	280	2	271	2	277	308
74	127	55.682	264	274	283	14	273	21	283	295
74	35	53.208	265	274	282	14	274	19	282	291
74	69	55.472	265	274	283	14	274	20	283	291
74	45	53.285	274	274	283	6	274	10	282	286
74	126	54.340	265	274	283	14	274	20	283	284
74	63	52.453	265	274	283	14	274	20	283	281
74	118	52.434	267	274	284	14	274	19	283	276
74	104	52.128	282	274	283	6	274	5	283	275
74	52	53.184	267	274	284	14	274	19	283	271
74	105	50.187	267	274	283	14	274	18	282	271
74	103	51.698	265	274	283	14	274	20	283	268
74	25	47.985	273	274	296	14	274	28	296	241
74	72	48.996	249	274	296	12	250	25	269	234
74	20	47.059	272	274	295	14	274	29	295	234
74	115	46.763	278	274	296	8	272	22	294	234
74	97	46.154	273	274	288	14	274	20	288	233
74	120	45.263	285	274	285	6	273	6	284	231
74	11	46.429	280	274	298	6	272	19	294	229
74	42	45.588	272	274	294	14	274	27	294	229
74	67	45.645	287	274	295	1	273	14	294	229
74	116	44.485	272	274	296	14	274	27	294	224
74	87	43.103	290	274	313	9	273	14	303	222
74	14	44.118	272	274	291	14	274	24	291	219
74	1	44.118	272	274	305	14	274	24	291	219
74	13	44.485	272	274	305	14	274	29	296	218
74	40	43.223	273	274	288	12	273	18	286	215
74	5	44.727	275	274	297	11	274	25	295	215
74	110	43.015	272	274	295	14	273	27	294	211
74	83	43.066	274	274	296	13	273	26	295	210
74	93	45.492	244	274	297	14	246	28	267	206
74	2	45.492	244	274	297	14	246	28	267	206
74	4	40.345	290	274	309	9	273	14	301	206
74	33	43.077	260	274	296	15	262	16	271	198
74	94	40.769	260	274	271	9	250	14	271	196
74	66	42.336	274	274	296	15	272	17	285	197
74	123	43.145	248	274	294	15	250	17	259	194
74	6	39.925	268	274	303	4	251	13	280	194
74	12	41.091	275	274	293	15	273	17	286	193
74	47	43.096	239	274	299	31	255	32	265	191
74	43	42.731	227	274	273	32	258	34	248	189
74	102	41.379	261	274	293	26	274	27	283	189
74	23	39.552	268	274	304	4	251	16	282	189
74	111	40.637	251	274	276	13	250	6	253	187
74	29	40.637	251	274	287	13	250	6	253	188
74	75	42.353	255	274	291	15	258	17	264	187
74	95	39.706	272	274	291	1	259	1	268	187
74	18	42.562	242	274	261	31	252	1	240	186
74	32	40.840	262	274	303	8	250	20	280	187
74	50	43.320	247	274	294	15	250	17	257	186
74	68	41.564	243	274	298	26	254	27	264	186
74	48	38.610	259	274	289	15	263	16	268	185
74	125	40.283	283	274	292	8	273	4	278	184
74	17	41.154	260	274	289	6	253	6	261	184
74	16	40.698	258	274	292	6	250	6	259	184
74	71	40.433	277	274	295	14	273	20	294	183
74	55	40.613	261	274	297	6	253	6	262	183
74	54	40.458	262	274	278	1	253	1	258	182
74	59	41.129	248	274	294	15	250	17	258	183
74	117	40.288	278	274	282	6	273	6	278	182
74	26	41.700	247	274	292	15	250	17	258	182
74	58	38.889	270	274	309	8	257	24	290	183
74	10	39.464	261	274	307	13	250	29	284	182
74	53	41.532	248	274	295	15	250	17	258	182
74	34	40.659	273	274	288	15	273	17	281	182
74	46	41.803	244	274	294	25	250	28	271	182
74	7	40.840	262	274	283	1	251	1	258	181
74	80	41.887	265	274	298	4	250	13	275	181
74	91	41.870	246	274	298	25	252	32	277	181
74	81	39.706	272	274	286	15	273	8	275	180
74	122	41.897	253	274	290	15	258	17	264	180
74	56	39.535	258	274	299	31	273	32	285	180
74	128	39.370	254	274	290	14	250	10	256	180
74	38	38.710	279	274	276	7	272	5	271	179
74	96	39.922	258	274	287	26	271	24	278	179
74	112	40.467	257	274	286	6	253	6	258	179
74	129	43.882	237	274	289	31	258	32	264	179
74	60	41.850	227	274	274	32	258	34	248	179
74	37	38.290	269	274	300	7	260	3	268	179
74	30	41.525	236	274	274	25	259	26	247	178
74	22	37.979	287	274	281	1	274	1	281	177
74	92	40.909	264	274	293	26	273	27	286	177
74	49	40.708	226	274	278	33	258	36	249	177
74	28	37.956	274	274	292	1	262	1	270	177
74	106	40.486	247	274	284	13	250	7	250	177
74	78	40.789	228	274	274	32	259	33	246	176
74	9	37.591	274	274	292	1	262	1	270	177
74	39	41.065	263	274	292	1	250	1	258	176
74	86	38.168	262	274	281	1	250	1	258	176
74	64	37.828	267	274	300	6	251	11	277	176
74	101	39.773	264	274	292	2	253	2	261	176
74	114	42.213	244	274	272	15	258	17	246	175
74	31	39.552	268	274	298	1	255	1	263	176
74	51	40.244	246	274	275	32	272	34	267	175
74	90	37.984	258	274	281	7	250	3	258	175
74	121	38.589	241	274	279	26	253	17	255	175
74	41	39.147	258	274	288	7	250	3	258	175
74	88	39.331	239	274	272	25	263	26	251	174
74	109	40.408	245	274	273	15	259	17	247	174
74	61	40.851	235	274	295	31	251	32	262	175
74	108	38.683	243	274	284	27	250	20	262	174
74	124	37.066	259	274	272	25	273	26	271	173
74	15	41.569	255	274	281	6	251	6	256	173
74	57	38.603	272	274	294	14	271	9	275	173
74	3	38.776	245	274	301	27	250	38	279	173
74	100	39.676	247	274	296	25	253	30	276	173
74	44	41.767	249	274	282	15	250	14	259	172
74	24	39.912	228	274	273	32	259	33	248	171
74	27	39.823	226	274	271	33	258	34	246	170
74	65	41.631	233	274	287	31	251	24	254	169
74	79	39.357	249	274	281	15	251	14	259	169
74	89	40.529	227	274	272	33	259	34	247	167
74	107	37.313	268	274	281	1	253	1	261	167
74	84	37.903	248	274	281	15	250	14	258	167
74	19	39.419	241	274	288	27	252	28	265	166
74	62	36.567	268	274	287	21	273	22	286	164
74	77	37.991	229	274	273	32	259	33	248	164
74	82	40.351	228	274	274	32	258	33	247	163
74	85	38.462	234	274	274	25	258	26	246	162
74	76	37.450	251	274	281	15	253	14	261	161
74	70	36.402	239	274	288	27	250	28	263	160
74	36	38.306	248	274	293	27	252	28	270	160
74	99	39.301	229	274	275	33	258	34	247	159
74	98	37.607	234	274	272	25	258	26	246	158
74	8	39.184	245	274	302	27	250	38	279	158
75	75	100.000	291	291	291	1	291	1	291	613
75	12	78.378	296	291	293	1	291	1	293	481
75	66	74.411	297	291	296	1	291	1	296	466
75	26	75.768	293	291	292	1	291	1	292	464
75	34	73.540	291	291	288	1	291	1	288	459
75	59	72.881	295	291	294	1	291	1	294	457
75	53	73.064	297	291	295	1	291	1	295	449
75	48	70.408	294	291	289	1	291	1	289	448
75	50	72.635	296	291	294	1	291	1	294	444
75	123	70.990	293	291	294	1	289	1	293	443
75	102	70.068	294	291	293	1	291	1	293	424
75	92	68.367	294	291	293	1	291	1	293	414
75	61	67.230	296	291	295	1	291	1	295	414
75	33	65.541	296	291	296	1	291	1	296	409
75	56	62.542	299	291	299	1	290	1	299	397
75	68	64.883	299	291	298	1	291	1	298	395
75	47	64.333	300	291	299	1	291	1	299	392
75	122	60.825	291	291	290	1	291	1	290	374
75	129	61.512	291	291	289	1	291	1	289	371
75	88	47.079	291	291	272	1	285	1	272	255
75	30	45.704	291	291	274	1	285	1	272	250
75	82	45.862	290	291	274	1	285	1	272	249
75	89	49.057	265	291	272	1	264	1	246	247
75	85	49.071	269	291	274	1	267	1	249	245
75	38	48.120	266	291	276	1	264	3	249	244
75	109	44.863	292	291	273	1	285	1	273	244
75	78	45.578	294	291	274	1	284	1	273	242
75	27	45.517	290	291	271	1	285	1	271	239
75	114	47.037	270	291	272	1	269	1	251	238
75	99	47.547	265	291	275	1	264	1	247	238
75	124	47.388	268	291	272	1	267	1	249	238
75	24	45.113	266	291	273	1	265	1	248	234
75	49	46.992	266	291	278	1	264	3	249	233
75	77	41.581	291	291	273	1	285	1	273	231
75	43	45.489	266	291	273	1	264	2	248	231
75	98	44.610	269	291	272	1	268	1	250	227
75	31	42.424	264	291	298	7	264	3	266	225
75	51	44.737	266	291	275	1	264	2	248	223
75	54	42.910	268	291	278	2	264	2	263	222
75	60	42.466	292	291	274	1	285	2	274	220
75	117	41.156	294	291	282	1	285	1	279	220
75	84	42.424	264	291	281	8	264	5	266	220
75	44	40.511	274	291	282	1	267	1	270	219
75	95	43.426	251	291	291	23	267	20	270	218
75	106	44.015	259	291	284	12	265	4	259	218
75	9	41.445	263	291	292	7	264	4	266	218
75	76	40.702	285	291	281	8	284	5	280	217
75	17	41.111	270	291	289	1	265	1	267	216
75	79	39.852	271	291	281	1	266	5	268	214
75	70	44.758	248	291	288	32	269	32	276	214
75	100	41.608	286	291	296	3	270	2	286	214
75	39	41.154	260	291	292	10	264	7	266	214
75	36	40.339	295	291	293	8	284	3	292	213
75	90	41.065	263	291	281	8	265	5	267	213
75	112	42.231	251	291	286	23	265	20	264	213
75	65	42.188	256	291	287	15	265	7	262	213
75	15	41.392	273	291	281	2	267	2	266	213
75	19	42.435	271	291	288	23	284	23	287	213
75	91	39.189	296	291	298	3	277	4	296	213
75	111	41.509	265	291	276	12	270	3	266	212
75	10	41.343	283	291	307	21	284	33	306	212
75	29	41.509	265	291	287	12	270	3	266	211
75	37	40.824	267	291	300	22	281	19	285	211
75	7	40.569	281	291	283	3	274	7	277	211
75	107	39.394	264	291	281	7	265	4	267	210
75	125	40.293	273	291	292	17	278	8	280	211
75	62	40.893	291	291	287	7	284	2	286	210
75	32	42.308	260	291	303	17	256	27	280	209
75	28	39.147	258	291	292	12	264	9	266	209
75	6	41.197	284	291	303	3	256	2	279	209
75	46	41.522	289	291	294	3	275	2	289	208
75	101	39.313	262	291	292	8	264	5	266	207
75	23	39.161	286	291	304	2	256	2	281	207
75	71	41.034	290	291	295	3	275	6	290	206
75	57	40.304	263	291	294	17	267	10	266	206
75	16	41.569	255	291	292	23	266	20	269	206
75	81	39.689	257	291	286	17	267	8	264	206
75	22	38.889	270	291	281	2	266	2	268	205
75	96	40.502	279	291	287	12	284	9	286	205
75	41	36.770	291	291	288	7	288	3	284	204
75	55	38.686	274	291	297	1	268	1	271	204
75	58	42.400	250	291	309	28	259	42	288	204
75	86	40.625	256	291	281	26	274	23	278	203
75	80	39.711	277	291	298	3	259	4	278	202
75	121	37.786	262	291	279	12	267	2	263	201
75	3	39.711	277	291	301	3	256	6	279	201
75	64	39.643	280	291	300	3	256	4	276	201
75	128	37.879	264	291	290	8	264	2	264	200
75	18	42.085	259	291	261	32	275	1	256	197
75	4	40.816	245	291	309	32	265	36	280	197
75	87	40.244	246	291	313	32	264	36	281	196
75	108	38.996	259	291	284	17	256	9	262	195
75	8	40.072	277	291	302	3	256	6	279	195
75	40	38.796	299	291	288	1	284	2	286	192
75	94	40.678	236	291	271	32	256	36	271	191
75	35	40.226	266	291	282	23	284	27	281	189
75	67	42.975	242	291	295	23	256	35	269	189
75	116	40.613	261	291	296	32	285	44	296	189
75	115	42.739	241	291	296	23	256	36	270	189
75	74	42.353	255	291	274	17	264	15	258	187
75	69	37.931	290	291	283	1	284	5	282	187
75	72	39.474	266	291	296	23	280	35	296	187
75	20	40.873	252	291	295	24	270	38	285	186
75	104	37.979	287	291	283	3	284	6	282	184
75	83	40.249	241	291	296	32	264	44	278	185
75	127	37.729	273	291	283	3	270	8	274	184
75	120	37.288	295	291	285	1	285	1	285	184
75	52	40.824	267	291	284	23	284	27	282	183
75	126	38.462	273	291	283	2	264	2	267	183
75	63	39.464	261	291	283	3	258	7	261	183
75	25	41.418	268	291	296	23	284	36	295	182
75	5	38.603	272	291	297	3	265	12	280	182
75	73	42.913	254	291	275	17	264	15	259	181
75	42	40.000	250	291	294	23	264	35	276	181
75	11	40.230	261	291	298	23	277	36	290	180
75	119	39.615	260	291	274	20	275	19	269	179
75	97	39.464	261	291	288	3	256	7	262	179
75	118	40.891	247	291	284	23	264	27	266	178
75	93	40.081	247	291	297	23	264	36	279	178
75	2	40.081	247	291	297	23	264	36	279	178
75	45	37.132	272	291	283	3	269	7	271	177
75	13	38.697	261	291	305	3	256	16	271	178
75	103	37.868	272	291	283	7	273	11	276	176
75	105	37.079	267	291	283	3	264	5	265	173
75	110	36.331	278	291	295	3	267	8	280	169
75	14	37.692	260	291	291	3	256	12	266	168
75	1	37.692	260	291	305	3	256	12	266	168
75	21	37.282	287	291	280	3	284	7	279	166
76	76	100.000	281	281	281	1	281	1	281	585
76	84	78.648	281	281	281	1	281	1	281	481
76	79	77.061	279	281	281	1	279	1	279	464
76	17	72.043	279	281	289	1	279	1	279	442
76	107	70.819	281	281	281	1	281	1	281	438
76	9	70.609	279	281	292	1	279	1	279	434
76	86	70.819	281	281	281	1	281	1	281	431
76	7	71.739	276	281	283	5	280	5	279	430
76	101	72.000	275	281	292	5	279	5	279	429
76	90	70.463	281	281	281	1	281	1	281	428
76	31	68.571	280	281	298	1	280	1	280	426
76	54	71.277	282	281	278	1	281	1	278	423
76	117	70.504	278	281	282	3	280	3	278	422
76	22	68.327	281	281	281	1	281	1	281	421
76	41	69.065	278	281	288	1	278	1	278	421
76	95	68.327	281	281	291	1	280	1	281	420
76	44	67.857	280	281	282	3	281	3	282	419
76	37	68.571	280	281	300	2	280	2	280	418
76	55	69.534	279	281	297	1	278	1	279	417
76	15	67.857	280	281	281	1	280	1	277	417
76	28	68.100	279	281	292	1	279	1	279	417
76	65	72.075	265	281	287	14	278	9	273	412
76	16	67.857	280	281	292	1	279	1	280	411
76	81	66.192	281	281	286	1	280	1	275	407
76	112	66.308	279	281	286	1	279	1	276	405
76	39	68.978	274	281	292	6	279	6	279	400
76	128	67.669	266	281	290	14	278	11	276	397
76	57	67.910	268	281	294	12	278	8	275	397
76	111	66.914	269	281	276	14	281	8	276	394
76	29	66.914	269	281	287	14	281	8	276	394
76	106	68.702	262	281	284	14	275	9	267	392
76	125	64.260	277	281	292	5	280	3	278	380
76	121	65.789	266	281	279	14	278	7	272	375
76	96	62.547	267	281	287	14	278	14	278	350
76	46	52.768	271	281	294	2	258	4	271	271
76	91	51.095	274	281	298	3	266	12	282	270
76	80	51.613	279	281	298	3	271	12	287	269
76	71	48.399	281	281	295	2	267	4	280	266
76	100	50.178	281	281	296	2	267	4	281	265
76	6	50.373	268	281	303	17	272	28	292	258
76	18	50.943	265	281	261	29	276	1	260	255
76	23	48.175	274	281	304	14	272	27	294	254
76	32	47.312	279	281	303	14	281	27	302	248
76	58	46.619	281	281	309	15	280	32	308	248
76	3	46.233	292	281	301	1	267	3	287	246
76	64	44.404	277	281	300	2	262	6	280	246
76	10	47.253	273	281	307	22	281	37	306	241
76	108	47.547	265	281	284	14	267	9	270	240
76	48	44.203	276	281	289	5	278	8	274	235
76	8	46.735	291	281	302	3	281	14	301	234
76	123	42.751	269	281	294	5	270	8	271	234
76	92	43.929	280	281	293	5	278	8	280	229
76	36	40.411	292	281	293	2	280	5	292	229
76	70	40.441	272	281	288	2	267	5	272	228
76	19	39.721	287	281	288	2	280	5	287	226
76	66	43.820	267	281	296	5	267	8	268	226
76	62	39.860	286	281	287	2	280	5	286	225
76	102	42.705	281	281	293	5	281	8	283	223
76	56	43.463	283	281	299	5	280	8	285	223
76	33	42.642	265	281	296	5	266	8	267	223
76	12	42.379	269	281	293	5	267	8	268	220
76	50	43.657	268	281	294	5	267	8	266	219
76	75	40.702	285	281	291	5	280	8	284	217
76	53	42.751	269	281	295	5	267	8	267	217
76	34	40.714	280	281	288	5	280	8	281	216
76	61	40.559	286	281	295	5	280	8	288	215
76	47	42.963	270	281	299	5	266	8	268	215
76	59	41.328	271	281	294	2	270	5	270	214
76	68	42.537	268	281	298	5	267	8	269	214
76	87	44.358	257	281	313	11	258	17	273	213
76	4	43.089	246	281	309	28	267	35	280	211
76	26	41.259	286	281	292	5	280	8	285	209
76	94	44.304	237	281	271	28	258	35	271	208
76	122	38.806	268	281	290	5	272	8	270	200
76	129	42.412	257	281	289	5	258	8	256	199
76	120	41.297	293	281	285	1	280	1	284	197
76	24	40.647	278	281	273	5	279	8	259	197
76	118	38.889	288	281	284	1	281	8	284	192
76	104	40.780	282	281	283	7	281	13	283	192
76	77	38.406	276	281	273	5	279	8	259	188
76	105	39.259	270	281	283	1	263	3	262	189
76	109	37.970	266	281	273	5	268	8	248	184
76	38	40.226	266	281	276	3	266	9	249	183
76	35	38.351	279	281	282	7	281	14	282	183
76	126	38.811	286	281	283	1	281	9	283	182
76	114	36.567	268	281	272	2	268	5	248	181
76	60	37.407	270	281	274	6	273	10	255	181
76	78	37.037	270	281	274	2	271	5	250	180
76	52	38.225	293	281	284	1	281	3	284	180
76	45	39.236	288	281	283	3	281	7	283	180
76	51	36.842	266	281	275	3	266	8	248	179
76	82	36.604	265	281	274	5	268	8	249	179
76	69	36.749	283	281	283	3	281	11	283	179
76	103	37.809	283	281	283	3	281	11	283	178
76	89	35.338	266	281	272	5	269	8	249	177
76	30	37.008	254	281	274	14	266	17	246	176
76	98	34.545	275	281	272	2	274	5	255	176
76	85	35.448	268	281	274	2	268	5	248	176
76	25	39.016	305	281	296	1	281	1	296	176
76	124	36.466	266	281	272	5	268	8	248	175
76	83	36.491	285	281	296	5	280	24	295	175
76	115	41.036	251	281	296	28	272	44	284	175
76	27	36.742	264	281	271	5	266	8	246	174
76	116	38.697	261	281	296	28	280	43	295	174
76	43	35.606	264	281	273	5	266	9	248	174
76	40	38.462	260	281	288	28	280	36	286	174
76	73	38.112	286	281	275	1	280	1	274	173
76	63	37.457	291	281	283	1	281	8	283	173
76	127	37.589	282	281	283	3	280	12	283	172
76	99	35.581	267	281	275	5	269	8	250	171
76	5	38.931	262	281	297	28	280	44	296	172
76	20	40.996	261	281	295	28	281	45	295	171
76	88	35.094	265	281	272	5	268	8	248	170
76	14	37.584	298	281	291	3	281	4	291	170
76	72	36.964	303	281	296	1	279	1	293	170
76	1	37.584	298	281	305	3	281	4	291	170
76	97	38.403	263	281	288	27	281	35	288	169
76	49	37.647	255	281	278	14	266	19	249	169
76	42	37.634	279	281	294	12	281	26	294	167
76	110	36.015	261	281	295	28	280	43	294	167
76	67	36.426	291	281	295	1	280	14	294	164
76	74	37.450	251	281	274	14	261	15	253	161
76	119	38.521	257	281	274	14	261	15	253	160
76	93	36.162	271	281	297	18	280	34	296	161
76	2	36.162	271	281	297	18	280	34	296	161
76	11	35.764	288	281	298	3	274	8	286	159
76	21	38.112	286	281	280	3	280	11	279	159
76	13	38.462	260	281	305	7	254	23	267	153
77	77	100.000	273	273	273	1	273	1	273	565
77	78	73.818	275	273	274	1	272	1	273	436
77	24	68.498	273	273	273	1	273	1	273	418
77	114	69.231	273	273	272	1	273	1	272	413
77	30	68.889	270	273	274	1	270	1	269	411
77	88	68.889	270	273	272	1	270	1	269	410
77	27	67.766	273	273	271	1	273	1	271	402
77	124	65.934	273	273	272	1	273	1	272	395
77	109	66.912	272	273	273	1	271	1	271	395
77	43	68.382	272	273	273	1	271	2	271	394
77	98	64.576	271	273	272	1	271	1	270	392
77	89	63.469	271	273	272	1	271	1	270	389
77	49	64.260	277	273	278	1	273	3	278	384
77	85	63.100	271	273	274	1	271	1	269	378
77	38	64.469	273	273	276	1	271	3	271	374
77	99	63.736	273	273	275	1	272	1	271	371
77	82	63.838	271	273	274	1	270	1	269	370
77	51	61.538	273	273	275	1	271	2	273	367
77	60	62.500	272	273	274	1	271	2	272	365
77	66	45.520	279	273	296	1	258	1	278	248
77	33	46.595	279	273	296	1	258	1	278	248
77	12	44.898	294	273	293	1	273	1	287	247
77	129	45.318	267	273	289	1	249	1	266	241
77	50	45.318	267	273	294	1	247	1	265	237
77	123	43.007	286	273	294	1	265	1	285	234
77	53	43.321	277	273	295	1	256	1	275	234
77	59	44.195	267	273	294	1	247	1	266	234
77	122	44.483	290	273	290	1	270	1	284	233
77	92	44.604	278	273	293	1	257	1	275	232
77	56	44.649	271	273	299	1	247	1	270	232
77	75	41.581	291	273	291	1	273	1	285	231
77	26	41.980	293	273	292	1	273	1	286	229
77	48	42.143	280	273	289	1	261	1	277	229
77	34	41.980	293	273	288	1	273	1	282	225
77	47	40.678	295	273	299	1	271	1	286	224
77	68	43.173	271	273	298	1	247	1	268	223
77	102	42.164	268	273	293	1	247	1	267	221
77	61	41.522	289	273	295	1	259	1	287	217
77	100	41.758	273	273	296	3	240	2	274	213
77	106	42.593	270	273	284	17	266	9	274	210
77	91	40.074	272	273	298	3	239	4	275	207
77	23	39.643	280	273	304	2	239	2	281	206
77	71	40.299	268	273	295	3	240	6	273	200
77	7	41.328	271	273	283	12	259	9	278	199
77	29	41.176	255	273	287	17	247	8	261	196
77	111	41.176	255	273	276	17	247	8	261	196
77	101	38.947	285	273	292	12	273	9	289	196
77	80	39.552	268	273	298	3	239	8	275	196
77	16	39.464	261	273	292	12	248	9	268	192
77	39	40.000	260	273	292	11	247	8	266	192
77	17	39.576	283	273	289	1	259	1	279	192
77	112	43.210	243	273	286	17	239	14	255	191
77	18	41.772	237	273	261	33	239	2	238	190
77	54	39.925	268	273	278	2	248	2	264	190
77	3	37.956	274	273	301	3	239	6	279	191
77	64	38.462	273	273	300	3	239	4	276	191
77	46	37.269	271	273	294	3	239	2	271	190
77	121	41.200	250	273	279	14	239	4	252	189
77	6	39.209	278	273	303	3	239	2	279	189
77	95	41.406	256	273	291	17	248	14	268	189
77	76	38.406	276	273	281	8	259	5	279	188
77	128	39.453	256	273	290	17	248	11	265	188
77	84	36.727	275	273	281	8	258	5	278	188
77	125	39.326	267	273	292	17	258	11	276	188
77	81	40.784	255	273	286	17	247	8	261	187
77	44	38.246	285	273	282	1	261	1	275	187
77	117	38.078	281	273	282	1	260	1	271	187
77	70	39.560	273	273	288	3	249	7	273	186
77	32	39.370	254	273	303	17	239	27	280	186
77	69	38.686	274	273	283	1	255	5	278	184
77	35	37.838	259	273	282	2	241	2	260	184
77	79	40.157	254	273	281	17	247	14	266	184
77	31	37.241	290	273	298	3	262	3	288	184
77	41	38.489	278	273	288	3	257	3	274	184
77	127	39.216	255	273	283	3	241	8	262	184
77	126	40.000	260	273	283	2	241	2	261	183
77	10	39.453	256	273	307	17	239	31	284	184
77	22	36.667	270	273	281	2	248	2	267	182
77	37	39.922	258	273	300	17	248	14	267	182
77	57	39.608	255	273	294	17	247	10	263	182
77	58	38.735	253	273	309	19	239	33	285	182
77	45	38.492	252	273	283	3	239	7	258	181
77	9	37.857	280	273	292	5	261	2	274	182
77	108	37.008	254	273	284	17	239	9	262	181
77	90	39.015	264	273	281	8	247	5	266	181
77	15	39.700	267	273	281	2	247	2	263	180
77	107	37.778	270	273	281	5	250	2	269	180
77	96	38.824	255	273	287	17	248	14	267	180
77	36	39.404	302	273	293	4	272	4	292	180
77	55	38.745	271	273	297	1	247	1	267	179
77	103	38.462	260	273	283	2	241	2	261	177
77	8	36.861	274	273	302	3	239	6	279	178
77	97	40.234	256	273	288	3	239	7	262	177
77	65	37.308	260	273	287	15	250	7	264	177
77	118	37.154	253	273	284	11	247	14	266	176
77	105	37.132	272	273	283	3	251	5	273	175
77	86	37.984	258	273	281	17	250	14	269	174
77	63	38.132	257	273	283	3	243	7	263	174
77	28	38.610	259	273	292	14	248	11	267	174
77	52	35.897	273	273	284	3	259	6	278	174
77	87	39.184	245	273	313	33	247	37	281	174
77	73	36.567	268	273	275	20	273	19	275	171
77	62	38.406	276	273	287	3	252	6	276	171
77	21	34.831	267	273	280	3	257	7	273	169
77	104	36.759	253	273	283	3	239	6	258	169
77	19	37.455	275	273	288	3	250	6	274	166
77	67	37.638	271	273	295	1	239	2	269	166
77	74	37.991	229	273	274	33	248	32	259	164
77	14	36.000	275	273	291	3	257	12	284	164
77	42	34.426	305	273	294	1	272	2	293	164
77	115	35.688	269	273	296	1	239	2	270	163
77	1	36.000	275	273	305	3	257	12	284	164
77	119	36.260	262	273	274	26	273	25	274	162
77	20	39.167	240	273	295	26	247	40	279	162
77	4	39.357	249	273	309	33	250	37	282	163
77	13	38.211	246	273	305	33	260	47	292	162
77	93	37.759	241	273	297	26	247	39	279	161
77	2	37.759	241	273	297	26	247	39	279	161
77	40	35.252	278	273	288	1	256	2	279	161
77	94	40.084	237	273	271	33	239	37	271	159
77	11	34.868	304	273	298	1	273	2	296	159
77	72	39.111	225	273	296	33	239	45	269	158
77	5	37.052	251	273	297	33	264	46	294	158
77	83	37.872	235	273	296	33	248	45	279	158
77	110	34.926	272	273	295	3	248	8	278	157
77	120	34.686	271	273	285	1	249	1	271	157
77	116	36.752	234	273	296	33	247	45	278	155
77	25	35.600	250	273	296	19	249	31	280	150
78	78	100.000	274	274	274	1	274	1	274	571
78	77	73.818	275	274	273	1	273	1	272	436
78	114	68.248	274	274	272	1	273	1	271	406
78	88	70.956	272	274	272	1	271	1	269	405
78	30	68.750	272	274	274	1	271	1	269	402
78	27	67.883	274	274	271	1	273	1	270	396
78	98	66.300	273	274	272	1	272	1	270	394
78	43	67.518	274	274	273	1	272	2	271	392
78	24	66.182	275	274	273	1	273	1	272	390
78	89	66.667	273	274	272	1	272	1	270	387
78	85	67.033	273	274	274	1	272	1	269	384
78	109	66.300	273	274	273	1	272	1	271	384
78	124	64.855	276	274	272	1	274	1	272	382
78	49	64.364	275	274	278	1	273	3	277	377
78	82	63.370	273	274	274	1	271	1	269	367
78	51	60.949	274	274	275	1	272	2	273	359
78	38	61.679	274	274	276	1	272	3	271	358
78	60	61.314	274	274	274	1	272	2	272	357
78	99	60.364	275	274	275	1	273	1	271	348
78	33	48.315	267	274	296	1	245	1	267	258
78	66	45.918	294	274	296	1	272	1	285	253
78	129	46.617	266	274	289	1	247	1	266	246
78	12	45.763	295	274	293	1	273	1	286	246
78	122	46.468	269	274	290	1	250	1	269	245
78	59	44.746	295	274	294	1	274	1	286	244
78	75	45.578	294	274	291	1	273	1	284	242
78	102	46.067	267	274	293	1	245	1	267	242
78	34	47.925	265	274	288	1	245	1	263	239
78	50	46.241	266	274	294	1	245	1	265	239
78	56	45.556	270	274	299	1	245	1	270	238
78	92	44.280	271	274	293	1	249	1	271	238
78	26	44.898	294	274	292	1	273	1	285	238
78	53	46.442	267	274	295	1	245	1	266	236
78	47	45.725	269	274	299	1	245	1	268	235
78	48	45.283	265	274	289	1	245	1	263	234
78	123	45.185	270	274	294	1	248	1	270	232
78	68	43.866	269	274	298	1	245	1	268	224
78	61	42.751	269	274	295	1	245	1	269	223
78	106	40.226	266	274	284	17	261	9	274	204
78	17	40.580	276	274	289	1	252	1	273	198
78	91	38.235	272	274	298	3	237	4	275	199
78	100	38.828	273	274	296	3	238	2	274	198
78	23	36.655	281	274	304	2	237	2	281	194
78	101	37.634	279	274	292	8	261	4	282	193
78	39	39.015	264	274	292	11	250	8	271	191
78	71	38.603	272	274	295	3	238	2	273	190
78	127	40.385	260	274	283	3	244	8	265	189
78	111	38.224	259	274	276	17	250	8	266	189
78	54	38.095	273	274	278	2	253	2	271	189
78	29	38.583	254	274	287	17	245	8	261	189
78	35	39.615	260	274	282	2	240	2	261	188
78	103	39.841	251	274	283	7	239	11	261	187
78	104	38.710	279	274	283	4	260	3	281	187
78	7	40.078	257	274	283	17	250	14	270	187
78	18	39.695	262	274	261	33	262	2	255	186
78	6	42.500	240	274	303	33	237	41	279	187
78	80	37.132	272	274	298	7	237	4	275	186
78	112	41.322	242	274	286	17	237	14	255	186
78	36	39.493	276	274	293	7	245	2	276	186
78	86	37.546	269	274	281	7	250	3	271	185
78	79	36.803	269	274	281	7	250	3	271	184
78	84	36.296	270	274	281	5	250	2	271	184
78	117	37.453	267	274	282	1	245	1	264	184
78	70	37.634	279	274	288	3	254	7	278	184
78	107	36.667	270	274	281	5	250	2	271	184
78	128	36.226	265	274	290	17	256	11	275	184
78	108	38.431	255	274	284	17	237	9	262	184
78	95	38.610	259	274	291	17	250	14	272	184
78	46	36.940	268	274	294	3	237	5	271	184
78	3	36.496	274	274	301	3	237	6	279	184
78	125	37.838	259	274	292	17	250	11	269	183
78	69	38.132	257	274	283	1	239	5	261	182
78	58	38.976	254	274	309	19	237	33	285	183
78	65	37.308	260	274	287	15	250	7	266	183
78	64	36.496	274	274	300	3	237	4	276	183
78	19	38.628	277	274	288	7	251	2	277	182
78	16	38.224	259	274	292	17	250	14	272	182
78	44	37.037	270	274	282	1	245	1	267	182
78	10	38.132	257	274	307	17	237	31	284	182
78	32	37.255	255	274	303	17	237	27	280	182
78	45	37.308	260	274	283	2	240	2	261	181
78	55	37.184	277	274	297	1	252	1	274	181
78	76	37.037	270	274	281	5	250	2	271	180
78	118	37.594	266	274	284	7	251	10	275	179
78	87	38.182	275	274	313	33	260	37	311	179
78	126	38.722	266	274	283	2	245	2	267	178
78	15	37.132	272	274	281	2	252	2	270	178
78	121	35.985	264	274	279	12	250	2	265	177
78	57	36.293	259	274	294	17	250	10	268	178
78	31	37.500	264	274	298	7	245	3	266	178
78	73	40.175	229	274	275	33	246	32	260	177
78	37	36.434	258	274	300	17	250	14	271	178
78	9	36.296	270	274	292	5	250	2	271	177
78	8	37.455	275	274	302	3	237	6	279	177
78	90	36.667	270	274	281	5	250	2	271	176
78	74	40.789	228	274	274	33	246	32	259	176
78	119	41.485	229	274	274	33	245	32	258	176
78	41	34.545	275	274	288	3	253	3	274	176
78	63	38.911	257	274	283	3	241	7	263	176
78	96	36.154	260	274	287	17	252	14	273	176
78	81	37.066	259	274	286	17	250	8	266	175
78	22	33.696	276	274	281	2	253	2	274	175
78	105	37.037	270	274	283	3	247	5	271	174
78	52	36.131	274	274	284	3	255	6	279	172
78	28	36.187	257	274	292	14	246	11	267	172
78	62	36.029	272	274	287	3	247	6	273	171
78	115	36.803	269	274	296	1	237	2	270	168
78	40	37.262	263	274	288	1	237	2	262	167
78	67	35.254	295	274	295	1	260	2	293	166
78	97	38.911	257	274	288	3	237	7	262	166
78	4	38.057	247	274	309	33	249	37	283	166
78	94	38.723	235	274	271	33	237	37	271	161
78	21	35.659	258	274	280	3	246	7	264	162
78	120	35.636	275	274	285	1	251	1	275	161
78	72	34.767	279	274	296	3	250	4	282	160
78	25	34.752	282	274	296	1	250	2	283	159
78	20	35.870	276	274	295	3	245	4	279	158
78	11	35.106	282	274	298	1	250	2	283	158
78	13	35.659	258	274	305	3	239	16	273	157
78	83	32.971	276	274	296	3	250	8	283	156
78	93	33.793	290	274	297	3	262	8	297	153
78	2	33.793	290	274	297	3	262	8	297	153
78	42	32.203	295	274	294	1	261	2	292	151
78	116	34.310	239	274	296	33	250	45	283	151
78	110	36.134	238	274	295	33	250	45	282	150
78	5	34.520	281	274	297	1	248	2	280	150
78	14	32.941	255	274	291	3	237	12	266	144
78	1	32.941	255	274	305	3	237	12	266	144
79	79	100.000	281	281	281	1	281	1	281	587
79	76	77.061	279	281	281	1	279	1	279	464
79	101	76.000	275	281	292	5	279	5	279	450
79	86	75.180	278	281	281	1	278	1	278	447
79	84	73.741	278	281	281	1	278	1	278	445
79	107	72.143	280	281	281	1	280	1	280	439
79	17	72.401	279	281	289	1	279	1	279	439
79	9	71.326	279	281	292	1	279	1	279	437
79	117	73.285	277	281	282	3	279	3	277	435
79	90	71.223	278	281	281	1	278	1	278	429
79	15	70.251	279	281	281	1	279	1	276	427
79	28	69.534	279	281	292	1	279	1	279	426
79	44	68.705	278	281	282	3	279	3	280	422
79	31	68.705	278	281	298	1	278	1	278	422
79	16	69.892	279	281	292	2	279	2	280	422
79	95	68.214	280	281	291	1	279	1	280	420
79	41	68.705	278	281	288	1	278	1	278	419
79	22	68.345	278	281	281	1	278	1	278	416
79	81	69.403	268	281	286	12	278	6	273	414
79	7	68.817	279	281	283	1	279	1	278	414
79	65	70.896	268	281	287	14	281	9	276	414
79	39	70.000	280	281	292	2	281	2	281	412
79	54	68.100	279	281	278	1	279	1	276	410
79	55	67.626	278	281	297	2	278	2	279	410
79	37	67.986	278	281	300	2	278	2	278	408
79	111	69.663	267	281	276	14	279	8	274	404
79	57	69.030	268	281	294	12	278	8	275	404
79	112	67.266	278	281	286	2	279	2	276	403
79	29	69.663	267	281	287	14	279	8	274	403
79	128	69.173	266	281	290	14	278	11	276	402
79	106	69.466	262	281	284	14	275	9	267	391
79	121	68.148	270	281	279	11	278	4	272	385
79	125	65.789	266	281	292	14	278	11	276	377
79	96	60.674	267	281	287	14	278	14	278	343
79	71	48.496	266	281	295	3	258	10	272	259
79	46	51.095	274	281	294	3	266	9	278	258
79	80	51.504	266	281	298	3	258	12	275	254
79	91	48.327	269	281	298	3	261	12	278	254
79	6	47.203	286	281	303	3	272	10	292	252
79	64	48.551	276	281	300	17	279	27	298	251
79	23	47.445	274	281	304	14	272	27	294	250
79	100	49.049	263	281	296	6	258	13	273	248
79	58	46.442	267	281	309	9	258	26	285	243
79	18	49.194	248	281	261	29	266	1	245	239
79	3	45.035	282	281	301	1	258	3	279	240
79	10	48.221	253	281	307	22	258	37	284	238
79	48	46.691	272	281	289	5	268	1	265	238
79	108	47.328	262	281	284	14	258	9	262	236
79	32	46.718	259	281	303	14	258	27	280	236
79	62	42.908	282	281	287	8	279	8	285	228
79	8	46.715	274	281	302	3	258	14	279	227
79	87	43.793	290	281	313	7	279	13	302	226
79	70	42.963	270	281	288	7	267	7	272	224
79	33	43.333	270	281	296	3	266	3	267	224
79	123	41.818	275	281	294	3	270	3	271	222
79	4	41.463	287	281	309	7	278	13	299	223
79	34	41.667	288	281	288	3	279	3	280	220
79	19	42.066	271	281	288	17	279	20	286	219
79	92	41.319	288	281	293	5	280	1	282	218
79	59	41.392	273	281	294	3	270	3	270	217
79	66	43.651	252	281	296	20	267	23	268	217
79	94	43.243	259	281	271	7	258	13	271	215
79	36	38.832	291	281	293	2	279	5	291	215
79	47	41.758	273	281	299	3	266	3	268	214
79	12	41.606	274	281	293	3	267	3	268	214
79	75	39.852	271	281	291	5	268	1	266	214
79	50	42.593	270	281	294	3	267	3	266	214
79	61	41.241	274	281	295	3	266	3	269	213
79	102	40.702	285	281	293	5	275	1	277	213
79	26	41.758	273	281	292	3	267	3	267	213
79	56	42.701	274	281	299	3	266	3	270	213
79	122	41.948	267	281	290	6	272	9	270	212
79	53	41.912	272	281	295	3	267	3	267	212
79	68	41.636	269	281	298	6	267	9	269	209
79	129	41.111	270	281	289	3	266	3	264	206
79	24	42.105	266	281	273	3	267	7	248	204
79	104	43.019	265	281	283	3	260	6	260	199
79	120	43.911	271	281	285	1	258	1	261	198
79	118	39.161	286	281	284	1	279	8	282	196
79	105	41.573	267	281	283	1	260	3	259	190
79	52	41.045	268	281	284	1	260	3	260	189
79	45	41.418	268	281	283	3	260	3	260	187
79	35	40.149	269	281	282	3	267	11	267	186
79	40	42.915	247	281	288	27	266	35	270	186
79	115	42.529	261	281	296	17	272	38	284	185
79	78	36.803	269	281	274	3	271	7	250	184
79	77	40.157	254	281	273	14	266	17	247	184
79	72	39.216	306	281	296	1	280	1	294	184
79	97	40.972	288	281	288	3	279	11	286	182
79	30	38.491	265	281	274	3	266	7	246	181
79	88	37.313	268	281	272	3	269	7	249	181
79	73	39.789	284	281	275	1	279	1	273	181
79	60	37.545	277	281	274	3	274	4	256	180
79	109	37.037	270	281	273	3	268	3	248	179
79	114	38.281	256	281	272	14	268	17	248	179
79	38	39.922	258	281	276	14	267	19	250	179
79	126	40.458	262	281	283	1	258	9	259	179
79	5	38.846	260	281	297	28	279	44	295	178
79	69	37.011	281	281	283	3	279	11	281	177
79	93	39.695	262	281	297	24	280	40	293	177
79	2	39.695	262	281	297	24	280	40	293	177
79	82	37.500	256	281	274	14	268	17	249	177
79	25	38.284	303	281	296	1	279	1	294	177
79	83	39.662	237	281	296	27	258	42	270	177
79	89	36.822	258	281	272	11	266	14	246	175
79	99	38.023	263	281	275	14	275	17	255	175
79	21	39.858	281	281	280	2	273	2	268	175
79	42	40.892	269	281	294	12	274	26	284	175
79	14	40.809	272	281	291	3	258	4	266	174
79	124	37.891	256	281	272	14	268	17	248	173
79	1	40.809	272	281	305	3	258	4	266	174
79	119	41.016	256	281	274	9	259	10	251	172
79	27	35.556	270	281	271	3	267	3	247	171
79	127	38.652	282	281	283	3	279	12	282	171
79	67	40.234	256	281	295	27	277	42	288	171
79	110	38.462	260	281	295	28	279	43	293	171
79	85	36.719	256	281	274	14	268	17	248	170
79	49	38.148	270	281	278	3	267	5	250	170
79	43	36.704	267	281	273	3	267	8	249	169
79	74	39.357	249	281	274	14	259	15	251	169
79	98	35.115	262	281	272	14	273	17	254	168
79	51	34.457	267	281	275	3	267	8	249	168
79	103	36.131	274	281	283	3	269	7	270	168
79	20	40.310	258	281	295	28	279	45	293	168
79	116	37.165	261	281	296	27	279	42	294	167
79	63	37.548	261	281	283	3	259	11	260	162
79	13	38.433	268	281	305	3	254	8	267	160
79	11	39.062	256	281	298	27	276	43	289	159
8	8	100.000	302	302	302	1	302	1	302	627
8	3	78.146	302	302	301	1	302	1	301	507
8	108	80.714	280	302	284	24	302	6	284	487
8	32	70.627	303	302	303	1	302	1	303	464
8	10	70.323	310	302	307	1	302	1	307	454
8	23	68.214	280	302	304	25	302	25	304	415
8	58	61.489	309	302	309	1	302	1	309	408
8	6	59.259	297	302	303	1	295	1	295	392
8	64	58.000	300	302	300	4	302	2	300	382
8	71	57.986	288	302	295	1	287	1	280	353
8	100	57.770	296	302	296	10	302	2	296	350
8	80	56.081	296	302	298	10	302	4	298	350
8	46	59.779	271	302	294	33	302	25	294	348
8	91	54.392	296	302	298	10	302	4	298	336
8	18	58.397	262	302	261	42	302	1	261	331
8	128	49.442	269	302	290	20	283	4	260	268
8	81	49.612	258	302	286	27	279	8	253	265
8	44	50.000	268	302	282	14	279	3	259	263
8	117	52.381	252	302	282	29	279	16	256	263
8	95	48.973	292	302	291	16	301	5	281	263
8	106	49.632	272	302	284	24	292	6	264	261
8	29	50.385	260	302	287	29	283	10	257	261
8	111	50.000	260	302	276	29	283	10	257	260
8	37	49.814	269	302	300	12	279	1	258	260
8	15	49.627	268	302	281	14	279	3	255	259
8	121	51.373	255	302	279	29	279	9	252	256
8	22	49.624	266	302	281	16	279	5	258	256
8	31	51.562	256	302	298	29	279	16	258	256
8	55	50.182	275	302	297	12	279	1	259	256
8	17	46.713	289	302	289	12	297	1	277	255
8	57	47.566	267	302	294	22	283	5	259	255
8	84	49.627	268	302	281	14	279	3	258	253
8	86	46.735	291	302	281	14	301	3	281	253
8	9	48.339	271	302	292	14	279	3	258	253
8	65	48.736	277	302	287	19	292	1	267	253
8	41	48.708	271	302	288	14	279	3	258	252
8	7	46.875	288	302	283	16	301	5	279	251
8	39	50.000	268	302	292	23	286	10	266	251
8	76	46.735	291	302	281	14	301	3	281	251
8	101	49.097	277	302	292	29	301	16	279	251
8	54	48.507	268	302	278	14	279	3	255	249
8	96	49.615	260	302	287	22	279	8	258	248
8	90	46.048	291	302	281	14	301	3	281	248
8	28	49.259	270	302	292	18	279	7	258	245
8	125	46.097	269	302	292	16	279	4	256	245
8	112	48.148	270	302	286	27	292	14	269	244
8	19	43.182	308	302	288	1	302	1	288	244
8	79	46.715	274	302	281	14	279	3	258	242
8	16	47.328	262	302	292	29	286	16	267	242
8	107	46.642	268	302	281	14	279	3	258	241
8	36	43.836	292	302	293	1	283	1	272	239
8	70	42.157	306	302	288	4	302	5	288	239
8	62	41.853	313	302	287	1	302	1	287	237
8	92	43.599	289	302	293	6	290	3	273	231
8	33	42.960	277	302	296	6	279	3	259	229
8	50	41.924	291	302	294	6	293	3	274	223
8	61	45.703	256	302	295	27	279	17	261	219
8	53	41.455	275	302	295	6	279	3	258	219
8	47	44.922	256	302	299	27	279	17	260	216
8	12	41.455	275	302	293	6	279	3	259	215
8	66	40.925	281	302	296	6	279	3	259	214
8	102	41.818	275	302	293	6	279	3	259	214
8	59	40.146	274	302	294	6	279	3	258	213
8	26	41.606	274	302	292	6	279	3	258	212
8	56	44.231	260	302	299	27	279	17	262	211
8	122	42.688	253	302	290	27	279	17	256	209
8	129	43.083	253	302	289	27	279	17	256	207
8	68	41.328	271	302	298	27	291	17	275	207
8	48	38.686	274	302	289	6	279	3	255	206
8	75	40.072	277	302	291	6	279	3	256	206
8	123	40.590	271	302	294	10	279	3	259	202
8	94	42.041	245	302	271	41	279	35	271	201
8	120	39.051	274	302	285	6	279	3	261	199
8	4	40.769	260	302	309	41	293	35	286	200
8	24	36.735	294	302	273	6	292	3	259	197
8	127	42.279	272	302	283	6	275	4	256	197
8	97	40.351	285	302	288	6	290	7	273	197
8	35	38.710	279	302	282	6	279	3	258	196
8	103	41.096	292	302	283	6	290	3	265	195
8	115	38.762	307	302	296	3	299	1	293	195
8	87	39.608	255	302	313	31	279	25	273	195
8	34	37.591	274	302	288	6	279	3	255	194
8	99	38.686	274	302	275	6	279	3	239	193
8	63	41.304	276	302	283	4	279	5	259	193
8	126	42.520	254	302	283	29	279	23	259	193
8	114	38.545	275	302	272	6	279	3	238	191
8	82	38.806	268	302	274	27	290	17	254	191
8	77	36.861	274	302	273	6	279	3	239	191
8	85	35.762	302	302	274	6	302	3	264	190
8	69	40.860	279	302	283	3	279	4	259	190
8	43	36.120	299	302	273	6	301	4	265	189
8	104	39.781	274	302	283	7	279	3	258	190
8	109	36.131	274	302	273	6	279	3	238	189
8	27	36.082	291	302	271	10	297	3	259	189
8	88	36.213	301	302	272	6	302	3	265	189
8	40	37.755	294	302	288	3	296	1	279	189
8	78	37.455	275	302	274	6	279	3	237	188
8	105	41.569	255	302	283	38	283	31	268	187
8	98	36.861	274	302	272	6	279	3	238	187
8	38	35.862	290	302	276	6	292	5	257	186
8	119	39.502	281	302	274	3	279	4	250	186
8	5	40.000	285	302	297	3	279	1	271	186
8	83	38.380	284	302	296	3	279	1	270	185
8	45	38.406	276	302	283	6	279	3	258	184
8	42	37.333	300	302	294	3	298	1	287	184
8	67	37.908	306	302	295	3	301	1	294	184
8	11	37.770	278	302	298	5	279	7	270	183
8	13	38.163	283	302	305	3	279	1	271	183
8	118	37.631	287	302	284	16	283	4	269	180
8	52	36.299	281	302	284	3	279	3	258	177
8	25	36.491	285	302	296	3	279	1	270	177
8	51	37.109	256	302	275	26	279	17	240	177
8	116	36.299	281	302	296	3	279	1	270	177
8	20	37.895	285	302	295	3	279	1	271	177
8	124	33.942	274	302	272	6	279	3	238	176
8	49	33.942	274	302	278	6	279	5	241	176
8	30	36.131	274	302	274	6	279	3	238	176
8	72	34.520	281	302	296	3	279	1	269	176
8	89	33.942	274	302	272	6	279	3	238	175
8	60	36.759	253	302	274	27	279	18	240	174
8	73	37.453	267	302	275	14	279	3	251	174
8	74	39.184	245	302	274	38	279	27	250	170
8	14	35.401	274	302	291	6	279	8	266	171
8	1	35.401	274	302	305	6	279	8	266	171
8	110	35.179	307	302	295	3	301	1	294	169
8	93	34.767	279	302	297	2	279	4	271	167
8	2	34.767	279	302	297	2	279	4	271	167
8	21	35.018	277	302	280	3	279	4	255	161
80	80	100.000	298	298	298	1	298	1	298	619
80	91	82.550	298	298	298	1	298	1	298	530
80	100	73.986	296	298	296	3	298	1	296	479
80	46	76.689	296	298	294	3	298	1	294	479
80	71	68.243	296	298	295	3	298	1	295	433
80	18	76.245	261	298	261	38	298	1	261	430
80	6	61.513	304	298	303	3	298	1	303	385
80	58	58.900	309	298	309	3	298	1	309	378
80	32	59.539	304	298	303	3	298	1	303	375
80	23	59.736	303	298	304	4	298	3	304	371
80	10	58.117	308	298	307	3	298	1	307	367
80	64	59.801	301	298	300	2	298	2	300	364
80	3	55.670	291	298	301	4	291	6	295	343
80	108	59.245	265	298	284	23	285	9	272	340
80	8	56.081	296	298	302	4	298	10	302	332
80	95	51.079	278	298	291	13	287	4	272	270
80	16	51.894	264	298	292	15	276	6	260	270
80	76	51.613	279	298	281	12	287	3	271	269
80	44	50.360	278	298	282	4	276	3	260	268
80	84	50.173	289	298	281	12	297	3	281	267
80	101	50.542	277	298	292	14	287	5	271	266
80	55	53.208	265	298	297	15	277	6	261	266
80	57	51.254	279	298	294	13	287	1	268	265
80	22	48.311	296	298	281	5	297	4	281	264
80	128	50.746	268	298	290	13	276	1	257	264
80	86	50.542	277	298	281	12	282	3	266	263
80	28	50.936	267	298	292	15	279	6	262	263
80	41	49.470	283	298	288	12	291	3	275	263
80	17	50.179	279	298	289	12	287	3	271	263
80	117	51.119	268	298	282	12	275	3	256	261
80	121	51.711	263	298	279	23	282	7	260	260
80	37	50.345	290	298	300	12	297	3	280	261
80	106	51.103	272	298	284	23	291	9	267	259
80	81	50.916	273	298	286	22	291	7	270	259
80	15	50.929	269	298	281	12	275	3	255	258
80	9	49.818	275	298	292	12	283	3	267	259
80	7	50.566	265	298	283	13	275	4	257	258
80	39	50.183	273	298	292	15	285	6	263	258
80	90	48.288	292	298	281	12	297	3	281	256
80	31	51.095	274	298	298	12	282	3	266	257
80	79	51.504	266	298	281	12	275	3	258	254
80	112	50.916	273	298	286	13	282	4	263	254
80	111	50.758	264	298	276	23	283	8	262	253
80	29	51.362	257	298	287	23	277	8	255	252
80	54	48.175	274	298	278	4	275	3	255	249
80	107	48.029	279	298	281	12	287	3	271	248
80	70	44.604	278	298	288	3	277	1	265	246
80	96	50.951	263	298	287	23	282	14	266	244
80	125	47.569	288	298	292	13	297	1	278	244
80	65	47.810	274	298	287	17	287	3	266	241
80	19	45.290	276	298	288	3	275	1	263	239
80	36	44.484	281	298	293	3	275	1	268	238
80	33	44.727	275	298	296	4	278	3	262	230
80	68	47.059	255	298	298	23	275	17	260	229
80	50	44.765	277	298	294	4	280	3	262	229
80	62	42.599	277	298	287	3	276	1	264	227
80	47	43.682	277	298	299	4	278	3	263	223
80	56	43.206	287	298	299	14	297	8	281	223
80	53	41.877	277	298	295	4	280	3	263	222
80	92	42.647	272	298	293	4	275	3	259	220
80	66	42.806	278	298	296	4	280	3	264	220
80	12	42.599	277	298	293	4	280	3	264	218
80	26	41.516	277	298	292	4	280	3	263	218
80	102	43.015	272	298	293	4	275	3	259	216
80	61	43.066	274	298	295	4	275	3	261	216
80	87	43.496	246	298	313	37	277	35	275	213
80	123	41.877	277	298	294	4	280	3	264	210
80	129	46.124	258	298	289	23	278	17	259	206
80	120	42.960	277	298	285	2	276	5	262	206
80	99	39.175	291	298	275	8	298	3	262	205
80	59	39.781	274	298	294	4	277	3	260	205
80	48	41.241	274	298	289	4	275	3	255	205
80	85	39.236	288	298	274	4	291	3	254	204
80	103	40.441	272	298	283	4	275	7	259	203
80	75	39.711	277	298	291	4	278	3	259	202
80	126	41.667	276	298	283	2	276	5	260	202
80	122	41.912	272	298	290	4	275	3	256	201
80	24	40.299	268	298	273	8	275	3	239	200
80	4	44.000	250	298	309	37	277	35	273	201
80	104	39.568	278	298	283	3	276	5	259	199
80	94	43.320	247	298	271	37	275	35	271	198
80	34	39.706	272	298	288	4	275	3	255	198
80	38	41.758	273	298	276	6	278	3	244	197
80	114	40.074	272	298	272	4	275	3	238	196
80	77	39.552	268	298	273	8	275	3	239	196
80	69	39.855	276	298	283	6	275	5	259	196
80	27	38.095	294	298	271	8	297	3	264	194
80	42	40.860	279	298	294	4	276	4	269	194
80	82	37.956	274	298	274	4	277	3	241	194
80	35	38.406	276	298	282	3	275	6	258	194
80	73	41.729	266	298	275	12	275	3	251	193
80	20	42.049	283	298	295	3	276	3	272	193
80	98	38.235	272	298	272	4	275	3	238	192
80	97	39.927	273	298	288	5	276	4	263	192
80	88	39.925	268	298	272	8	275	3	238	192
80	109	38.148	270	298	273	8	277	3	240	192
80	11	40.000	280	298	298	4	276	4	271	192
80	45	39.928	278	298	283	4	276	7	259	192
80	89	38.519	270	298	272	8	277	3	240	191
80	63	40.876	274	298	283	9	275	4	259	191
80	127	42.238	277	298	283	4	275	4	260	190
80	115	39.502	281	298	296	4	276	4	271	189
80	30	40.000	270	298	274	8	277	3	240	187
80	51	37.868	272	298	275	6	275	2	240	187
80	78	37.132	272	298	274	4	275	7	237	186
80	118	39.600	250	298	284	32	281	30	264	186
80	43	38.235	272	298	273	4	275	8	240	185
80	105	36.996	273	298	283	4	276	5	258	186
80	116	39.855	276	298	296	4	276	8	271	185
80	13	38.909	275	298	305	4	276	12	272	184
80	52	36.331	278	298	284	4	281	6	264	183
80	40	39.273	275	298	288	4	276	4	263	182
80	67	39.286	280	298	295	4	276	4	270	182
80	25	41.339	254	298	296	24	276	30	271	182
80	74	41.887	265	298	274	13	275	4	250	181
80	14	38.768	276	298	291	4	276	4	267	180
80	1	38.768	276	298	305	4	276	4	267	181
80	60	38.340	253	298	274	23	275	18	240	178
80	5	39.929	283	298	297	4	276	4	272	178
80	83	38.710	279	298	296	4	275	4	270	178
80	124	36.567	268	298	272	8	275	3	238	176
80	72	39.209	278	298	296	4	276	8	270	177
80	49	35.055	271	298	278	5	275	2	241	175
80	119	37.828	267	298	274	10	275	5	250	174
80	110	37.770	278	298	295	4	275	4	269	174
80	93	35.690	297	298	297	4	287	4	284	166
80	2	35.690	297	298	297	4	287	4	284	166
80	21	37.591	274	298	280	2	275	5	255	165
81	81	100.000	286	286	286	1	286	1	286	599
81	29	74.113	282	286	287	1	282	1	282	451
81	111	75.458	273	286	276	1	273	1	273	447
81	95	72.101	276	286	291	6	281	12	287	444
81	55	71.530	281	286	297	2	282	8	288	444
81	128	70.877	285	286	290	1	282	1	285	439
81	57	70.833	288	286	294	1	286	1	288	439
81	9	72.059	272	286	292	6	277	12	282	432
81	37	68.683	281	286	300	6	286	12	291	425
81	31	70.632	269	286	298	8	276	14	281	422
81	28	70.588	272	286	292	6	277	12	282	419
81	125	69.343	274	286	292	8	281	11	284	419
81	79	69.403	268	286	281	6	273	12	278	414
81	41	69.091	275	286	288	2	276	8	281	409
81	76	66.192	281	286	281	1	275	1	280	407
81	121	68.148	270	286	279	8	277	7	276	403
81	84	64.769	281	286	281	1	275	1	280	399
81	16	68.165	267	286	292	7	273	13	279	397
81	101	68.165	267	286	292	7	273	13	278	397
81	44	66.171	269	286	282	7	275	13	281	395
81	17	68.914	267	286	289	7	273	13	278	392
81	117	67.159	271	286	282	6	276	12	279	391
81	15	66.667	270	286	281	7	276	13	278	391
81	86	66.914	269	286	281	7	275	13	280	388
81	96	68.132	273	286	287	5	276	11	281	387
81	22	65.428	269	286	281	7	275	13	280	383
81	39	66.667	276	286	292	7	282	13	286	383
81	107	65.672	268	286	281	6	273	12	278	382
81	7	66.052	271	286	283	6	276	12	280	382
81	65	64.045	267	286	287	8	273	9	273	381
81	106	66.920	263	286	284	8	270	9	267	381
81	54	65.926	270	286	278	6	275	12	277	380
81	90	63.701	281	286	281	1	275	1	280	378
81	112	64.925	268	286	286	6	273	12	275	376
81	23	50.181	277	286	304	5	267	24	294	269
81	71	50.719	278	286	295	8	275	21	294	267
81	32	50.579	259	286	303	8	253	27	280	263
81	6	49.645	282	286	303	10	275	27	302	260
81	80	50.916	273	286	298	7	270	22	291	259
81	18	53.200	250	286	261	23	262	1	246	257
81	91	50.758	264	286	298	7	261	22	282	258
81	58	49.615	260	286	309	8	253	31	285	257
81	100	49.434	265	286	296	7	262	20	281	256
81	64	48.276	261	286	300	6	257	22	280	253
81	3	49.425	261	286	301	8	253	27	279	253
81	46	52.400	250	286	294	14	253	25	271	251
81	8	49.612	258	286	302	8	253	27	279	250
81	10	47.727	264	286	307	5	253	28	284	249
81	108	48.485	264	286	284	3	253	5	262	246
81	87	45.714	280	286	313	22	286	35	313	238
81	4	42.222	270	286	309	22	278	35	304	229
81	123	46.000	250	286	294	8	253	17	259	227
81	66	44.800	250	286	296	8	253	17	259	223
81	48	43.359	256	286	289	8	263	17	265	221
81	94	45.148	237	286	271	22	253	35	271	219
81	92	44.000	250	286	293	8	254	17	260	219
81	12	41.135	282	286	293	8	280	17	291	217
81	36	40.925	281	286	293	7	275	16	292	216
81	34	40.876	274	286	288	8	275	17	281	216
81	53	41.786	280	286	295	8	279	17	289	214
81	59	42.471	259	286	294	8	262	17	267	213
81	122	43.089	246	286	290	8	253	17	256	213
81	56	40.769	260	286	299	8	261	17	270	212
81	33	39.130	276	286	296	8	276	17	287	212
81	62	40.909	264	286	287	18	275	27	286	209
81	102	39.785	279	286	293	8	276	17	287	209
81	118	45.868	242	286	284	23	261	36	266	208
81	70	41.633	245	286	288	14	253	23	263	207
81	68	39.847	261	286	298	8	264	17	271	208
81	75	39.689	257	286	291	8	264	17	267	206
81	47	39.922	258	286	299	8	261	17	268	205
81	61	41.085	258	286	295	8	261	17	269	205
81	104	44.400	250	286	283	8	253	20	258	204
81	19	38.889	270	286	288	13	275	22	287	204
81	26	42.292	253	286	292	8	253	17	258	204
81	50	42.570	249	286	294	8	253	17	257	204
81	105	43.154	241	286	283	21	258	33	262	203
81	24	41.071	280	286	273	8	286	17	267	201
81	115	44.788	259	286	296	21	272	43	289	200
81	129	42.915	247	286	289	8	254	17	257	199
81	52	44.672	244	286	284	21	261	34	266	196
81	120	41.727	278	286	285	8	276	18	285	192
81	127	43.223	273	286	283	8	275	22	283	191
81	82	40.154	259	286	274	8	265	17	251	191
81	69	40.293	273	286	283	8	275	21	282	191
81	40	42.105	247	286	288	21	262	35	271	191
81	35	41.634	257	286	282	23	275	36	281	190
81	5	42.652	279	286	297	8	276	29	297	190
81	109	38.996	259	286	273	8	265	17	250	189
81	119	42.182	275	286	274	6	276	13	274	189
81	103	41.634	257	286	283	23	275	37	282	189
81	77	40.784	255	286	273	8	261	17	247	187
81	45	43.162	234	286	283	23	253	36	258	187
81	63	42.802	257	286	283	23	275	37	282	187
81	97	43.893	262	286	288	23	275	37	287	186
81	42	40.925	281	286	294	4	275	24	293	186
81	126	40.809	272	286	283	9	275	22	282	186
81	83	42.231	251	286	296	9	253	29	270	186
81	114	39.300	257	286	272	8	263	17	248	185
81	11	40.377	265	286	298	21	280	43	297	185
81	25	41.065	263	286	296	21	275	43	295	183
81	88	38.996	259	286	272	8	265	17	250	182
81	20	40.433	277	286	295	4	273	26	292	182
81	124	38.610	259	286	272	8	265	17	250	181
81	72	39.925	268	286	296	5	266	30	282	181
81	74	39.706	272	286	274	8	275	15	273	180
81	67	40.377	265	286	295	21	276	42	295	180
81	73	38.849	278	286	275	1	275	9	274	179
81	60	37.643	263	286	274	8	268	18	255	178
81	99	38.931	262	286	275	8	268	17	253	177
81	27	37.226	274	286	271	8	275	17	264	177
81	98	37.743	257	286	272	8	263	17	248	177
81	85	36.429	280	286	274	8	286	17	265	177
81	89	35.907	259	286	272	8	265	17	250	176
81	110	38.489	278	286	295	8	276	28	295	176
81	38	38.550	262	286	276	8	265	19	253	176
81	93	41.870	246	286	297	21	261	43	279	176
81	2	41.870	246	286	297	21	261	43	279	176
81	78	37.066	259	286	274	8	266	17	250	175
81	14	40.559	286	286	291	1	275	16	290	175
81	116	40.152	264	286	296	21	276	42	296	175
81	51	35.547	256	286	275	8	261	18	248	174
81	30	35.587	281	286	274	8	276	17	272	174
81	1	40.559	286	286	305	1	275	16	290	175
81	13	42.085	259	286	305	4	253	26	271	172
81	21	37.324	284	286	280	2	275	9	279	169
81	49	35.461	282	286	278	8	279	19	275	167
81	43	36.719	256	286	273	8	261	18	248	166
82	82	100.000	274	274	274	1	274	1	274	571
82	27	74.721	269	274	271	1	269	1	268	436
82	114	73.626	273	274	272	1	272	1	272	430
82	98	68.498	273	274	272	1	272	1	272	405
82	85	67.883	274	274	274	1	274	1	273	400
82	99	67.153	274	274	275	1	274	1	274	399
82	30	66.788	274	274	274	1	273	1	273	390
82	88	66.300	273	274	272	1	272	1	272	390
82	109	64.599	274	274	273	1	272	1	273	377
82	43	64.103	273	274	273	1	272	2	273	375
82	124	63.971	272	274	272	1	271	1	271	371
82	49	64.621	277	274	278	1	272	3	278	370
82	77	63.838	271	274	273	1	269	1	270	370
82	78	63.370	273	274	274	1	269	1	271	367
82	89	60.806	273	274	272	1	272	1	272	361
82	51	61.091	275	274	275	1	272	2	275	360
82	38	61.481	270	274	276	1	269	3	270	356
82	60	60.949	274	274	274	1	272	2	274	350
82	24	59.701	268	274	273	1	266	1	267	344
82	129	48.679	265	274	289	1	247	1	264	254
82	56	44.257	296	274	299	1	272	1	292	253
82	66	48.175	274	274	296	1	253	1	272	252
82	33	44.068	295	274	296	1	274	1	289	251
82	92	48.364	275	274	293	1	254	1	273	250
82	75	45.862	290	274	291	1	272	1	285	249
82	122	45.172	290	274	290	1	272	1	284	244
82	12	45.620	274	274	293	1	253	1	272	243
82	47	42.905	296	274	299	1	273	1	289	242
82	102	45.896	268	274	293	1	247	1	267	240
82	59	44.407	295	274	294	1	273	1	287	239
82	61	43.051	295	274	295	1	272	1	289	239
82	68	42.761	297	274	298	1	274	1	291	237
82	26	45.788	273	274	292	1	253	1	271	235
82	123	45.051	293	274	294	1	272	1	287	235
82	34	45.353	269	274	288	1	252	1	268	233
82	53	44.403	268	274	295	1	247	1	266	233
82	50	45.421	273	274	294	1	253	1	270	230
82	48	44.030	268	274	289	1	249	1	265	228
82	91	39.706	272	274	298	3	239	4	275	206
82	100	40.234	256	274	296	17	242	21	276	203
82	112	42.683	246	274	286	17	242	14	258	198
82	106	39.209	278	274	284	17	274	9	283	197
82	29	41.569	255	274	287	17	247	8	261	195
82	111	41.569	255	274	276	17	247	8	261	194
82	101	39.844	256	274	292	10	242	7	261	195
82	7	39.792	289	274	283	8	274	5	282	194
82	71	40.873	252	274	295	17	239	21	272	195
82	46	41.107	253	274	294	17	239	20	271	195
82	80	37.956	274	274	298	3	241	4	277	194
82	3	36.949	295	274	301	3	260	6	296	193
82	17	40.293	273	274	289	10	259	7	277	192
82	39	38.732	284	274	292	10	270	7	286	192
82	10	40.234	256	274	307	17	239	31	284	192
82	57	41.245	257	274	294	17	249	10	265	192
82	23	38.824	255	274	304	17	239	27	281	192
82	81	40.154	259	274	286	17	251	8	265	191
82	125	39.300	257	274	292	17	249	11	266	189
82	84	38.023	263	274	281	8	247	5	266	189
82	54	40.075	267	274	278	2	248	2	264	189
82	65	38.868	265	274	287	15	256	7	268	189
82	18	41.772	237	274	261	33	239	2	238	187
82	32	39.370	254	274	303	17	239	27	280	187
82	58	42.259	239	274	309	33	239	47	285	187
82	117	39.615	260	274	282	1	239	1	256	186
82	121	38.224	259	274	279	13	247	3	260	185
82	64	36.996	273	274	300	3	239	4	276	184
82	70	38.007	271	274	288	8	247	3	271	184
82	22	38.113	265	274	281	8	249	5	268	183
82	31	37.241	290	274	298	8	274	5	283	184
82	16	37.918	269	274	292	12	256	9	274	183
82	96	39.844	256	274	287	17	249	14	268	183
82	86	41.350	237	274	281	34	247	31	266	182
82	8	38.806	268	274	302	17	254	27	290	183
82	126	42.520	254	274	283	10	247	14	267	182
82	28	39.300	257	274	292	14	247	11	266	182
82	6	41.423	239	274	303	33	239	41	279	183
82	104	40.580	276	274	283	3	260	6	277	182
82	128	39.062	256	274	290	17	248	11	265	182
82	9	38.023	263	274	292	8	247	5	266	182
82	44	36.620	284	274	282	1	260	1	275	182
82	108	35.636	275	274	284	17	260	9	279	181
82	103	41.897	253	274	283	8	242	12	262	180
82	107	36.226	265	274	281	6	247	3	266	179
82	69	39.695	262	274	283	1	244	5	264	179
82	76	36.604	265	274	281	8	249	5	268	179
82	35	38.806	268	274	282	2	248	2	267	179
82	90	36.882	263	274	281	8	247	5	266	178
82	55	37.828	267	274	297	8	249	4	269	178
82	41	36.502	263	274	288	8	247	5	266	177
82	79	37.500	256	274	281	17	249	14	268	177
82	45	38.202	267	274	283	2	247	2	266	176
82	105	39.163	263	274	283	3	247	5	265	175
82	36	36.667	300	274	293	8	271	3	292	176
82	87	36.913	298	274	313	5	272	23	304	176
82	95	38.760	258	274	291	17	249	14	269	175
82	127	39.535	258	274	283	3	242	8	263	174
82	37	37.795	254	274	300	17	247	14	266	173
82	73	41.921	229	274	275	33	247	32	259	172
82	118	39.764	254	274	284	10	247	13	266	172
82	15	37.079	267	274	281	2	248	2	264	170
82	97	38.491	265	274	288	3	246	7	269	169
82	19	39.080	261	274	288	11	239	6	263	168
82	63	39.300	257	274	283	3	243	7	263	168
82	116	40.171	234	274	296	33	247	45	278	168
82	4	37.102	283	274	309	4	257	22	289	168
82	93	38.889	234	274	297	33	247	46	279	167
82	2	38.889	234	274	297	33	247	46	279	167
82	13	36.972	284	274	305	3	262	16	298	167
82	115	38.545	275	274	296	19	272	31	296	167
82	20	39.919	248	274	295	19	247	32	279	166
82	62	36.900	271	274	287	9	247	4	271	166
82	119	39.382	259	274	274	7	247	3	258	164
82	72	39.056	233	274	296	33	247	45	277	164
82	74	40.351	228	274	274	33	247	32	258	163
82	52	37.184	277	274	284	3	261	6	270	163
82	94	38.202	267	274	271	4	239	22	271	162
82	5	39.316	234	274	297	33	247	46	279	162
82	110	37.868	272	274	295	3	248	8	278	162
82	25	39.200	250	274	296	19	247	31	278	162
82	11	39.370	254	274	298	19	251	31	282	159
82	40	35.793	271	274	288	1	247	2	270	159
82	120	35.714	266	274	285	4	248	5	270	157
82	21	35.816	282	274	280	1	265	2	279	157
82	42	38.793	232	274	294	33	247	45	276	155
82	14	38.235	238	274	291	28	247	37	274	155
82	1	38.235	238	274	305	28	247	37	274	155
82	67	37.339	233	274	295	33	247	45	277	154
82	83	35.745	235	274	296	33	248	45	279	152
83	83	100.000	296	296	296	1	296	1	296	621
83	116	69.257	296	296	296	1	296	1	296	461
83	110	69.257	296	296	295	1	296	1	295	449
83	5	63.300	297	296	297	1	296	1	297	416
83	93	60.606	297	296	297	1	296	1	297	405
83	2	60.606	297	296	297	1	296	1	297	405
83	67	61.695	295	296	295	1	295	1	294	402
83	115	60.943	297	296	296	1	296	1	296	397
83	25	60.811	296	296	296	1	295	1	295	397
83	72	58.163	294	296	296	1	294	1	293	390
83	40	61.149	296	296	288	1	295	1	286	388
83	97	64.312	269	296	288	27	295	20	287	382
83	42	58.983	295	296	294	1	295	1	293	382
83	11	58.163	294	296	298	1	293	1	293	381
83	20	60.000	295	296	295	6	294	2	293	375
83	14	58.844	294	296	291	2	295	2	290	367
83	1	58.844	294	296	305	2	295	2	290	367
83	13	57.095	296	296	305	1	294	1	294	355
83	120	48.980	294	296	285	8	296	3	285	270
83	118	41.980	293	296	284	6	295	4	283	228
83	104	43.643	291	296	283	9	295	3	282	224
83	52	42.321	293	296	284	6	295	4	283	222
83	127	41.438	292	296	283	8	295	4	283	220
83	45	43.985	266	296	283	8	270	3	258	219
83	119	43.728	279	296	274	18	292	10	272	216
83	105	41.489	282	296	283	18	295	8	282	216
83	87	41.034	290	296	313	26	296	18	304	216
83	73	41.275	298	296	275	3	295	2	274	212
83	74	43.066	274	296	274	26	295	13	273	210
83	35	42.066	271	296	282	8	274	3	263	211
83	103	39.863	291	296	283	8	295	3	282	210
83	126	40.753	292	296	283	8	295	3	282	209
83	69	41.912	272	296	283	6	274	5	263	208
83	94	40.927	259	296	271	26	270	18	271	206
83	4	38.435	294	296	309	1	280	6	281	207
83	63	39.927	273	296	283	6	275	5	264	203
83	122	41.544	272	296	290	30	296	19	284	201
83	21	41.071	280	296	280	18	292	10	278	199
83	33	41.509	265	296	296	43	296	31	287	198
83	111	41.221	262	296	276	42	294	21	274	194
83	47	37.627	295	296	299	12	296	3	288	194
83	12	42.975	242	296	293	44	278	32	267	193
83	95	40.909	264	296	291	42	296	27	282	192
83	50	42.917	240	296	294	44	278	32	265	192
83	29	40.840	262	296	287	42	294	21	274	192
83	128	40.684	263	296	290	42	295	24	281	191
83	68	40.741	243	296	298	44	278	32	268	190
83	32	38.652	282	296	303	4	270	2	280	190
83	102	40.613	261	296	293	44	296	32	287	190
83	66	40.152	264	296	296	44	296	32	287	190
83	57	40.426	282	296	294	24	293	2	275	188
83	37	40.840	262	296	300	43	296	28	281	189
83	123	39.922	258	296	294	44	293	32	284	187
83	64	38.298	282	296	300	4	270	4	276	187
83	81	42.231	251	296	286	29	270	9	253	186
83	129	38.376	271	296	289	30	296	19	283	185
83	75	40.249	241	296	291	44	278	32	264	185
83	59	38.976	254	296	294	44	290	32	280	184
83	3	36.749	283	296	301	4	270	2	279	184
83	23	41.339	254	296	304	30	270	29	281	184
83	10	38.062	289	296	307	4	270	2	284	184
83	7	40.076	262	296	283	43	296	28	280	183
83	48	39.552	268	296	289	34	295	22	282	182
83	56	38.868	265	296	299	44	293	32	289	182
83	65	41.525	236	296	287	43	270	23	253	181
83	26	40.076	262	296	292	44	295	32	285	182
83	100	40.816	245	296	296	42	274	34	277	182
83	54	37.710	297	296	278	8	295	3	277	181
83	101	40.664	241	296	292	42	273	27	261	181
83	71	40.417	240	296	295	42	271	34	273	181
83	58	38.514	296	296	309	6	270	4	285	181
83	53	40.249	241	296	295	44	278	32	266	181
83	125	36.749	283	296	292	23	296	6	279	180
83	31	37.374	297	296	298	8	296	3	284	180
83	15	40.613	261	296	281	43	294	28	279	179
83	92	39.080	261	296	293	44	296	32	287	180
83	96	40.833	240	296	287	42	273	27	261	179
83	117	40.996	261	296	282	43	296	28	279	179
83	90	39.464	261	296	281	43	295	28	281	179
83	112	39.231	260	296	286	43	294	28	276	179
83	91	41.250	240	296	298	42	270	36	275	179
83	9	38.079	302	296	292	3	296	2	281	178
83	106	38.951	267	296	284	25	283	10	263	178
83	80	38.710	279	296	298	4	270	4	275	178
83	121	39.442	251	296	279	42	283	20	265	177
83	79	39.662	237	296	281	42	270	27	258	177
83	84	36.842	285	296	281	24	295	5	280	176
83	46	33.214	280	296	294	2	270	3	271	177
83	41	41.339	254	296	288	43	288	28	276	176
83	8	38.380	284	296	302	1	270	3	279	176
83	55	40.598	234	296	297	42	266	27	255	176
83	76	36.491	285	296	281	24	295	5	280	175
83	86	39.485	233	296	281	42	266	27	254	175
83	44	38.550	262	296	282	43	295	28	281	174
83	61	35.741	263	296	295	44	296	32	289	175
83	108	39.754	244	296	284	42	270	22	262	174
83	19	35.948	306	296	288	1	295	3	287	174
83	34	39.331	239	296	288	44	276	32	264	173
83	17	37.308	260	296	289	43	294	28	281	173
83	39	40.336	238	296	292	42	270	27	258	172
83	107	38.462	260	296	281	43	294	28	279	171
83	6	36.170	282	296	303	5	270	14	279	171
83	28	37.970	266	296	292	9	266	4	254	171
83	22	37.023	262	296	281	42	295	27	280	169
83	36	37.970	266	296	293	42	288	30	289	169
83	70	35.410	305	296	288	2	295	4	287	168
83	18	39.419	241	296	261	44	270	1	238	167
83	24	40.000	235	296	273	45	279	33	248	167
83	62	34.483	290	296	287	1	279	3	272	165
83	16	35.955	267	296	292	38	294	23	280	163
83	51	36.735	245	296	275	45	289	34	259	159
83	77	37.872	235	296	273	45	279	33	248	158
83	43	36.508	252	296	273	45	295	34	266	157
83	114	37.872	235	296	272	45	279	33	247	157
83	78	32.971	276	296	274	8	283	3	250	156
83	98	36.694	248	296	272	45	290	33	260	155
83	82	35.745	235	296	274	45	279	33	248	152
83	49	33.212	274	296	278	6	279	3	250	150
83	60	36.596	235	296	274	45	279	34	249	150
83	85	35.745	235	296	274	45	279	33	247	150
83	38	34.138	290	296	276	6	293	3	264	150
83	88	34.188	234	296	272	46	279	34	247	149
83	109	34.894	235	296	273	45	279	33	247	149
83	30	30.605	281	296	274	8	288	3	256	148
83	124	33.617	235	296	272	45	279	33	247	147
83	27	33.588	262	296	271	45	295	33	270	145
83	89	30.147	272	296	272	8	279	3	247	143
83	99	32.051	234	296	275	46	279	34	248	139
84	84	100.000	281	281	281	1	281	1	281	584
84	76	78.648	281	281	281	1	281	1	281	481
84	79	73.741	278	281	281	1	278	1	278	445
84	54	71.530	281	281	278	1	281	1	278	431
84	9	69.784	278	281	292	1	278	1	278	430
84	90	71.174	281	281	281	1	281	1	281	429
84	31	69.643	280	281	298	1	280	1	280	428
84	86	69.751	281	281	281	1	281	1	281	426
84	17	70.504	278	281	289	1	278	1	278	423
84	101	70.438	274	281	292	5	278	5	278	422
84	44	68.214	280	281	282	3	281	3	282	419
84	22	67.972	281	281	281	1	281	1	281	419
84	41	66.547	278	281	288	1	278	1	278	419
84	117	70.504	278	281	282	3	280	3	278	418
84	95	69.751	281	281	291	1	280	1	281	418
84	107	67.616	281	281	281	1	281	1	281	416
84	7	69.565	276	281	283	5	280	5	279	414
84	15	66.429	280	281	281	1	280	1	277	412
84	28	66.187	278	281	292	1	278	1	278	412
84	16	68.100	279	281	292	1	278	1	279	407
84	65	70.566	265	281	287	14	278	9	273	404
84	39	71.062	273	281	292	6	278	6	278	402
84	81	64.769	281	281	286	1	280	1	275	399
84	37	66.192	281	281	300	2	280	2	280	399
84	55	65.233	279	281	297	1	278	1	279	396
84	128	66.541	266	281	290	14	278	11	276	395
84	106	69.697	264	281	284	14	277	9	269	393
84	112	65.468	278	281	286	1	278	1	275	392
84	111	66.171	269	281	276	14	281	8	276	389
84	29	66.171	269	281	287	14	281	8	276	389
84	57	66.791	268	281	294	12	278	8	275	386
84	125	65.343	277	281	292	5	280	3	278	385
84	121	65.789	266	281	279	14	278	7	272	374
84	96	63.670	267	281	287	14	278	14	278	352
84	46	51.701	294	281	294	2	280	4	293	274
84	91	51.460	274	281	298	3	266	12	282	273
84	80	50.173	289	281	298	3	281	12	297	267
84	100	48.639	294	281	296	2	280	4	295	265
84	71	50.360	278	281	295	2	262	4	276	265
84	18	50.187	267	281	261	29	280	1	260	251
84	23	48.846	260	281	304	14	258	27	281	252
84	6	48.276	261	281	303	24	272	35	292	247
84	10	51.600	250	281	307	22	258	37	284	246
84	123	44.981	269	281	294	5	270	8	271	246
84	32	48.736	277	281	303	16	280	29	302	246
84	64	43.919	296	281	300	2	281	6	299	246
84	3	45.878	279	281	301	1	258	3	279	244
84	108	49.225	258	281	284	14	258	9	262	241
84	58	45.185	270	281	309	15	272	32	298	238
84	8	49.254	268	281	302	3	258	14	279	237
84	66	43.657	268	281	296	5	269	8	270	234
84	48	46.008	263	281	289	5	266	8	263	234
84	59	41.758	273	281	294	2	270	5	270	226
84	33	43.662	284	281	296	5	280	8	286	226
84	56	43.158	285	281	299	5	280	8	285	225
84	70	40.830	289	281	288	2	280	5	287	225
84	26	41.404	285	281	292	5	280	8	285	224
84	4	44.788	259	281	309	16	266	22	279	224
84	36	40.411	292	281	293	2	281	5	292	222
84	12	41.697	271	281	293	5	269	8	270	222
84	75	42.424	264	281	291	5	266	8	264	220
84	92	42.254	284	281	293	5	280	8	286	219
84	50	43.071	267	281	294	5	268	8	267	218
84	61	42.279	272	281	295	5	269	8	272	217
84	68	43.494	269	281	298	5	266	8	268	217
84	94	45.020	251	281	271	16	258	22	271	216
84	34	42.803	264	281	288	5	266	8	263	216
84	122	41.637	281	281	290	5	280	8	283	216
84	102	42.349	281	281	293	5	281	8	283	216
84	53	41.636	269	281	295	5	268	8	268	216
84	87	43.774	265	281	313	11	266	17	281	216
84	47	42.222	270	281	299	5	269	8	271	215
84	62	38.462	286	281	287	2	281	5	286	212
84	19	38.328	287	281	288	2	281	5	287	209
84	104	41.096	292	281	283	4	281	3	283	202
84	129	42.745	255	281	289	5	258	8	256	202
84	118	41.319	288	281	284	1	281	8	283	199
84	24	40.684	263	281	273	5	266	8	247	198
84	105	38.909	275	281	283	1	268	3	267	197
84	109	39.544	263	281	273	5	266	8	246	196
84	114	38.346	266	281	272	2	266	5	246	190
84	82	38.023	263	281	274	5	266	8	247	189
84	77	36.727	275	281	273	5	278	8	258	188
84	38	39.552	268	281	276	3	266	9	249	187
84	124	37.643	263	281	272	5	266	8	246	186
84	120	39.114	271	281	285	1	259	1	262	186
84	69	38.516	283	281	283	3	281	11	283	186
84	78	36.296	270	281	274	2	271	5	250	184
84	60	37.643	263	281	274	6	266	10	248	183
84	51	37.218	266	281	275	3	266	8	248	182
84	88	37.262	263	281	272	5	266	8	246	182
84	45	40.075	267	281	283	3	263	7	263	182
84	30	38.976	254	281	274	14	266	17	246	182
84	43	36.364	264	281	273	5	266	9	248	180
84	126	38.577	267	281	283	1	263	9	264	180
84	98	35.714	266	281	272	2	266	5	246	179
84	89	36.090	266	281	272	5	269	8	249	179
84	52	37.091	275	281	284	1	263	3	263	179
84	99	36.502	263	281	275	5	266	8	247	178
84	27	37.121	264	281	271	5	266	8	246	178
84	49	39.216	255	281	278	14	266	19	249	177
84	5	39.313	262	281	297	28	281	44	296	177
84	115	40.769	260	281	296	28	278	44	293	177
84	83	36.842	285	281	296	5	280	24	295	176
84	85	35.714	266	281	274	2	266	5	246	175
84	40	39.024	246	281	288	28	268	36	272	173
84	14	38.721	297	281	291	3	281	4	291	173
84	1	38.721	297	281	305	3	281	4	291	173
84	25	39.024	287	281	296	1	266	1	278	172
84	73	37.786	262	281	275	1	258	1	251	171
84	35	37.891	256	281	282	7	258	14	258	172
84	127	38.996	259	281	283	3	258	12	260	171
84	119	40.167	239	281	274	24	258	26	250	170
84	20	37.370	289	281	295	1	267	1	280	169
84	74	37.903	248	281	274	14	258	15	250	167
84	110	38.525	244	281	295	28	266	43	277	167
84	103	36.680	259	281	283	3	258	11	259	166
84	63	39.056	233	281	283	29	258	37	259	166
84	72	39.535	258	281	296	15	266	29	277	166
84	42	37.500	272	281	294	12	277	26	287	165
84	67	37.113	291	281	295	1	280	14	294	165
84	116	38.934	244	281	296	28	266	43	278	164
84	97	37.643	263	281	288	27	281	35	288	164
84	93	37.402	254	281	297	18	266	34	279	161
84	2	37.402	254	281	297	18	266	34	279	161
84	13	37.943	282	281	305	7	281	23	296	159
84	11	35.395	291	281	298	3	277	8	289	158
84	21	35.000	280	281	280	3	278	11	277	149
85	85	100.000	274	274	274	1	274	1	274	573
85	98	75.735	272	274	272	1	271	1	272	441
85	27	73.606	269	274	271	1	269	1	269	429
85	114	72.593	270	274	272	1	269	1	270	425
85	99	68.000	275	274	275	1	274	1	275	403
85	82	67.883	274	274	274	1	273	1	274	400
85	88	68.015	272	274	272	1	271	1	272	393
85	78	67.033	273	274	274	1	269	1	272	384
85	77	63.100	271	274	273	1	269	1	271	378
85	43	64.338	272	274	273	1	271	2	273	375
85	30	65.201	273	274	274	1	271	1	272	374
85	49	66.165	266	274	278	1	262	3	268	373
85	89	63.273	275	274	272	1	271	1	272	370
85	124	65.556	270	274	272	1	269	1	270	368
85	109	62.637	273	274	273	1	271	1	273	358
85	51	59.489	274	274	275	1	271	2	275	354
85	60	64.683	252	274	274	1	249	2	251	352
85	38	60.727	275	274	276	1	274	3	276	352
85	24	58.303	271	274	273	1	269	1	271	348
85	129	47.925	265	274	289	1	246	1	264	251
85	33	48.327	269	274	296	1	246	1	267	251
85	75	49.071	269	274	291	1	249	1	267	245
85	66	45.085	295	274	296	1	272	1	288	244
85	12	45.918	294	274	293	1	271	1	287	243
85	122	47.744	266	274	290	1	246	1	264	239
85	47	43.390	295	274	299	1	271	1	288	238
85	53	46.350	274	274	295	1	252	1	272	237
85	50	46.377	276	274	294	1	255	1	274	237
85	48	45.896	268	274	289	1	248	1	265	237
85	59	45.693	267	274	294	1	246	1	266	236
85	92	44.068	295	274	293	1	271	1	287	235
85	56	44.068	295	274	299	1	269	1	290	235
85	34	47.015	268	274	288	1	249	1	266	233
85	123	44.863	292	274	294	1	269	1	285	233
85	102	46.182	275	274	293	1	251	1	272	233
85	68	43.144	299	274	298	1	274	1	292	231
85	26	45.896	268	274	292	1	246	1	266	227
85	61	42.517	294	274	295	1	268	1	286	225
85	100	41.455	275	274	296	3	241	2	276	208
85	91	40.074	272	274	298	3	238	4	275	206
85	80	39.236	288	274	298	3	254	4	291	204
85	23	37.943	282	274	304	2	238	2	281	198
85	18	39.706	272	274	261	33	273	2	260	194
85	46	40.214	281	274	294	3	245	2	281	194
85	71	39.706	272	274	295	3	239	2	273	193
85	101	39.370	254	274	292	12	241	9	261	192
85	17	41.132	265	274	289	1	241	1	261	192
85	6	38.571	280	274	303	3	238	2	279	189
85	3	37.681	276	274	301	3	238	6	279	188
85	64	37.729	273	274	300	3	238	4	276	187
85	106	38.129	278	274	284	17	273	9	283	187
85	108	38.672	256	274	284	17	238	9	262	185
85	57	38.610	259	274	294	17	250	10	267	183
85	8	35.762	302	274	302	3	264	6	302	182
85	39	38.189	254	274	292	11	240	8	260	181
85	54	38.202	267	274	278	2	247	2	264	181
85	7	38.246	285	274	283	12	273	9	282	181
85	107	37.218	266	274	281	5	246	2	266	181
85	95	38.931	262	274	291	17	253	14	274	181
85	127	39.453	256	274	283	3	241	8	263	180
85	112	39.837	246	274	286	17	241	14	258	179
85	87	41.434	251	274	313	34	253	38	285	180
85	35	37.262	263	274	282	2	244	2	264	179
85	32	37.891	256	274	303	17	238	27	280	179
85	117	36.900	271	274	282	1	249	1	267	177
85	16	36.260	262	274	292	12	248	9	269	177
85	63	39.300	257	274	283	3	242	7	263	177
85	55	37.956	274	274	297	1	249	1	270	177
85	111	37.209	258	274	276	17	249	8	264	176
85	36	37.367	281	274	293	4	252	4	282	177
85	81	36.429	280	274	286	17	265	8	286	177
85	58	38.431	255	274	309	19	238	33	285	177
85	41	37.546	269	274	288	3	246	3	266	176
85	44	36.496	274	274	282	1	249	1	270	176
85	125	37.354	257	274	292	17	248	11	266	176
85	29	37.209	258	274	287	17	249	8	264	176
85	31	37.594	266	274	298	5	246	2	266	176
85	76	35.448	268	274	281	5	248	2	268	176
85	84	35.714	266	274	281	5	246	2	266	175
85	69	36.923	260	274	283	1	243	5	264	175
85	128	36.328	256	274	290	17	247	11	265	175
85	104	37.548	261	274	283	3	246	6	266	174
85	22	36.162	271	274	281	2	248	2	268	174
85	86	38.189	254	274	281	17	246	14	266	174
85	10	36.496	274	274	307	17	256	31	299	173
85	15	37.546	269	274	281	2	249	2	266	172
85	9	36.466	266	274	292	5	246	2	266	172
85	90	36.842	266	274	281	5	246	2	266	172
85	70	35.793	271	274	288	3	246	7	271	172
85	45	36.434	258	274	283	3	244	7	264	172
85	96	37.743	257	274	287	17	249	14	269	172
85	126	37.218	266	274	283	2	246	2	267	171
85	65	35.156	256	274	287	15	246	7	261	171
85	4	40.741	243	274	309	34	246	38	279	171
85	28	36.576	257	274	292	14	246	11	266	170
85	103	39.080	261	274	283	2	241	2	262	170
85	79	36.719	256	274	281	17	248	14	268	170
85	121	35.135	259	274	279	13	246	3	260	169
85	118	37.549	253	274	284	11	246	14	266	169
85	37	37.795	254	274	300	17	246	14	266	169
85	94	41.702	235	274	271	34	238	38	271	169
85	105	37.786	262	274	283	3	246	5	265	169
85	115	35.314	303	274	296	1	271	2	296	168
85	119	39.184	245	274	274	17	246	19	258	164
85	40	37.918	269	274	288	1	246	2	270	164
85	20	35.662	272	274	295	3	246	8	279	163
85	74	38.462	234	274	274	26	246	25	258	162
85	73	36.538	260	274	275	1	246	5	259	162
85	19	37.849	251	274	288	23	246	23	271	161
85	52	36.759	253	274	284	3	238	6	258	160
85	97	35.361	263	274	288	3	245	7	269	159
85	62	37.008	254	274	287	23	246	23	271	159
85	67	35.842	279	274	295	1	246	2	277	158
85	21	36.220	254	274	280	3	243	7	260	156
85	72	40.343	233	274	296	33	246	45	277	155
85	93	35.507	276	274	297	3	246	4	279	155
85	2	35.507	276	274	297	3	246	4	279	155
85	120	34.815	270	274	285	1	247	1	270	152
85	14	34.457	267	274	291	3	250	12	278	150
85	1	34.457	267	274	305	3	250	12	278	151
85	83	35.745	235	274	296	33	247	45	279	150
85	25	36.462	277	274	296	1	246	2	278	150
85	110	34.672	274	274	295	3	249	8	280	149
85	5	34.892	278	274	297	1	246	2	279	149
85	11	34.551	301	274	298	1	270	2	295	149
85	13	34.884	258	274	305	33	266	47	304	148
85	116	34.749	259	274	296	33	271	45	296	147
85	42	35.273	275	274	294	1	246	2	276	146
86	86	100.000	281	281	281	1	281	1	281	583
86	90	79.004	281	281	281	1	281	1	281	481
86	79	75.180	278	281	281	1	278	1	278	447
86	76	70.819	281	281	281	1	281	1	281	431
86	84	69.751	281	281	281	1	281	1	281	426
86	17	70.397	277	281	289	2	278	2	278	424
86	107	69.751	281	281	281	1	281	1	281	420
86	9	69.784	278	281	292	1	278	1	278	420
86	101	71.168	274	281	292	5	278	5	278	417
86	117	72.302	278	281	282	3	280	3	278	414
86	15	70.357	280	281	281	1	280	1	277	412
86	28	68.705	278	281	292	1	278	1	278	411
86	16	67.986	278	281	292	2	278	2	279	409
86	41	67.986	278	281	288	1	278	1	278	408
86	65	70.111	271	281	287	8	278	3	273	407
86	31	68.214	280	281	298	1	280	1	280	408
86	55	67.266	278	281	297	2	278	2	279	407
86	7	69.395	281	281	283	1	280	1	279	407
86	95	67.616	281	281	291	1	280	1	281	407
86	39	69.314	277	281	292	2	278	2	278	404
86	22	66.192	281	281	281	1	281	1	281	400
86	54	68.327	281	281	278	1	281	1	278	399
86	112	67.870	277	281	286	2	278	2	275	399
86	37	68.214	280	281	300	2	280	2	280	399
86	44	66.071	280	281	282	3	281	3	282	397
86	111	67.286	269	281	276	14	281	8	276	396
86	29	67.286	269	281	287	14	281	8	276	396
86	125	68.284	268	281	292	14	280	11	278	393
86	57	66.917	266	281	294	14	278	10	275	392
86	128	65.789	266	281	290	14	278	11	276	390
86	81	66.914	269	281	286	13	280	7	275	388
86	106	67.557	262	281	284	14	275	9	267	377
86	121	65.789	266	281	279	14	278	7	272	373
86	96	63.296	267	281	287	14	278	14	278	340
86	18	53.175	252	281	261	29	268	1	247	265
86	91	50.000	272	281	298	3	261	12	278	265
86	6	51.493	268	281	303	17	272	28	292	264
86	46	50.719	278	281	294	3	270	9	282	263
86	80	50.542	277	281	298	3	266	12	282	263
86	3	48.410	283	281	301	1	262	3	283	259
86	32	48.746	279	281	303	14	281	27	302	258
86	58	49.621	264	281	309	14	262	31	289	258
86	71	48.120	266	281	295	3	258	10	272	256
86	23	50.763	262	281	304	14	262	27	285	256
86	64	47.970	271	281	300	3	262	12	280	255
86	108	48.327	269	281	284	14	268	9	275	251
86	100	48.679	265	281	296	6	260	13	275	250
86	10	51.373	255	281	307	21	262	36	288	244
86	8	46.735	291	281	302	3	281	14	301	238
86	62	45.349	258	281	287	17	267	20	272	229
86	87	45.556	270	281	313	7	266	13	281	228
86	4	44.853	272	281	309	7	269	13	282	228
86	94	45.769	260	281	271	7	258	13	271	224
86	70	41.353	266	281	288	17	276	20	281	225
86	36	41.667	276	281	293	2	266	5	276	222
86	33	43.254	252	281	296	20	268	23	269	221
86	19	41.912	272	281	288	17	280	20	287	221
86	92	44.151	265	281	293	24	280	27	286	221
86	66	44.788	259	281	296	23	278	26	278	218
86	56	43.939	264	281	299	25	280	28	285	217
86	68	41.379	290	281	298	3	278	3	286	217
86	48	46.122	245	281	289	23	266	26	263	216
86	102	43.600	250	281	293	20	266	23	267	215
86	61	41.264	269	281	295	6	269	9	272	215
86	47	43.137	255	281	299	20	269	23	271	214
86	50	42.435	271	281	294	3	268	3	267	213
86	59	40.299	268	281	294	3	268	7	268	211
86	26	41.365	249	281	292	23	269	26	269	209
86	12	41.379	261	281	293	23	279	26	279	209
86	123	40.000	285	281	294	3	280	3	280	206
86	34	43.033	244	281	288	23	266	26	263	205
86	75	40.625	256	281	291	23	278	26	274	203
86	129	40.076	262	281	289	5	266	8	264	203
86	53	41.379	261	281	295	23	279	26	277	202
86	104	41.667	264	281	283	3	259	6	259	200
86	122	38.951	267	281	290	6	272	9	270	200
86	24	42.164	268	281	273	3	269	7	250	199
86	120	41.017	295	281	285	1	280	1	284	195
86	40	43.678	261	281	288	27	280	35	286	195
86	105	38.567	293	281	283	1	281	3	283	193
86	118	37.413	286	281	284	1	281	8	283	191
86	45	39.700	267	281	283	3	259	3	259	190
86	35	39.764	254	281	282	29	279	36	273	187
86	78	37.546	269	281	274	3	271	7	250	185
86	126	39.544	263	281	283	1	259	9	260	184
86	115	41.406	256	281	296	17	267	38	279	184
86	82	41.350	237	281	274	31	266	34	247	182
86	97	37.710	297	281	288	1	281	1	288	180
86	127	39.768	259	281	283	3	258	12	260	179
86	52	39.179	268	281	284	1	259	3	259	179
86	69	36.396	283	281	283	3	281	11	283	179
86	73	35.764	288	281	275	1	280	1	274	178
86	11	38.411	302	281	298	1	278	1	293	178
86	25	39.924	263	281	296	27	281	43	296	178
86	109	37.546	269	281	273	3	267	3	247	177
86	5	40.076	262	281	297	28	280	44	296	178
86	114	37.795	254	281	272	14	266	17	246	176
86	119	39.419	241	281	274	20	258	22	250	176
86	74	38.168	262	281	274	1	258	1	250	176
86	72	37.979	287	281	296	1	267	1	278	176
86	103	38.996	259	281	283	3	258	11	259	175
86	77	37.984	258	281	273	14	269	17	250	174
86	83	39.485	233	281	296	27	254	42	266	175
86	116	38.550	262	281	296	27	280	42	295	174
86	67	37.586	290	281	295	3	277	8	288	174
86	85	38.189	254	281	274	14	266	17	246	174
86	63	42.489	233	281	283	29	258	37	259	173
86	42	38.828	273	281	294	17	281	32	294	172
86	30	36.397	272	281	274	3	273	7	252	172
86	89	35.659	258	281	272	11	267	14	247	171
86	38	36.782	261	281	276	11	269	16	252	171
86	21	36.940	268	281	280	3	267	11	264	171
86	27	36.842	266	281	271	5	266	8	246	171
86	98	36.709	237	281	272	31	266	34	246	171
86	110	38.931	262	281	295	27	281	42	294	170
86	99	38.750	240	281	275	31	269	34	250	169
86	60	35.793	271	281	274	5	273	9	255	169
86	20	41.841	239	281	295	27	259	44	272	169
86	88	35.714	266	281	272	3	267	7	247	167
86	93	35.793	271	281	297	18	280	34	296	166
86	2	35.793	271	281	297	18	280	34	296	166
86	51	34.420	276	281	275	2	273	10	257	164
86	14	38.321	274	281	291	3	259	4	267	165
86	1	38.321	274	281	305	3	259	4	267	165
86	13	40.647	278	281	305	3	259	8	272	164
86	124	35.686	255	281	272	14	267	17	247	162
86	49	35.165	273	281	278	3	270	5	253	162
86	43	34.211	266	281	273	3	266	8	248	161
87	87	100.000	313	313	313	1	313	1	313	649
87	4	71.000	300	313	309	12	311	12	309	453
87	94	72.830	265	313	271	9	273	9	271	412
87	29	47.794	272	313	287	35	306	22	278	244
87	111	48.134	268	313	276	35	302	22	274	242
87	7	46.416	293	313	283	13	304	7	280	238
87	81	45.714	280	313	286	35	313	22	286	238
87	95	44.186	301	313	291	13	312	7	290	234
87	28	40.584	308	313	292	6	313	4	290	231
87	115	47.287	258	313	296	19	273	28	270	231
87	37	41.638	293	313	300	13	305	7	282	231
87	31	41.980	293	313	298	13	304	7	281	231
87	5	43.087	311	313	297	6	304	9	297	231
87	97	46.014	276	313	288	5	273	3	262	229
87	86	45.556	270	313	281	13	281	7	266	228
87	55	44.404	277	313	297	5	281	3	267	229
87	40	44.863	292	313	288	18	303	19	286	228
87	9	42.230	296	313	292	13	308	7	285	228
87	19	44.186	301	313	288	4	303	2	287	228
87	120	42.295	305	313	285	6	304	4	285	227
87	128	42.561	289	313	290	18	305	9	280	226
87	79	43.793	290	313	281	13	302	7	279	226
87	73	43.056	288	313	275	16	303	11	274	225
87	67	43.750	288	313	295	19	303	27	294	225
87	102	44.161	274	313	293	36	308	32	292	225
87	104	44.295	298	313	283	7	303	7	282	224
87	57	43.173	271	313	294	35	305	24	279	224
87	44	43.643	291	313	282	13	303	7	281	223
87	90	44.238	269	313	281	35	303	28	280	223
87	117	43.151	292	313	282	13	304	7	279	223
87	18	45.935	246	313	261	36	275	1	240	222
87	110	43.189	301	313	295	8	304	15	295	223
87	74	43.103	290	313	274	14	303	9	273	222
87	101	42.759	290	313	292	13	302	7	279	222
87	17	44.981	269	313	289	13	281	7	266	221
87	123	41.844	282	313	294	20	299	17	283	221
87	42	45.926	270	313	294	19	283	27	278	221
87	54	43.299	291	313	278	13	303	7	277	220
87	25	43.464	306	313	296	7	303	14	295	220
87	22	43.494	269	313	281	13	281	7	266	219
87	65	45.344	247	313	287	35	281	23	261	219
87	72	45.560	259	313	296	18	273	26	269	219
87	91	44.309	246	313	298	35	275	37	277	219
87	39	42.282	298	313	292	11	307	5	284	219
87	127	44.406	286	313	283	19	303	21	283	218
87	15	44.118	272	313	281	35	306	28	280	218
87	121	41.606	274	313	279	35	308	21	279	217
87	116	42.561	289	313	296	19	304	27	296	218
87	58	42.599	277	313	309	7	273	18	285	218
87	93	42.466	292	313	297	19	304	28	297	217
87	2	42.466	292	313	297	19	304	28	297	217
87	11	43.846	260	313	298	17	273	26	270	217
87	84	43.774	265	313	281	17	281	11	266	216
87	33	43.952	248	313	296	35	282	31	268	217
87	83	41.034	290	313	296	18	304	26	296	216
87	92	42.857	273	313	293	36	308	32	292	216
87	41	41.751	297	313	288	13	309	7	282	216
87	62	42.053	302	313	287	4	303	2	286	216
87	70	41.254	303	313	288	4	303	2	287	216
87	68	42.652	279	313	298	36	308	32	297	216
87	119	40.625	288	313	274	16	303	11	273	215
87	71	43.561	264	313	295	17	275	18	274	215
87	6	44.082	245	313	303	35	273	39	279	215
87	36	40.132	304	313	293	6	303	4	292	214
87	20	40.000	305	313	295	10	302	13	293	213
87	76	44.358	257	313	281	17	273	11	258	213
87	112	41.577	279	313	286	5	281	3	263	213
87	16	42.238	277	313	292	5	281	3	267	213
87	106	42.215	289	313	284	18	304	7	281	213
87	80	43.496	246	313	298	35	275	37	277	213
87	32	43.885	278	313	303	4	273	16	280	213
87	14	44.403	268	313	291	9	273	16	266	212
87	129	42.553	282	313	289	6	282	4	265	212
87	1	44.403	268	313	305	9	273	16	266	213
87	45	43.846	260	313	283	19	276	19	261	212
87	23	43.496	246	313	304	35	273	41	281	212
87	107	40.893	291	313	281	12	302	6	279	211
87	125	41.026	273	313	292	35	306	25	281	211
87	47	42.629	251	313	299	36	286	32	273	211
87	122	41.971	274	313	290	36	308	32	289	210
87	63	43.007	286	313	283	19	303	20	282	210
87	12	40.000	275	313	293	36	308	32	292	209
87	61	41.758	273	313	295	36	308	32	294	209
87	50	42.276	246	313	294	36	281	32	265	209
87	126	42.244	303	313	283	6	303	4	282	209
87	13	42.857	259	313	305	19	273	29	271	209
87	46	40.502	279	313	294	35	308	33	291	209
87	118	43.333	270	313	284	36	303	36	283	208
87	69	41.463	287	313	283	19	303	20	282	208
87	26	40.000	280	313	292	36	308	32	291	207
87	34	39.493	276	313	288	36	308	32	287	206
87	56	41.155	277	313	299	36	308	32	299	207
87	66	42.339	248	313	296	36	281	32	267	206
87	59	40.244	246	313	294	36	281	32	266	205
87	52	45.161	248	313	284	36	281	36	266	204
87	96	45.417	240	313	287	35	273	28	258	204
87	105	42.164	268	313	283	7	273	6	257	204
87	53	42.339	248	313	295	36	281	32	266	204
87	21	39.465	299	313	280	6	303	8	279	203
87	10	41.445	263	313	307	18	273	29	284	201
87	35	42.007	269	313	282	36	303	36	281	200
87	48	39.194	273	313	289	36	308	32	288	199
87	100	40.234	256	313	296	35	285	35	277	199
87	64	40.613	261	313	300	19	273	22	276	199
87	103	42.125	273	313	283	6	273	4	259	197
87	3	42.449	245	313	301	35	273	41	279	198
87	108	40.650	246	313	284	35	273	23	262	196
87	75	40.244	246	313	291	36	281	32	264	196
87	89	40.590	271	313	272	37	304	33	272	192
87	88	42.449	245	313	272	37	281	33	246	185
87	8	39.608	255	313	302	25	273	31	279	186
87	43	38.202	267	313	273	37	301	34	270	182
87	114	42.041	245	313	272	37	281	33	246	182
87	49	37.000	300	313	278	20	305	5	273	182
87	30	38.745	271	313	274	37	304	33	272	181
87	85	41.434	251	313	274	38	285	34	253	180
87	78	38.182	275	313	274	37	311	33	260	179
87	38	36.397	272	313	276	37	306	35	275	177
87	109	41.224	245	313	273	37	281	33	246	177
87	24	41.633	245	313	273	37	281	33	247	176
87	82	36.913	298	313	274	23	304	5	272	176
87	124	40.000	245	313	272	37	281	33	246	174
87	77	39.184	245	313	273	37	281	33	247	174
87	60	40.000	245	313	274	37	281	34	248	174
87	27	40.244	246	313	271	38	281	34	246	172
87	99	38.211	246	313	275	37	281	33	247	172
87	51	38.931	262	313	275	37	298	34	263	172
87	98	37.269	271	313	272	37	304	33	272	171
88	88	100.000	272	272	272	1	272	1	272	570
88	30	81.618	272	272	274	1	272	1	272	473
88	89	76.471	272	272	272	1	272	1	272	456
88	124	75.836	269	272	272	1	269	1	269	445
88	109	74.359	273	272	273	1	272	1	273	434
88	77	68.889	270	272	273	1	269	1	270	410
88	78	70.956	272	272	274	1	269	1	271	405
88	43	69.231	273	272	273	1	272	2	273	403
88	27	68.401	269	272	271	1	269	1	268	401
88	114	67.286	269	272	272	1	269	1	269	398
88	85	68.015	272	272	274	1	272	1	271	393
88	98	65.809	272	272	272	1	272	1	272	390
88	82	66.300	273	272	274	1	272	1	272	390
88	49	64.982	277	272	278	1	271	3	277	380
88	24	63.333	270	272	273	1	269	1	270	374
88	99	64.419	267	272	275	1	266	1	266	372
88	60	63.004	273	272	274	1	272	2	274	370
88	51	60.949	274	272	275	1	272	2	275	369
88	38	62.963	270	272	276	1	269	3	270	363
88	33	46.809	282	272	296	1	260	1	281	257
88	75	47.079	291	272	291	1	272	1	285	255
88	66	48.881	268	272	296	1	246	1	267	253
88	122	46.575	292	272	290	1	272	1	284	252
88	12	48.134	268	272	293	1	246	1	267	251
88	53	48.507	268	272	295	1	246	1	266	247
88	50	48.315	267	272	294	1	246	1	265	245
88	59	47.015	268	272	294	1	247	1	267	243
88	129	46.792	265	272	289	1	246	1	264	242
88	34	47.348	264	272	288	1	246	1	263	241
88	26	47.191	267	272	292	1	246	1	266	241
88	48	43.310	284	272	289	1	264	1	281	239
88	92	45.522	268	272	293	1	246	1	267	238
88	123	45.522	268	272	294	1	246	1	267	237
88	56	45.387	271	272	299	1	246	1	270	236
88	102	45.896	268	272	293	1	246	1	267	236
88	68	45.926	270	272	298	1	246	1	268	231
88	47	45.556	270	272	299	1	246	1	268	230
88	61	41.892	296	272	295	1	272	1	289	227
88	103	42.066	271	272	283	2	251	2	272	199
88	91	40.074	272	272	298	7	238	4	275	197
88	118	41.897	253	272	284	11	246	14	266	196
88	105	40.996	261	272	283	3	246	5	265	196
88	100	40.727	275	272	296	3	241	2	276	196
88	127	41.154	260	272	283	3	245	8	265	196
88	69	39.922	258	272	283	3	243	7	264	195
88	121	38.077	260	272	279	12	246	2	260	193
88	71	41.502	253	272	295	17	239	21	273	193
88	23	36.429	280	272	304	2	238	2	281	193
88	46	41.636	269	272	294	17	251	20	287	192
88	80	39.925	268	272	298	3	238	8	275	192
88	104	40.613	261	272	283	3	246	6	266	191
88	45	40.476	252	272	283	3	238	7	258	190
88	111	39.773	264	272	276	17	250	8	265	190
88	29	40.078	257	272	287	17	248	8	263	190
88	63	39.623	265	272	283	3	250	7	268	189
88	35	40.927	259	272	282	2	240	2	260	188
88	126	41.538	260	272	283	2	240	2	261	188
88	7	40.143	279	272	283	17	272	14	280	187
88	64	38.095	273	272	300	3	238	4	276	188
88	52	40.602	266	272	284	3	247	6	271	187
88	18	45.339	236	272	261	34	238	3	238	185
88	95	39.300	257	272	291	17	248	14	269	186
88	55	38.909	275	272	297	1	248	1	269	186
88	96	38.214	280	272	287	17	272	14	281	186
88	106	40.637	251	272	284	17	246	9	258	186
88	117	38.745	271	272	282	1	248	1	266	185
88	10	37.456	283	272	307	17	265	31	307	186
88	87	42.449	245	272	313	33	246	37	281	185
88	36	41.304	276	272	293	8	246	3	276	184
88	31	38.113	265	272	298	7	246	3	266	184
88	54	37.828	267	272	278	2	247	2	264	184
88	32	37.402	254	272	303	17	238	27	280	183
88	6	39.683	252	272	303	20	238	28	279	183
88	81	38.996	259	272	286	17	250	8	265	182
88	84	37.262	263	272	281	8	246	5	266	182
88	17	38.516	283	272	289	1	259	1	277	182
88	101	36.782	261	272	292	11	246	7	266	182
88	58	38.340	253	272	309	19	238	33	285	182
88	79	37.313	268	272	281	7	249	3	269	181
88	112	39.464	261	272	286	9	246	5	263	181
88	44	35.971	278	272	282	1	248	1	269	180
88	125	39.535	258	272	292	17	248	11	266	180
88	65	37.879	264	272	287	15	254	7	267	180
88	73	39.837	246	272	275	20	251	19	264	178
88	8	36.213	301	272	302	3	265	6	302	179
88	70	39.483	271	272	288	3	246	7	271	178
88	128	37.354	257	272	290	17	247	11	265	177
88	37	36.364	275	272	300	7	256	3	276	177
88	22	34.317	271	272	281	2	248	2	268	175
88	119	39.419	241	272	274	21	246	20	258	175
88	3	36.759	253	272	301	17	238	27	279	175
88	16	37.743	257	272	292	17	248	14	269	175
88	108	36.614	254	272	284	17	238	9	262	174
88	39	36.630	273	272	292	11	259	8	277	175
88	74	39.331	239	272	274	26	251	25	263	174
88	15	37.970	266	272	281	2	246	2	263	174
88	19	40.925	281	272	288	11	254	6	284	174
88	107	36.264	273	272	281	6	254	3	272	174
88	9	35.192	287	272	292	14	271	11	291	174
88	28	35.484	279	272	292	14	268	11	283	174
88	90	36.882	263	272	281	8	246	5	266	172
88	115	36.861	274	272	296	3	247	8	279	172
88	57	36.576	257	272	294	17	248	10	265	172
88	62	38.078	281	272	287	7	251	2	280	170
88	76	35.094	265	272	281	8	248	5	268	170
88	94	40.254	236	272	271	33	238	37	271	169
88	41	36.201	279	272	288	3	256	3	274	169
88	42	36.301	292	272	294	1	259	2	289	169
88	4	39.344	244	272	309	33	246	37	279	169
88	21	38.060	268	272	280	3	257	7	270	168
88	97	36.680	259	272	288	3	241	7	265	168
88	86	35.714	266	272	281	7	247	3	267	167
88	67	36.786	280	272	295	1	247	2	278	167
88	20	35.793	271	272	295	7	249	12	282	164
88	120	36.630	273	272	285	2	251	2	274	163
88	40	37.860	243	272	288	34	256	39	281	160
88	93	36.162	271	272	297	7	250	16	285	160
88	2	36.162	271	272	297	7	250	16	285	160
88	14	36.822	258	272	291	3	241	12	269	159
88	5	37.113	291	272	297	1	256	2	291	159
88	1	36.822	258	272	305	3	241	12	269	159
88	11	36.800	250	272	298	20	250	33	282	156
88	25	37.768	233	272	296	34	247	47	279	155
88	116	36.680	259	272	296	34	272	46	296	155
88	72	36.864	236	272	296	34	250	46	281	153
88	13	36.564	227	272	305	34	241	48	274	151
88	110	36.052	233	272	295	34	247	46	278	150
88	83	34.188	234	272	296	34	247	46	279	149
89	89	100.000	272	272	272	1	272	1	272	568
89	30	81.985	272	272	274	1	272	1	272	479
89	88	76.471	272	272	272	1	272	1	272	456
89	124	70.111	271	272	272	1	271	1	271	412
89	109	66.667	273	272	273	1	272	1	273	405
89	77	63.469	271	272	273	1	270	1	271	389
89	78	66.667	273	272	274	1	270	1	272	387
89	98	62.868	272	272	272	1	272	1	272	380
89	43	64.469	273	272	273	1	272	2	273	380
89	114	64.074	270	272	272	1	270	1	270	377
89	27	63.704	270	272	271	1	270	1	269	377
89	49	65.314	271	272	278	1	266	3	272	374
89	85	63.273	275	272	274	1	272	1	271	370
89	24	60.517	271	272	273	1	270	1	271	365
89	38	61.538	273	272	276	1	272	3	273	365
89	99	62.271	273	272	275	1	272	1	272	363
89	51	60.584	274	272	275	1	272	2	275	362
89	82	60.806	273	272	274	1	272	1	272	361
89	60	61.172	273	272	274	1	272	2	274	359
89	75	49.057	265	272	291	1	246	1	264	247
89	66	44.558	294	272	296	1	272	1	290	247
89	33	47.015	268	272	296	1	246	1	267	246
89	12	43.206	287	272	293	1	265	1	286	239
89	92	44.404	277	272	293	1	253	1	276	239
89	56	43.390	295	272	299	1	270	1	290	239
89	129	45.318	267	272	289	1	248	1	266	237
89	59	42.268	291	272	294	1	270	1	284	235
89	26	44.056	286	272	292	1	265	1	285	234
89	50	42.069	290	272	294	1	265	1	288	234
89	53	45.149	268	272	295	1	246	1	266	234
89	123	44.178	292	272	294	1	270	1	285	233
89	122	45.556	270	272	290	1	249	1	267	232
89	47	42.321	293	272	299	1	269	1	288	230
89	102	43.206	287	272	293	1	265	1	286	228
89	61	41.892	296	272	295	1	272	1	289	227
89	34	44.318	264	272	288	1	246	1	263	227
89	48	41.404	285	272	289	1	265	1	282	226
89	68	41.554	296	272	298	1	272	1	289	226
89	100	36.842	285	272	296	3	251	2	285	198
89	91	38.676	287	272	298	3	257	8	292	197
89	71	38.577	267	272	295	3	238	6	272	192
89	87	40.590	271	272	313	33	272	37	304	192
89	80	38.519	270	272	298	3	240	8	277	191
89	54	39.326	267	272	278	2	247	2	264	189
89	46	39.179	268	272	294	3	238	5	271	189
89	23	35.357	280	272	304	2	238	2	281	189
89	44	36.594	276	272	282	1	246	1	267	187
89	127	41.473	258	272	283	3	241	8	263	187
89	31	36.054	294	272	298	3	272	3	281	187
89	18	41.525	236	272	261	34	238	3	238	185
89	118	40.075	267	272	284	7	252	10	276	186
89	35	39.689	257	272	282	2	238	2	258	185
89	70	39.711	277	272	288	3	252	7	276	185
89	7	38.095	294	272	283	2	272	2	280	185
89	105	39.927	273	272	283	3	252	5	275	184
89	106	38.583	254	272	284	17	249	9	261	184
89	117	38.060	268	272	282	1	246	1	264	183
89	111	38.431	255	272	276	17	246	8	261	183
89	29	38.431	255	272	287	17	246	8	261	183
89	101	37.402	254	272	292	12	241	9	261	182
89	121	35.521	259	272	279	13	246	3	260	181
89	17	38.868	265	272	289	1	241	1	261	181
89	104	39.464	261	272	283	3	246	6	266	180
89	45	39.764	254	272	283	3	240	7	260	180
89	96	37.255	255	272	287	17	247	14	267	180
89	63	39.773	264	272	283	3	249	7	270	179
89	9	35.955	267	272	292	5	247	2	267	179
89	84	36.090	266	272	281	8	249	5	269	179
89	103	39.179	268	272	283	7	252	11	276	179
89	36	38.926	298	272	293	4	269	4	290	178
89	22	35.556	270	272	281	2	247	2	267	178
89	52	39.114	271	272	284	3	252	6	276	177
89	37	34.602	289	272	300	1	265	1	280	178
89	76	35.338	266	272	281	8	249	5	269	177
89	107	34.948	289	272	281	5	269	2	278	177
89	6	36.331	278	272	303	3	238	2	279	177
89	15	36.860	293	272	281	2	272	2	278	176
89	95	36.680	259	272	291	14	247	11	268	176
89	81	35.907	259	272	286	17	250	8	265	176
89	69	37.455	275	272	283	1	254	5	278	176
89	39	36.015	261	272	292	11	246	8	266	176
89	62	37.543	293	272	287	4	269	8	284	176
89	79	36.822	258	272	281	14	246	11	266	175
89	57	36.293	259	272	294	13	246	6	263	175
89	28	37.209	258	272	292	14	247	11	267	175
89	19	40.293	273	272	288	4	249	8	274	174
89	16	36.502	263	272	292	12	249	9	270	174
89	65	36.803	269	272	287	15	259	7	271	174
89	112	37.354	257	272	286	14	249	11	266	174
89	64	34.066	273	272	300	3	238	4	276	174
89	32	34.766	256	272	303	16	239	26	281	174
89	128	34.766	256	272	290	17	247	11	265	172
89	86	35.659	258	272	281	14	247	11	267	171
89	41	34.701	268	272	288	3	246	3	266	171
89	55	35.793	271	272	297	1	246	1	267	171
89	125	36.719	256	272	292	17	247	11	265	170
89	126	38.077	260	272	283	2	240	2	261	170
89	58	35.573	253	272	309	19	238	33	285	171
89	10	36.576	257	272	307	16	238	30	284	170
89	108	34.902	255	272	284	16	238	8	262	169
89	73	40.789	228	272	275	34	247	33	260	169
89	90	35.741	263	272	281	8	246	5	266	169
89	74	40.529	227	272	274	34	247	33	259	167
89	115	34.323	303	272	296	1	272	2	296	167
89	4	36.765	272	272	309	33	272	37	302	167
89	120	36.131	274	272	285	2	251	2	275	166
89	119	39.256	242	272	274	21	246	20	258	165
89	3	34.510	255	272	301	16	239	26	280	165
89	94	40.254	236	272	271	33	238	37	271	164
89	8	33.942	274	272	302	3	238	6	279	165
89	72	38.136	236	272	296	34	250	46	281	162
89	42	33.218	289	272	294	1	256	2	286	161
89	25	36.576	257	272	296	11	248	24	280	160
89	67	34.643	280	272	295	1	247	2	278	160
89	97	36.680	259	272	288	3	241	7	265	159
89	21	35.271	258	272	280	3	247	7	264	158
89	40	33.929	280	272	288	1	256	2	281	157
89	5	35.231	281	272	297	1	246	2	279	156
89	93	34.875	281	272	297	3	256	12	291	154
89	2	34.875	281	272	297	3	256	12	291	154
89	11	35.156	256	272	298	20	256	33	288	153
89	20	34.328	268	272	295	7	246	12	279	151
89	14	33.962	265	272	291	3	248	12	276	151
89	1	33.962	265	272	305	3	248	12	276	150
89	116	36.910	233	272	296	34	246	46	278	149
89	13	35.341	249	272	305	12	241	26	274	148
89	110	36.481	233	272	295	34	247	46	278	143
89	83	30.147	272	272	296	3	247	8	279	143
9	9	100.000	292	292	292	1	292	1	292	610
9	28	77.163	289	292	292	1	289	1	289	491
9	31	74.820	278	292	298	1	278	1	278	458
9	95	72.632	285	292	291	1	284	1	285	449
9	37	70.548	292	292	300	2	292	2	286	439
9	41	70.548	292	292	288	1	292	1	288	438
9	79	71.326	279	292	281	1	279	1	279	437
9	107	69.176	279	292	281	1	279	1	279	435
9	76	70.609	279	292	281	1	279	1	279	434
9	117	72.993	274	292	282	6	279	6	277	432
9	81	72.059	272	292	286	12	282	6	277	432
9	101	69.580	286	292	292	6	291	6	291	431
9	84	69.784	278	292	281	1	278	1	278	430
9	55	69.504	282	292	297	2	282	2	283	429
9	15	69.718	284	292	281	1	284	1	281	423
9	17	69.534	279	292	289	1	279	1	279	422
9	54	71.685	279	292	278	1	279	1	276	420
9	86	69.784	278	292	281	1	278	1	278	420
9	7	70.909	275	292	283	5	279	5	278	420
9	39	69.416	291	292	292	2	292	2	292	416
9	44	68.345	278	292	282	3	279	3	280	415
9	90	68.705	278	292	281	1	278	1	278	413
9	16	66.551	287	292	292	2	287	2	288	412
9	22	66.906	278	292	281	1	278	1	278	409
9	111	70.787	267	292	276	14	279	8	274	409
9	29	70.370	270	292	287	14	282	8	277	409
9	128	68.817	279	292	290	14	291	11	289	407
9	57	65.614	285	292	294	14	292	10	294	403
9	112	64.111	287	292	286	2	288	2	285	395
9	121	68.498	273	292	279	11	282	4	276	392
9	65	67.547	265	292	287	14	278	9	273	392
9	125	66.052	271	292	292	14	283	11	281	385
9	96	68.773	269	292	287	12	278	12	278	377
9	106	66.031	262	292	284	14	275	9	267	374
9	46	51.042	288	292	294	3	275	9	292	269
9	23	51.408	284	292	304	14	280	27	304	268
9	91	50.545	275	292	298	3	267	12	283	266
9	71	48.905	274	292	295	7	270	14	283	266
9	100	52.471	263	292	296	6	258	13	273	265
9	80	49.818	275	292	298	3	267	12	283	259
9	6	50.554	271	292	303	17	272	28	292	257
9	32	51.362	257	292	303	16	258	29	280	255
9	58	48.905	274	292	309	14	272	31	298	254
9	18	51.311	267	292	261	29	280	1	261	252
9	3	44.984	309	292	301	1	283	3	295	249
9	64	48.315	267	292	300	24	279	34	298	246
9	108	50.584	257	292	284	16	258	11	262	245
9	10	50.391	256	292	307	19	258	34	284	246
9	8	48.339	271	292	302	3	258	14	279	237
9	123	43.662	284	292	294	4	276	7	283	235
9	48	45.149	268	292	289	4	270	7	267	234
9	62	43.509	285	292	287	2	279	5	285	232
9	12	44.030	268	292	293	4	266	7	267	230
9	66	43.233	266	292	296	4	266	7	267	229
9	87	42.230	296	292	313	7	285	13	308	228
9	4	41.751	297	292	309	7	285	13	306	227
9	34	42.143	280	292	288	4	279	7	280	225
9	94	45.420	262	292	271	7	258	13	271	224
9	92	44.074	270	292	293	2	268	5	269	224
9	59	43.382	272	292	294	2	266	5	266	224
9	33	41.111	270	292	296	4	270	7	271	223
9	26	42.697	267	292	292	4	266	7	266	221
9	36	41.237	291	292	293	2	279	5	291	220
9	56	43.866	269	292	299	5	266	8	270	220
9	19	40.909	286	292	288	2	279	5	286	218
9	75	41.445	263	292	291	4	266	7	264	218
9	70	40.590	271	292	288	2	266	5	271	216
9	68	40.476	294	292	298	5	287	8	294	216
9	50	43.396	265	292	294	4	266	7	265	214
9	53	41.418	268	292	295	4	266	7	266	214
9	102	40.278	288	292	293	4	287	7	289	214
9	122	39.925	268	292	290	5	272	8	270	211
9	61	41.199	267	292	295	5	266	8	269	209
9	47	41.948	267	292	299	5	266	8	268	209
9	129	42.366	262	292	289	5	266	8	264	207
9	24	42.642	265	292	273	4	267	7	248	201
9	104	39.716	282	292	283	3	279	10	281	196
9	120	43.051	295	292	285	1	281	1	285	196
9	118	37.895	285	292	284	1	279	8	282	193
9	105	38.028	284	292	283	1	278	7	279	191
9	115	43.600	250	292	296	28	272	44	284	187
9	114	39.474	266	292	272	2	266	5	246	185
9	69	42.069	290	292	283	1	279	4	281	185
9	45	38.163	283	292	283	3	279	11	281	182
9	82	38.023	263	292	274	5	266	8	247	182
9	77	37.857	280	292	273	2	274	5	261	182
9	52	37.241	290	292	284	1	279	3	282	180
9	89	35.955	267	292	272	2	267	5	247	179
9	109	37.453	267	292	273	2	267	5	247	179
9	30	38.202	267	292	274	2	267	5	247	179
9	25	39.274	303	292	296	1	279	1	294	179
9	5	40.458	262	292	297	28	281	44	297	179
9	40	41.393	244	292	288	28	266	36	270	179
9	83	38.079	302	292	296	2	281	3	296	178
9	78	36.296	270	292	274	2	271	5	250	177
9	72	37.705	305	292	296	1	279	1	293	177
9	74	37.591	274	292	274	1	270	1	262	177
9	51	36.226	265	292	275	4	266	8	248	176
9	110	38.931	262	292	295	28	281	43	295	176
9	38	38.760	258	292	276	11	266	16	249	176
9	127	38.328	287	292	283	3	279	12	282	176
9	60	36.765	272	292	274	4	273	8	255	175
9	67	38.908	293	292	295	1	272	1	283	174
9	88	35.192	287	292	272	11	291	14	271	174
9	35	39.241	237	292	282	29	259	36	259	174
9	124	34.028	288	292	272	2	283	5	268	173
9	63	39.519	291	292	283	1	279	8	281	173
9	85	36.466	266	292	274	2	266	5	246	172
9	73	36.620	284	292	275	1	279	1	273	172
9	98	36.090	266	292	272	2	266	5	246	172
9	126	38.408	289	292	283	3	279	3	281	172
9	27	36.803	269	292	271	2	266	5	246	171
9	116	36.184	304	292	296	1	281	1	296	172
9	14	40.000	295	292	291	3	279	4	289	171
9	1	40.000	295	292	305	3	279	4	289	171
9	103	39.146	281	292	283	4	279	11	281	171
9	49	36.704	267	292	278	2	266	7	249	169
9	99	35.316	269	292	275	2	266	5	247	169
9	20	39.847	261	292	295	28	279	45	293	169
9	11	40.647	278	292	298	5	273	18	285	169
9	42	38.699	292	292	294	1	272	1	282	168
9	119	36.972	284	292	274	1	279	1	272	168
9	43	35.849	265	292	273	4	266	8	248	166
9	93	37.918	269	292	297	18	281	34	294	166
9	2	37.918	269	292	297	18	281	34	294	166
9	97	38.047	297	292	288	1	279	1	286	165
9	13	38.321	274	292	305	17	279	34	294	159
9	21	34.602	289	292	280	2	279	2	278	153
90	90	100.000	281	281	281	1	281	1	281	583
90	86	79.004	281	281	281	1	281	1	281	481
90	84	71.174	281	281	281	1	281	1	281	429
90	79	71.223	278	281	281	1	278	1	278	429
90	76	70.463	281	281	281	1	281	1	281	428
90	107	69.039	281	281	281	1	281	1	281	418
90	31	69.643	280	281	298	1	280	1	280	417
90	9	68.705	278	281	292	1	278	1	278	413
90	101	70.073	274	281	292	5	278	5	278	411
90	117	69.065	278	281	282	3	280	3	278	407
90	17	68.345	278	281	289	1	278	1	278	406
90	111	68.440	282	281	276	1	281	1	276	404
90	41	65.108	278	281	288	1	278	1	278	403
90	29	68.440	282	281	287	1	281	1	276	403
90	15	67.857	280	281	281	1	280	1	277	402
90	44	66.786	280	281	282	3	281	3	282	400
90	22	65.836	281	281	281	1	281	1	281	399
90	112	68.231	277	281	286	2	278	2	275	399
90	65	69.663	267	281	287	12	278	7	273	399
90	7	67.754	276	281	283	5	280	5	279	397
90	28	65.827	278	281	292	1	278	1	278	396
90	37	67.857	280	281	300	2	280	2	280	395
90	54	66.192	281	281	278	1	281	1	278	394
90	55	65.468	278	281	297	2	278	2	279	393
90	95	64.413	281	281	291	1	280	1	281	392
90	39	68.231	277	281	292	2	278	2	278	392
90	16	67.986	278	281	292	2	278	2	279	390
90	128	64.662	266	281	290	14	278	11	276	382
90	81	63.701	281	281	286	1	280	1	275	378
90	106	68.061	263	281	284	14	276	9	268	376
90	121	64.312	269	281	279	11	278	4	272	375
90	57	63.534	266	281	294	14	278	10	275	375
90	125	67.910	268	281	292	14	280	11	278	374
90	96	61.071	280	281	287	1	278	1	278	340
90	80	48.288	292	281	298	3	281	12	297	256
90	91	47.794	272	281	298	3	261	12	278	252
90	46	47.279	294	281	294	2	281	4	293	251
90	18	49.430	263	281	261	29	281	1	260	249
90	3	48.708	271	281	301	16	274	29	296	250
90	71	46.207	290	281	295	3	280	10	294	249
90	32	46.931	277	281	303	16	281	29	302	248
90	100	46.970	264	281	296	6	259	13	274	243
90	23	46.429	280	281	304	14	281	27	303	242
90	108	46.494	271	281	284	16	274	11	279	239
90	64	43.682	277	281	300	2	262	6	280	238
90	10	47.876	259	281	307	22	267	37	292	237
90	6	47.126	261	281	303	24	272	35	292	236
90	58	44.565	276	281	309	15	272	32	301	232
90	8	46.048	291	281	302	3	281	14	301	231
90	4	45.382	249	281	309	28	267	35	280	229
90	94	47.083	240	281	271	28	258	35	271	226
90	66	42.804	271	281	296	5	268	8	269	226
90	123	43.446	267	281	294	5	267	8	268	224
90	70	41.155	277	281	288	2	270	5	275	223
90	36	40.753	292	281	293	2	280	5	292	222
90	87	44.238	269	281	313	28	280	35	303	223
90	59	41.636	269	281	294	2	268	5	268	220
90	26	40.636	283	281	292	5	280	8	285	220
90	61	41.636	269	281	295	5	268	8	271	220
90	92	43.985	266	281	293	5	267	8	268	219
90	19	39.792	289	281	288	2	280	5	287	219
90	33	40.741	270	281	296	5	268	8	269	219
90	12	41.791	268	281	293	5	268	8	269	219
90	56	44.922	256	281	299	22	268	22	272	216
90	102	41.489	282	281	293	5	281	8	283	216
90	48	43.182	264	281	289	5	267	8	264	215
90	50	42.164	268	281	294	5	269	8	268	215
90	75	41.065	263	281	291	5	267	8	265	213
90	62	40.364	275	281	287	2	269	5	274	213
90	34	41.221	262	281	288	5	266	8	263	212
90	47	44.141	256	281	299	22	268	22	270	212
90	68	41.111	270	281	298	5	269	8	271	209
90	53	39.338	272	281	295	5	269	8	269	206
90	104	42.857	266	281	283	3	259	6	259	201
90	122	40.551	254	281	290	5	258	8	256	196
90	120	40.816	294	281	285	1	280	1	284	195
90	129	39.764	254	281	289	5	258	8	256	194
90	105	37.113	291	281	283	1	281	3	283	193
90	24	41.825	263	281	273	5	266	8	247	192
90	40	41.034	290	281	288	2	280	6	286	191
90	118	39.768	259	281	284	29	281	36	284	190
90	45	40.449	267	281	283	3	259	3	259	187
90	126	38.433	268	281	283	3	259	3	260	185
90	109	38.783	263	281	273	5	266	8	246	184
90	69	40.385	260	281	283	3	258	11	259	183
90	77	39.015	264	281	273	5	266	8	247	181
90	42	38.361	305	281	294	1	281	1	294	180
90	114	37.218	266	281	272	2	266	5	246	178
90	83	39.464	261	281	296	28	281	43	295	179
90	82	36.882	263	281	274	5	266	8	247	178
90	35	39.914	233	281	282	29	258	36	258	178
90	127	39.382	259	281	283	3	258	12	260	177
90	78	36.667	270	281	274	2	271	5	250	176
90	115	40.784	255	281	296	28	277	44	289	177
90	73	38.783	263	281	275	1	258	1	251	176
90	30	38.521	257	281	274	11	266	14	246	176
90	38	39.098	266	281	276	3	266	9	249	176
90	52	38.202	267	281	284	1	259	3	259	176
90	25	37.377	305	281	296	1	281	1	296	176
90	119	38.760	258	281	274	3	258	7	250	175
90	27	38.023	263	281	271	5	266	8	246	175
90	74	37.984	258	281	274	3	258	7	250	175
90	51	37.023	262	281	275	7	266	11	248	175
90	103	39.914	233	281	283	29	258	37	259	174
90	97	39.847	261	281	288	29	281	37	288	174
90	88	36.882	263	281	272	5	266	8	246	172
90	98	34.962	266	281	272	2	266	5	246	172
90	85	36.842	266	281	274	2	266	5	246	172
90	5	40.244	246	281	297	28	267	44	280	172
90	99	36.122	263	281	275	5	266	8	247	171
90	20	40.385	260	281	295	28	281	45	295	172
90	67	40.613	261	281	295	28	280	43	294	171
90	72	37.201	293	281	296	1	271	1	282	171
90	116	38.866	247	281	296	28	267	43	279	170
90	124	35.741	263	281	272	5	266	8	246	169
90	89	35.741	263	281	272	5	266	8	246	169
90	60	37.407	270	281	274	6	273	10	255	169
90	11	40.400	250	281	298	28	272	44	284	169
90	49	36.567	268	281	278	5	270	10	253	168
90	63	39.485	233	281	283	29	258	37	259	167
90	43	35.227	264	281	273	5	266	9	248	166
90	13	39.416	274	281	305	3	259	8	272	166
90	110	37.354	257	281	295	28	274	43	290	166
90	21	37.143	280	281	280	3	278	11	277	165
90	14	36.996	273	281	291	3	259	4	267	160
90	1	36.996	273	281	305	3	259	4	267	160
90	93	36.885	244	281	297	28	266	44	279	159
90	2	36.885	244	281	297	28	266	44	279	159
91	91	100.000	298	298	298	1	298	1	298	619
91	80	82.550	298	298	298	1	298	1	298	530
91	100	74.662	296	298	296	3	298	1	296	486
91	46	75.000	296	298	294	3	298	1	294	484
91	71	67.230	296	298	295	3	298	1	295	434
91	18	75.096	261	298	261	38	298	1	261	430
91	6	63.158	304	298	303	3	298	1	303	385
91	23	64.111	287	298	304	4	282	3	288	377
91	58	59.871	309	298	309	3	298	1	309	375
91	32	58.553	304	298	303	3	298	1	303	365
91	64	59.000	300	298	300	2	298	2	300	357
91	10	56.494	308	298	307	3	298	1	307	353
91	3	56.055	289	298	301	4	289	6	293	341
91	108	56.786	280	298	284	19	291	1	278	338
91	8	54.392	296	298	302	4	298	10	302	321
91	84	51.460	274	298	281	12	282	3	266	273
91	76	51.095	274	298	281	12	282	3	266	270
91	117	51.119	268	298	282	12	278	3	259	270
91	128	50.549	273	298	290	13	282	1	264	269
91	28	50.542	277	298	292	9	282	4	266	268
91	95	50.549	273	298	291	13	282	4	267	268
91	57	51.953	256	298	294	23	275	10	255	267
91	16	50.190	263	298	292	15	275	6	259	267
91	9	50.545	275	298	292	12	283	3	267	266
91	86	50.000	272	298	281	12	278	3	261	265
91	17	49.270	274	298	289	12	282	3	266	265
91	121	50.916	273	298	279	13	282	1	260	265
91	31	51.636	275	298	298	12	282	3	266	265
91	7	50.373	268	298	283	13	278	4	260	263
91	44	49.818	275	298	282	4	275	3	259	263
91	111	51.880	266	298	276	23	283	8	262	262
91	29	52.510	259	298	287	23	277	8	255	262
91	106	50.562	267	298	284	23	286	9	262	261
91	55	50.542	277	298	297	9	282	4	267	262
91	112	49.084	273	298	286	13	282	4	263	261
91	15	49.458	277	298	281	12	282	3	263	258
91	101	48.897	272	298	292	14	282	5	266	258
91	81	50.758	264	298	286	22	282	7	261	258
91	22	46.619	281	298	281	5	282	4	266	256
91	39	49.810	263	298	292	15	275	6	258	256
91	54	48.364	275	298	278	4	276	3	256	255
91	79	48.327	269	298	281	12	278	3	261	254
91	37	48.227	282	298	300	12	289	3	271	254
91	41	48.571	280	298	288	12	286	3	270	254
91	90	47.794	272	298	281	12	278	3	261	252
91	65	48.864	264	298	287	23	282	9	261	248
91	125	45.693	267	298	292	13	277	1	258	245
91	107	45.255	274	298	281	12	282	3	266	243
91	33	45.455	275	298	296	4	278	3	262	242
91	70	44.565	276	298	288	3	275	1	263	241
91	36	44.840	281	298	293	3	275	1	268	240
91	96	48.864	264	298	287	23	282	14	266	236
91	66	43.321	277	298	296	4	280	3	264	235
91	19	43.165	278	298	288	3	277	1	265	234
91	50	44.765	277	298	294	4	280	3	262	234
91	53	42.960	277	298	295	4	280	3	263	233
91	68	44.203	276	298	298	4	277	3	262	233
91	12	42.960	277	298	293	4	280	3	264	230
91	92	43.431	274	298	293	4	277	3	261	229
91	61	44.000	275	298	295	4	276	3	262	228
91	47	43.321	277	298	299	4	278	3	263	228
91	26	44.043	277	298	292	4	280	3	263	228
91	56	42.160	287	298	299	14	297	8	281	224
91	62	42.029	276	298	287	3	275	1	263	223
91	123	42.599	277	298	294	4	280	3	264	222
91	59	41.758	273	298	294	4	275	3	258	221
91	102	42.336	274	298	293	4	277	3	261	220
91	87	44.309	246	298	313	37	277	35	275	219
91	75	39.189	296	298	291	4	296	3	277	213
91	34	40.876	274	298	288	4	276	3	256	211
91	48	40.876	274	298	289	4	275	3	255	211
91	24	40.441	272	298	273	4	275	3	239	209
91	129	43.728	279	298	289	4	278	3	259	209
91	103	41.971	274	298	283	4	276	7	260	208
91	77	40.074	272	298	273	4	275	3	239	207
91	82	39.706	272	298	274	4	275	3	239	206
91	85	40.074	272	298	274	4	275	3	238	206
91	114	41.544	272	298	272	4	275	3	238	204
91	27	39.706	272	298	271	4	275	3	238	203
91	94	45.344	247	298	271	37	275	35	271	202
91	122	41.241	274	298	290	4	277	3	258	203
91	4	45.749	247	298	309	37	275	35	271	202
91	43	40.441	272	298	273	4	275	8	240	201
91	120	41.818	275	298	285	2	275	5	261	201
91	115	40.502	279	298	296	4	275	4	270	202
91	126	41.091	275	298	283	2	275	5	259	201
91	97	41.912	272	298	288	5	275	4	262	201
91	109	38.603	272	298	273	4	275	3	238	200
91	69	41.176	272	298	283	6	275	5	259	201
91	51	40.364	275	298	275	6	278	2	243	200
91	78	38.235	272	298	274	4	275	3	237	199
91	98	38.849	278	298	272	4	279	3	244	198
91	88	40.074	272	298	272	4	275	7	238	197
91	89	38.676	287	298	272	8	292	3	257	197
91	104	38.989	277	298	283	3	275	5	258	197
91	63	39.636	275	298	283	5	276	4	260	197
91	35	38.768	276	298	282	3	276	6	259	197
91	99	40.074	272	298	275	4	275	3	239	196
91	30	39.338	272	298	274	4	275	3	238	193
91	38	41.026	273	298	276	6	278	3	244	193
91	73	42.063	252	298	275	26	277	19	253	193
91	20	41.343	283	298	295	3	275	3	271	193
91	45	40.000	275	298	283	4	275	7	258	192
91	127	40.288	278	298	283	4	279	4	264	192
91	42	40.647	278	298	294	4	275	4	268	190
91	11	39.502	281	298	298	6	275	2	270	190
91	40	39.051	274	298	288	4	275	4	262	188
91	124	36.397	272	298	272	4	275	3	238	186
91	49	36.029	272	298	278	4	275	5	241	186
91	60	39.921	253	298	274	23	275	18	240	185
91	116	39.416	274	298	296	4	275	8	270	185
91	52	36.014	286	298	284	6	291	4	270	183
91	67	36.594	276	298	295	2	275	6	269	182
91	13	38.095	273	298	305	4	275	12	271	182
91	74	41.870	246	298	274	32	277	25	252	181
91	25	38.351	279	298	296	4	275	4	270	181
91	105	36.264	273	298	283	4	275	5	257	181
91	118	37.729	273	298	284	9	275	3	258	179
91	83	41.250	240	298	296	36	275	42	270	179
91	72	37.906	277	298	296	4	275	8	269	176
91	5	38.078	281	298	297	4	275	4	271	176
91	119	38.618	246	298	274	32	277	25	252	175
91	14	38.043	276	298	291	4	275	4	266	173
91	110	39.167	240	298	295	36	275	42	269	173
91	1	38.043	276	298	305	4	275	4	266	173
91	21	35.145	276	298	280	2	277	5	257	160
91	93	35.461	282	298	297	4	271	4	267	160
91	2	35.461	282	298	297	4	271	4	267	160
92	92	100.000	293	293	293	1	293	1	293	617
92	102	78.840	293	293	293	1	293	1	293	506
92	12	74.061	293	293	293	1	293	1	293	466
92	68	73.244	299	293	298	1	293	1	298	460
92	61	72.542	295	293	295	1	293	1	295	456
92	47	71.667	300	293	299	1	293	1	299	454
92	56	68.896	299	293	299	1	292	1	299	436
92	66	68.243	296	293	296	1	293	1	296	432
92	33	67.568	296	293	296	1	293	1	296	431
92	53	67.905	296	293	295	1	293	1	295	430
92	26	68.259	293	293	292	1	293	1	292	425
92	123	67.918	293	293	294	1	291	1	293	423
92	50	69.595	296	293	294	1	293	1	294	422
92	59	66.330	297	293	294	1	293	1	294	415
92	75	68.367	294	293	291	1	293	1	291	414
92	122	65.646	294	293	290	1	293	1	290	405
92	34	63.823	293	293	288	1	293	1	288	401
92	129	66.553	293	293	289	1	293	1	289	399
92	48	62.799	293	293	289	1	293	1	289	396
92	82	48.364	275	293	274	1	273	1	254	250
92	38	47.273	275	293	276	1	272	3	254	247
92	27	46.154	273	293	271	1	272	1	251	246
92	109	47.761	268	293	273	1	267	1	246	244
92	114	45.578	294	293	272	1	287	1	272	244
92	99	46.863	271	293	275	1	270	1	250	242
92	43	45.238	294	293	273	1	287	2	273	241
92	124	47.015	268	293	272	1	267	1	246	240
92	89	44.404	277	293	272	1	276	1	253	239
92	30	45.522	268	293	274	1	267	1	246	238
92	88	45.522	268	293	272	1	267	1	246	238
92	78	44.280	271	293	274	1	271	1	249	238
92	106	46.442	267	293	284	12	273	4	264	238
92	51	46.840	269	293	275	1	267	2	248	237
92	70	44.444	270	293	288	22	286	22	287	236
92	85	44.068	295	293	274	1	287	1	271	235
92	24	43.537	294	293	273	1	287	1	273	234
92	49	45.965	285	293	278	1	278	3	262	234
92	54	46.863	271	293	278	2	267	2	263	233
92	111	44.195	267	293	276	12	273	3	267	233
92	29	44.195	267	293	287	12	273	3	267	233
92	77	44.604	278	293	273	1	275	1	257	232
92	19	47.410	251	293	288	23	267	23	271	232
92	76	43.929	280	293	281	8	280	5	278	229
92	36	43.929	280	293	293	4	272	4	281	229
92	10	45.556	270	293	307	17	273	31	295	230
92	60	45.091	275	293	274	1	273	2	254	229
92	95	48.810	252	293	291	23	267	20	267	229
92	4	45.833	264	293	309	32	287	36	299	229
92	91	43.431	274	293	298	3	261	4	277	229
92	7	43.609	266	293	283	8	268	5	266	227
92	71	45.522	268	293	295	3	259	6	272	228
92	112	44.444	270	293	286	17	280	14	275	227
92	44	43.885	278	293	282	1	273	1	273	227
92	6	43.098	297	293	303	3	278	2	297	227
92	98	43.056	288	293	272	1	285	1	264	226
92	31	43.151	292	293	298	3	287	3	281	226
92	17	43.956	273	293	289	1	268	1	267	226
92	62	46.840	269	293	287	11	267	6	271	225
92	128	42.969	256	293	290	17	267	11	264	225
92	125	42.806	278	293	292	18	287	9	279	225
92	16	42.647	272	293	292	23	289	20	288	224
92	9	44.074	270	293	292	5	269	2	268	224
92	100	45.421	273	293	296	3	259	2	273	224
92	121	42.481	266	293	279	12	269	2	262	223
92	39	44.928	276	293	292	10	280	7	278	224
92	58	46.531	245	293	309	27	259	41	285	224
92	23	42.349	281	293	304	2	260	2	282	223
92	101	42.014	288	293	292	8	290	5	288	223
92	46	45.018	271	293	294	3	259	2	271	223
92	3	41.319	288	293	301	3	272	6	289	223
92	86	44.151	265	293	281	27	286	24	280	221
92	32	43.542	271	293	303	17	274	27	294	221
92	96	44.664	253	293	287	12	260	9	259	221
92	108	42.745	255	293	284	17	259	9	262	220
92	84	42.254	284	293	281	8	286	5	280	219
92	80	42.647	272	293	298	3	259	4	275	220
92	117	42.268	291	293	282	1	287	1	279	219
92	57	43.262	282	293	294	17	287	10	278	220
92	90	43.985	266	293	281	8	268	5	267	219
92	41	42.282	298	293	288	3	289	3	283	219
92	81	44.000	250	293	286	17	260	8	254	219
92	79	41.319	288	293	281	1	282	5	280	218
92	107	41.281	281	293	281	7	282	4	280	218
92	37	42.435	271	293	300	1	267	1	266	217
92	28	44.061	261	293	292	12	267	9	266	217
92	8	43.599	289	293	302	3	273	6	290	217
92	15	42.647	272	293	281	2	268	2	264	216
92	22	41.877	277	293	281	2	273	2	272	216
92	87	42.857	273	293	313	32	292	36	308	216
92	18	48.963	241	293	261	32	261	1	240	214
92	65	41.993	281	293	287	15	290	7	279	214
92	94	46.610	236	293	271	32	259	36	271	213
92	55	42.545	275	293	297	1	268	1	268	214
92	64	41.818	275	293	300	3	260	4	277	213
92	127	41.176	289	293	283	3	286	8	283	203
92	103	41.667	264	293	283	3	261	7	261	199
92	63	40.659	273	293	283	3	270	7	270	196
92	126	40.727	275	293	283	2	267	2	267	195
92	45	38.542	288	293	283	3	286	7	281	195
92	69	40.075	267	293	283	3	261	7	261	194
92	35	37.755	294	293	282	2	286	2	281	194
92	120	37.162	296	293	285	1	287	1	285	193
92	104	39.100	289	293	283	3	286	6	282	192
92	72	42.739	241	293	296	32	267	44	277	190
92	73	41.852	270	293	275	17	280	15	272	187
92	105	39.259	270	293	283	3	267	5	265	187
92	5	39.100	289	293	297	1	268	2	280	186
92	25	38.129	278	293	296	3	267	8	278	184
92	52	40.000	270	293	284	3	267	6	266	183
92	42	40.152	264	293	294	28	286	40	293	181
92	97	40.370	270	293	288	3	266	7	269	180
92	118	41.350	237	293	284	27	259	31	258	180
92	20	42.683	246	293	295	32	267	46	279	180
92	83	39.080	261	293	296	32	287	44	296	180
92	74	40.909	264	293	274	27	286	26	273	177
92	116	42.276	246	293	296	32	271	44	282	178
92	13	39.918	243	293	305	32	269	46	281	177
92	11	40.000	250	293	298	32	273	45	284	174
92	67	36.304	303	293	295	1	287	2	295	174
92	115	40.076	262	293	296	32	287	45	296	171
92	93	37.906	277	293	297	3	267	12	279	171
92	2	37.906	277	293	297	3	267	12	279	171
92	40	35.484	279	293	288	1	267	2	270	170
92	21	35.540	287	293	280	3	286	7	279	166
92	119	38.971	272	293	274	20	286	19	273	165
92	14	35.294	289	293	291	3	286	12	290	165
92	1	35.294	289	293	305	3	286	12	290	165
92	110	35.740	277	293	295	3	267	8	277	161
93	93	100.000	297	297	297	1	297	1	297	622
93	2	100.000	297	297	297	1	297	1	297	622
93	5	72.054	297	297	297	1	297	1	297	463
93	116	67.677	297	297	296	1	297	1	296	422
93	83	60.606	297	297	296	1	297	1	296	405
93	110	64.310	297	297	295	1	297	1	295	403
93	67	62.500	296	297	295	1	296	1	294	394
93	11	60.884	294	297	298	1	294	1	293	390
93	115	58.249	297	297	296	1	297	1	296	381
93	20	59.122	296	297	295	1	295	1	293	377
93	97	59.862	289	297	288	8	296	7	287	377
93	72	58.305	295	297	296	1	295	1	293	370
93	25	57.095	296	297	296	1	296	1	295	364
93	40	59.596	297	297	288	1	296	1	286	361
93	42	59.060	298	297	294	1	296	1	293	358
93	14	59.107	291	297	291	6	296	2	290	358
93	1	59.107	291	297	305	6	296	2	290	357
93	13	56.081	296	297	305	1	295	1	294	350
93	120	50.169	295	297	285	8	297	3	285	268
93	118	44.792	288	297	284	12	296	6	283	238
93	52	44.245	278	297	284	6	280	4	267	233
93	104	43.243	296	297	283	9	296	3	282	232
93	126	42.662	293	297	283	8	296	3	282	231
93	105	43.116	276	297	283	8	280	5	266	226
93	127	43.253	289	297	283	8	292	4	282	225
93	63	43.493	292	297	283	9	296	4	282	220
93	45	42.909	275	297	283	12	283	3	270	218
93	69	43.243	296	297	283	5	296	4	282	218
93	103	43.333	270	297	283	8	274	3	262	217
93	87	42.466	292	297	313	28	297	19	304	217
93	35	40.273	293	297	282	8	296	3	281	211
93	119	46.825	252	297	274	28	271	14	250	208
93	74	45.492	244	297	274	28	267	14	246	206
93	73	43.431	274	297	275	28	296	14	274	206
93	122	42.254	284	297	290	19	297	10	284	205
93	4	40.293	273	297	309	28	286	19	286	199
93	21	40.942	276	297	280	11	283	6	267	197
93	33	41.935	279	297	296	12	279	3	267	192
93	129	41.065	263	297	289	39	297	26	283	191
93	94	40.310	258	297	271	28	271	19	271	190
93	48	41.045	268	297	289	35	296	22	282	189
93	128	41.634	257	297	290	40	287	21	272	187
93	32	38.305	295	297	303	8	286	2	294	187
93	50	40.873	252	297	294	36	279	23	265	185
93	23	38.929	280	297	304	8	271	3	281	184
93	125	39.858	281	297	292	26	297	8	279	183
93	64	39.114	271	297	300	8	267	4	272	182
93	12	39.116	294	297	293	12	294	3	278	180
93	123	37.627	295	297	294	12	297	3	287	180
93	96	40.769	260	297	287	28	279	13	266	179
93	101	39.464	261	297	292	40	292	24	274	178
93	68	41.700	247	297	298	45	279	32	268	178
93	75	40.081	247	297	291	36	279	23	264	178
93	111	39.676	247	297	276	43	280	21	262	177
93	65	39.161	286	297	287	13	290	1	267	177
93	59	37.102	283	297	294	12	289	3	271	178
93	47	41.129	248	297	299	45	280	32	269	178
93	79	39.695	262	297	281	40	293	24	280	177
93	57	38.676	287	297	294	13	290	1	274	177
93	6	38.545	275	297	303	8	267	2	275	177
93	102	40.637	251	297	293	45	286	32	274	177
93	81	41.870	246	297	286	43	279	21	261	176
93	29	38.800	250	297	287	40	280	18	262	176
93	112	38.376	271	297	286	34	295	18	276	176
93	16	38.603	272	297	292	34	295	18	280	174
93	66	40.154	259	297	296	45	291	32	285	175
93	55	39.764	254	297	297	40	284	24	272	175
93	7	39.189	296	297	283	13	297	4	280	174
93	3	36.042	283	297	301	4	272	2	280	173
93	53	37.545	277	297	295	12	279	3	266	172
93	95	38.686	274	297	291	34	297	18	282	172
93	24	39.015	264	297	273	16	279	7	247	172
93	121	40.079	252	297	279	40	279	17	260	172
93	43	41.423	239	297	273	41	279	29	248	171
93	34	37.455	275	297	288	12	279	3	263	171
93	106	35.955	267	297	284	26	284	13	263	171
93	54	39.560	273	297	278	34	296	18	277	170
93	92	37.906	277	297	293	12	279	3	267	171
93	10	35.430	302	297	307	4	286	2	298	171
93	56	40.530	264	297	299	45	296	32	285	170
93	58	34.643	280	297	309	4	267	2	281	171
93	61	38.202	267	297	295	45	297	32	289	170
93	49	41.004	239	297	278	41	279	30	249	168
93	46	36.996	273	297	294	14	271	3	271	168
93	15	40.000	265	297	281	44	297	28	278	168
93	107	36.207	290	297	281	12	293	3	280	168
93	82	38.889	234	297	274	46	279	33	247	167
93	41	38.305	295	297	288	8	290	3	272	167
93	22	38.224	259	297	281	40	290	24	277	166
93	86	35.793	271	297	281	34	296	18	280	166
93	26	38.372	258	297	292	36	287	23	274	166
93	62	38.433	268	297	287	34	284	21	278	166
93	9	37.918	269	297	292	34	294	18	281	166
93	80	35.690	297	297	298	4	284	4	287	166
93	114	37.687	268	297	272	12	279	3	246	165
93	37	37.500	264	297	300	44	297	28	281	166
93	108	39.662	237	297	284	43	267	22	258	165
93	109	38.132	257	297	273	39	294	26	258	164
93	71	37.770	278	297	295	4	271	2	272	164
93	28	37.349	249	297	292	40	279	24	266	164
93	39	38.372	258	297	292	34	279	18	266	164
93	100	35.052	291	297	296	4	283	2	284	164
93	17	38.403	263	297	289	44	295	28	279	164
93	19	38.321	274	297	288	34	296	21	287	163
93	44	37.786	262	297	282	44	296	28	281	162
93	117	39.847	261	297	282	44	297	28	279	162
93	30	36.803	269	297	274	12	279	3	246	162
93	70	36.264	273	297	288	34	295	21	287	162
93	77	37.759	241	297	273	39	279	26	247	161
93	84	37.402	254	297	281	34	279	18	266	161
93	76	36.162	271	297	281	34	296	18	280	161
93	51	38.494	239	297	275	41	279	29	248	160
93	88	36.162	271	297	272	16	285	7	250	160
93	124	36.364	275	297	272	12	286	3	251	159
93	27	37.449	243	297	271	41	282	28	249	159
93	98	35.842	279	297	272	12	290	3	253	159
93	31	33.898	295	297	298	12	297	3	284	160
93	90	36.885	244	297	281	44	279	28	266	159
93	91	35.461	282	297	298	4	267	4	271	160
93	60	37.657	239	297	274	41	279	29	248	157
93	8	34.767	279	297	302	4	271	2	279	157
93	36	39.918	243	297	293	41	267	28	264	157
93	38	36.957	276	297	276	6	279	3	249	156
93	85	35.507	276	297	274	4	279	3	246	155
93	89	34.875	281	297	272	12	291	3	256	154
93	78	33.793	290	297	274	8	297	3	262	153
93	18	36.515	241	297	261	45	271	1	238	147
93	99	33.906	233	297	275	47	279	34	247	147
94	94	100.000	271	271	271	1	271	1	271	565
94	4	98.155	271	271	309	1	271	1	271	556
94	87	72.830	265	271	313	9	271	9	273	412
94	95	46.241	266	271	291	7	271	1	259	234
94	111	47.679	237	271	276	35	271	22	253	230
94	29	47.679	237	271	287	35	271	22	253	230
94	90	47.083	240	271	281	35	271	28	258	226
94	117	47.692	260	271	282	13	271	7	256	225
94	65	46.835	237	271	287	35	271	23	253	225
94	9	45.420	262	271	292	13	271	7	258	224
94	86	45.769	260	271	281	13	271	7	258	224
94	44	46.360	261	271	282	13	271	7	259	224
94	55	44.061	261	271	297	13	271	7	259	224
94	28	43.846	260	271	292	13	271	7	258	223
94	7	45.660	265	271	283	13	271	7	257	221
94	37	43.295	261	271	300	13	271	7	258	220
94	121	47.059	238	271	279	35	271	21	252	219
94	54	45.769	260	271	278	13	271	7	255	219
94	31	44.615	260	271	298	13	271	7	258	219
94	81	45.148	237	271	286	35	271	22	253	219
94	128	44.958	238	271	290	35	271	25	256	219
94	57	45.570	237	271	294	35	271	24	255	217
94	17	46.639	238	271	289	35	271	28	258	217
94	84	45.020	251	271	281	22	271	16	258	216
94	33	45.417	240	271	296	35	271	31	259	217
94	22	41.923	260	271	281	13	271	7	258	216
94	41	46.835	237	271	288	35	271	28	258	216
94	115	43.015	272	271	296	5	271	14	270	216
94	79	43.243	259	271	281	13	271	7	258	215
94	102	45.188	239	271	293	36	271	32	259	215
94	40	44.015	259	271	288	18	271	19	262	214
94	120	44.195	267	271	285	13	271	11	261	214
94	42	44.961	258	271	294	19	271	27	268	214
94	39	45.000	260	271	292	13	271	8	258	214
94	107	44.275	262	271	281	12	271	6	258	213
94	92	46.610	236	271	293	36	271	32	259	213
94	97	44.961	258	271	288	19	271	20	262	212
94	101	44.528	265	271	292	8	271	2	258	212
94	61	46.610	236	271	295	36	271	32	261	212
94	67	43.798	258	271	295	19	271	27	269	212
94	47	44.492	236	271	299	36	271	32	260	211
94	19	47.059	238	271	288	35	271	31	263	211
94	68	44.492	236	271	298	36	271	32	260	211
94	15	44.828	261	271	281	13	271	7	255	210
94	32	45.306	245	271	303	35	271	41	280	209
94	72	44.788	259	271	296	18	271	26	269	209
94	76	44.304	237	271	281	35	271	28	258	208
94	71	42.066	271	271	295	13	271	10	272	208
94	106	43.529	255	271	284	18	271	7	250	207
94	125	42.616	237	271	292	35	271	25	256	207
94	96	44.882	254	271	287	19	271	13	258	206
94	12	42.017	238	271	293	36	271	32	259	206
94	25	43.798	258	271	296	19	271	28	270	206
94	83	40.927	259	271	296	18	271	26	270	206
94	112	42.264	265	271	286	8	271	2	255	205
94	105	42.578	256	271	283	19	271	18	257	203
94	70	46.667	240	271	288	35	271	31	263	203
94	56	43.697	238	271	299	36	271	32	262	203
94	16	43.701	254	271	292	22	271	16	259	203
94	110	41.860	258	271	295	19	271	27	269	203
94	20	42.636	258	271	295	19	271	29	271	203
94	45	44.141	256	271	283	19	271	19	258	202
94	91	45.344	247	271	298	35	271	37	275	202
94	50	42.797	236	271	294	36	271	32	257	202
94	123	41.597	238	271	294	36	271	32	259	202
94	3	42.857	245	271	301	35	271	41	279	202
94	58	42.751	269	271	309	12	271	23	285	202
94	36	45.267	243	271	293	35	271	31	268	201
94	66	43.277	238	271	296	36	271	32	259	201
94	11	42.146	261	271	298	17	271	26	270	201
94	119	42.537	268	271	274	7	271	1	250	200
94	5	43.130	262	271	297	16	271	25	271	200
94	59	40.254	236	271	294	36	271	32	258	200
94	104	42.578	256	271	283	19	271	19	258	199
94	26	40.909	242	271	292	36	271	32	258	199
94	108	41.057	246	271	284	35	271	23	262	199
94	10	42.857	245	271	307	35	271	43	284	199
94	34	40.254	236	271	288	36	271	32	255	198
94	18	42.798	243	271	261	36	271	1	238	197
94	23	42.857	245	271	304	35	271	41	281	198
94	80	43.320	247	271	298	35	271	37	275	198
94	74	40.769	260	271	274	14	271	9	250	196
94	62	44.215	242	271	287	35	271	31	263	196
94	46	42.802	257	271	294	22	271	22	271	196
94	14	43.023	258	271	291	19	271	24	266	196
94	118	42.578	256	271	284	19	271	19	258	196
94	1	43.023	258	271	305	19	271	24	266	196
94	6	43.673	245	271	303	35	271	39	279	196
94	122	42.259	239	271	290	36	271	32	256	196
94	127	42.578	256	271	283	19	271	21	260	195
94	116	41.085	258	271	296	19	271	27	270	195
94	53	41.597	238	271	295	36	271	32	258	194
94	73	43.933	239	271	275	36	271	31	251	193
94	100	43.902	246	271	296	35	271	35	273	193
94	8	42.041	245	271	302	35	271	41	279	192
94	129	41.949	236	271	289	36	271	32	256	192
94	75	40.678	236	271	291	36	271	32	256	191
94	48	39.831	236	271	289	36	271	32	255	190
94	63	41.085	258	271	283	19	271	20	259	190
94	93	40.310	258	271	297	19	271	28	271	190
94	2	40.310	258	271	297	19	271	28	271	190
94	52	42.578	256	271	284	19	271	19	258	189
94	13	39.922	258	271	305	19	271	29	271	189
94	69	40.310	258	271	283	19	271	20	259	188
94	126	40.234	256	271	283	19	271	20	259	186
94	64	42.000	250	271	300	35	271	38	276	186
94	103	40.824	267	271	283	13	271	11	259	184
94	35	40.234	256	271	282	19	271	19	258	181
94	114	42.373	236	271	272	37	271	33	238	175
94	24	40.254	236	271	273	37	271	33	239	173
94	21	38.182	275	271	280	2	271	2	255	171
94	124	40.254	236	271	272	37	271	33	238	170
94	88	40.254	236	271	272	37	271	33	238	169
94	109	41.102	236	271	273	37	271	33	238	169
94	85	41.702	235	271	274	38	271	34	238	169
94	60	41.350	237	271	274	37	271	34	240	167
94	30	41.102	236	271	274	37	271	33	238	167
94	27	40.756	238	271	271	38	271	34	238	167
94	98	39.831	236	271	272	37	271	33	238	167
94	51	40.928	237	271	275	37	271	34	240	167
94	43	39.241	237	271	273	37	271	34	240	166
94	89	40.254	236	271	272	37	271	33	238	164
94	99	37.288	236	271	275	37	271	33	239	164
94	82	38.202	267	271	274	22	271	4	239	162
94	38	38.819	237	271	276	37	271	35	241	162
94	78	38.723	235	271	274	37	271	33	237	161
94	49	41.102	236	271	278	38	271	36	241	161
94	77	40.084	237	271	273	37	271	33	239	159
95	95	100.000	291	291	291	1	291	1	291	611
95	55	77.622	286	291	297	2	287	2	287	486
95	37	77.385	283	291	300	5	287	5	286	474
95	9	72.632	285	291	292	1	285	1	284	449
95	57	75.182	274	291	294	14	287	10	283	446
95	81	72.101	276	291	286	12	287	6	281	444
95	28	69.474	285	291	292	1	285	1	284	432
95	117	72.202	277	291	282	6	282	6	279	431
95	31	69.204	289	291	298	1	287	1	288	431
95	128	68.662	284	291	290	4	287	1	284	430
95	7	70.213	282	291	283	1	282	1	280	429
95	101	68.621	290	291	292	2	291	2	289	428
95	29	70.438	274	291	287	14	287	8	281	427
95	111	71.161	267	291	276	14	280	8	274	422
95	41	68.440	282	291	288	1	282	1	281	422
95	79	68.214	280	291	281	1	280	1	279	420
95	76	68.327	281	291	281	1	281	1	280	420
95	84	69.751	281	291	281	1	281	1	280	418
95	15	69.314	277	291	281	6	282	6	278	418
95	121	70.330	273	291	279	11	283	4	276	415
95	54	69.751	281	291	278	1	281	1	277	414
95	16	66.084	286	291	292	2	287	2	286	414
95	22	66.192	281	291	281	1	281	1	280	409
95	86	67.616	281	291	281	1	281	1	280	407
95	107	65.357	280	291	281	1	280	1	279	407
95	17	66.784	283	291	289	6	288	6	286	406
95	44	66.426	277	291	282	5	281	5	281	402
95	112	64.111	287	291	286	2	288	2	283	400
95	125	65.693	274	291	292	14	287	11	284	400
95	39	68.459	279	291	292	2	280	2	279	398
95	106	68.000	275	291	284	14	288	9	278	397
95	90	64.413	281	291	281	1	281	1	280	392
95	96	67.845	283	291	287	1	282	1	281	390
95	65	66.541	266	291	287	14	279	9	273	388
95	100	53.208	265	291	296	4	259	11	273	273
95	80	51.079	278	291	298	4	272	13	287	270
95	71	51.908	262	291	295	7	259	14	272	268
95	91	50.549	273	291	298	4	267	13	282	268
95	23	49.470	283	291	304	14	281	27	303	260
95	58	50.579	259	291	309	15	259	32	285	256
95	32	49.451	273	291	303	14	273	27	293	256
95	6	49.446	271	291	303	17	273	28	292	254
95	46	48.772	285	291	294	6	276	12	292	254
95	3	49.225	258	291	301	14	259	27	279	251
95	18	51.190	252	291	261	29	271	1	249	248
95	8	48.973	292	291	302	5	281	16	301	246
95	108	47.191	267	291	284	14	267	9	269	244
95	10	48.864	264	291	307	19	267	34	291	243
95	4	43.624	298	291	309	1	283	7	303	242
95	64	47.967	246	291	300	24	260	34	277	241
95	94	46.241	266	291	271	1	259	7	271	234
95	87	44.186	301	291	313	7	290	13	312	234
95	48	44.604	278	291	289	14	286	17	287	232
95	92	48.810	252	291	293	20	267	23	267	229
95	123	44.203	276	291	294	14	282	17	287	228
95	59	43.922	255	291	294	14	267	17	266	228
95	26	46.185	249	291	292	20	267	23	266	227
95	34	42.804	271	291	288	20	286	23	286	227
95	12	44.565	276	291	293	20	286	23	291	227
95	68	44.853	272	291	298	5	270	8	271	225
95	62	41.667	288	291	287	4	281	3	286	224
95	102	45.556	270	291	293	24	286	27	291	222
95	66	44.758	248	291	296	14	259	17	259	221
95	50	46.304	257	291	294	14	267	17	265	220
95	70	39.863	291	291	288	1	281	1	287	220
95	56	45.018	271	291	299	5	267	5	270	219
95	75	43.426	251	291	291	20	270	23	267	218
95	36	41.438	292	291	293	2	281	5	292	218
95	61	44.776	268	291	295	5	267	8	269	218
95	19	42.279	272	291	288	17	281	20	287	218
95	47	43.704	270	291	299	5	267	5	268	217
95	33	44.841	252	291	296	20	267	23	267	214
95	53	44.094	254	291	295	20	267	23	266	211
95	122	40.767	287	291	290	5	286	8	288	209
95	104	43.657	268	291	283	3	259	2	258	209
95	129	41.445	263	291	289	5	267	8	264	200
95	24	41.418	268	291	273	14	280	17	259	198
95	5	42.966	263	291	297	28	282	44	297	199
95	120	40.559	286	291	285	7	282	11	285	196
95	118	40.418	287	291	284	1	281	8	283	196
95	109	43.580	257	291	273	14	269	17	248	193
95	119	41.667	288	291	274	1	281	1	273	193
95	103	40.141	284	291	283	6	281	10	282	193
95	105	41.975	243	291	283	24	263	30	261	192
95	69	39.322	295	291	283	3	281	3	282	192
95	83	40.909	264	291	296	27	282	42	296	192
95	45	44.061	261	291	283	6	259	10	258	191
95	127	40.690	290	291	283	6	281	15	283	191
95	25	40.523	306	291	296	1	281	1	295	191
95	77	41.406	256	291	273	14	268	17	248	189
95	97	39.597	298	291	288	1	281	1	287	188
95	114	41.245	257	291	272	14	269	17	248	187
95	74	39.706	272	291	274	1	268	1	259	187
95	42	41.758	273	291	294	17	281	32	293	187
95	88	39.300	257	291	272	14	269	17	248	186
95	126	40.068	292	291	283	7	281	3	282	186
95	52	39.925	268	291	284	3	259	2	258	186
95	63	42.164	268	291	283	18	281	31	282	186
95	72	38.305	295	291	296	7	282	8	292	186
95	40	41.221	262	291	288	27	281	35	286	185
95	78	38.610	259	291	274	14	272	17	250	184
95	11	39.446	289	291	298	5	285	18	296	185
95	20	42.308	260	291	295	27	280	44	293	184
95	73	38.462	286	291	275	1	281	1	274	183
95	115	40.909	264	291	296	19	275	35	286	183
95	124	40.078	257	291	272	14	269	17	248	182
95	35	36.934	287	291	282	6	281	6	281	182
95	85	38.931	262	291	274	14	274	17	253	181
95	30	39.844	256	291	274	14	268	17	247	180
95	60	39.394	264	291	274	14	275	18	256	179
95	110	39.394	264	291	295	27	282	42	295	177
95	89	36.680	259	291	272	11	268	14	247	176
95	51	36.194	268	291	275	14	279	18	260	176
95	67	39.483	271	291	295	19	281	34	294	176
95	82	38.760	258	291	274	14	269	17	249	175
95	98	38.258	264	291	272	14	275	17	255	175
95	38	39.062	256	291	276	14	267	19	249	174
95	43	38.686	274	291	273	14	281	18	266	174
95	21	38.849	278	291	280	2	270	2	266	174
95	27	39.453	256	291	271	14	267	17	246	173
95	116	37.879	264	291	296	27	282	42	296	173
95	99	37.818	275	291	275	14	287	17	261	172
95	93	38.686	274	291	297	18	282	34	297	172
95	2	38.686	274	291	297	18	282	34	297	172
95	14	38.435	294	291	291	6	281	7	290	172
95	1	38.435	294	291	305	6	281	7	290	171
95	13	41.036	251	291	305	17	262	34	274	171
95	49	37.218	266	291	278	7	267	9	249	164
96	96	100.000	287	287	287	1	287	1	287	602
96	37	71.004	269	287	300	14	281	14	281	400
96	95	67.845	283	287	291	1	281	1	282	397
96	31	68.498	273	287	298	14	284	14	284	396
96	55	66.078	283	287	297	1	281	1	282	395
96	81	68.132	273	287	286	11	281	5	276	394
96	111	66.788	274	287	276	9	280	3	275	387
96	29	66.788	274	287	287	9	280	3	275	387
96	57	67.528	271	287	294	13	281	9	278	387
96	9	68.773	269	287	292	12	278	12	278	384
96	121	67.647	272	287	279	12	281	5	275	382
96	128	66.912	272	287	290	13	281	10	279	381
96	101	67.416	267	287	292	14	278	14	278	379
96	54	68.030	269	287	278	12	278	12	275	377
96	117	66.418	268	287	282	12	278	12	276	374
96	15	65.809	272	287	281	14	283	14	280	374
96	7	64.286	280	287	283	1	278	1	277	372
96	22	63.670	267	287	281	14	278	14	278	367
96	28	62.898	283	287	292	1	281	1	281	367
96	65	63.838	271	287	287	10	278	5	273	367
96	125	64.234	274	287	292	13	284	10	282	366
96	41	63.235	272	287	288	12	281	12	281	362
96	16	61.071	280	287	292	1	278	1	279	361
96	17	65.530	264	287	289	14	275	14	275	360
96	44	63.670	267	287	282	14	278	14	279	358
96	84	63.670	267	287	281	14	278	14	278	358
96	106	62.731	271	287	284	9	277	4	269	357
96	76	62.547	267	287	281	14	278	14	278	357
96	79	60.674	267	287	281	14	278	14	278	350
96	107	60.674	267	287	281	14	278	14	278	347
96	86	61.071	280	287	281	1	278	1	278	347
96	90	61.071	280	287	281	1	278	1	278	346
96	112	61.423	267	287	286	14	278	14	275	343
96	39	61.786	280	287	292	1	278	1	278	343
96	23	50.538	279	287	304	11	274	24	299	260
96	46	52.364	275	287	294	14	278	20	291	256
96	80	51.145	262	287	298	14	266	23	282	249
96	100	49.458	277	287	296	14	278	21	293	248
96	3	49.621	264	287	301	5	258	21	279	248
96	64	46.899	258	287	300	12	259	22	277	248
96	6	47.157	299	287	303	4	287	15	303	245
96	10	49.425	261	287	307	10	258	27	284	245
96	71	49.804	255	287	295	13	258	20	272	243
96	32	48.669	263	287	303	6	258	19	280	244
96	108	48.438	256	287	284	13	258	8	262	240
96	91	48.864	264	287	298	14	266	23	282	239
96	8	49.615	260	287	302	8	258	22	279	237
96	18	50.996	251	287	261	29	267	1	246	235
96	58	45.361	291	287	309	2	273	18	305	233
96	33	41.489	282	287	296	9	283	12	289	228
96	26	44.402	259	287	292	9	266	12	266	227
96	123	42.705	281	287	294	9	282	12	288	226
96	12	42.754	276	287	293	9	282	12	275	226
96	61	44.318	264	287	295	9	266	12	269	225
96	56	45.247	263	287	299	9	266	12	270	224
96	48	43.726	263	287	289	9	268	12	265	223
96	59	45.020	251	287	294	9	258	12	258	222
96	102	45.059	253	287	293	9	259	12	260	221
96	92	44.664	253	287	293	9	259	12	260	221
96	68	42.481	266	287	298	9	269	12	271	219
96	66	44.048	252	287	296	9	258	12	259	218
96	50	44.444	261	287	294	9	266	12	265	217
96	47	42.049	283	287	299	9	284	12	288	216
96	34	44.048	252	287	288	9	259	12	256	214
96	105	43.922	255	287	283	13	263	18	262	213
96	53	43.478	253	287	295	9	258	12	258	212
96	118	43.798	258	287	284	13	266	19	266	211
96	94	46.063	254	287	271	13	258	19	271	209
96	75	40.860	279	287	291	9	286	12	284	209
96	122	43.651	252	287	290	9	258	12	256	209
96	4	44.656	262	287	309	13	266	19	279	208
96	87	45.833	240	287	313	28	258	35	273	207
96	36	41.948	267	287	293	14	269	17	279	206
96	104	42.353	255	287	283	13	263	19	263	205
96	45	42.692	260	287	283	11	266	17	266	203
96	70	40.996	261	287	288	19	270	22	275	202
96	52	42.636	258	287	284	13	266	19	266	201
96	40	42.143	280	287	288	6	278	17	284	199
96	19	42.276	246	287	288	20	259	23	264	198
96	129	42.915	247	287	289	14	259	17	257	198
96	35	40.637	251	287	282	13	259	19	259	197
96	115	42.857	266	287	296	25	281	41	296	197
96	103	42.692	260	287	283	13	268	20	269	196
96	69	40.876	274	287	283	13	282	20	281	196
96	24	40.392	255	287	273	14	267	17	248	194
96	109	41.797	256	287	273	14	268	17	248	192
96	62	38.824	255	287	287	20	269	23	274	192
96	5	41.887	265	287	297	25	281	41	297	192
96	11	40.502	279	287	298	8	281	24	293	191
96	120	41.860	258	287	285	12	261	16	264	189
96	88	38.571	280	287	272	14	281	17	272	187
96	42	40.860	279	287	294	8	281	27	291	187
96	30	40.784	255	287	274	14	267	17	247	186
96	67	40.580	276	287	295	13	278	27	292	187
96	126	39.194	273	287	283	13	281	20	273	186
96	127	41.909	241	287	283	24	261	33	263	186
96	82	39.844	256	287	274	14	268	17	249	185
96	119	39.643	280	287	274	12	278	13	271	184
96	74	39.922	258	287	274	24	278	26	271	184
96	38	40.385	260	287	276	9	266	14	249	184
96	25	42.339	248	287	296	25	267	41	279	184
96	93	41.538	260	287	297	13	266	28	279	184
96	2	41.538	260	287	297	13	266	28	279	184
96	124	37.545	277	287	272	14	278	17	269	183
96	97	39.852	271	287	288	7	271	14	275	183
96	83	41.667	240	287	296	27	261	42	273	184
96	72	39.630	270	287	296	8	271	22	282	184
96	77	41.463	246	287	273	14	258	17	239	182
96	63	41.494	241	287	283	24	261	32	262	182
96	89	37.255	255	287	272	14	267	17	247	181
96	98	38.929	280	287	272	14	281	17	272	181
96	114	39.844	256	287	272	14	268	17	248	180
96	20	40.727	275	287	295	12	280	31	294	180
96	51	38.846	260	287	275	9	266	13	248	179
96	73	39.535	258	287	275	13	267	14	260	178
96	110	40.833	240	287	295	27	261	42	272	179
96	78	37.453	267	287	274	14	280	17	256	177
96	85	38.911	257	287	274	14	269	17	249	175
96	116	42.324	241	287	296	27	261	42	273	176
96	99	38.911	257	287	275	14	266	17	247	173
96	60	39.080	261	287	274	14	272	18	254	173
96	49	38.996	259	287	278	14	270	19	253	172
96	14	42.149	242	287	291	25	261	37	269	172
96	1	40.996	261	287	305	25	278	37	288	172
96	27	38.153	249	287	271	14	261	17	241	171
96	13	42.000	250	287	305	11	254	27	267	172
96	43	38.039	255	287	273	14	266	18	248	170
96	21	38.462	247	287	280	25	269	32	266	157
97	97	100.000	288	288	288	1	288	1	288	603
97	115	68.919	296	288	296	1	285	1	293	432
97	67	68.027	294	288	295	1	287	1	294	428
97	40	65.157	287	288	288	1	287	1	286	407
97	42	62.416	298	288	294	1	288	1	294	394
97	11	60.410	293	288	298	1	285	1	293	392
97	5	61.149	296	288	297	1	287	1	296	389
97	116	62.718	287	288	296	4	287	9	295	387
97	20	63.028	284	288	295	5	288	14	295	385
97	72	65.169	267	288	296	20	286	27	293	385
97	110	63.806	268	288	295	20	287	27	294	384
97	83	64.312	269	288	296	20	287	27	295	382
97	14	60.702	285	288	291	4	288	9	291	381
97	1	60.702	285	288	305	4	288	9	291	381
97	25	63.333	270	288	296	19	288	27	296	380
97	93	59.862	289	288	297	7	287	8	296	377
97	2	59.862	289	288	297	7	287	8	296	377
97	13	56.338	284	288	305	5	288	14	296	357
97	120	56.993	286	288	285	7	287	3	284	310
97	63	50.519	289	288	283	3	288	3	283	263
97	127	48.780	287	288	283	4	287	5	283	259
97	103	51.301	269	288	283	4	267	4	264	258
97	118	51.128	266	288	284	3	265	2	261	255
97	104	50.000	264	288	283	3	263	2	259	252
97	52	50.379	264	288	284	3	263	2	259	251
97	45	51.331	263	288	283	4	263	8	259	250
97	69	50.951	263	288	283	3	262	3	259	248
97	105	49.815	271	288	283	1	268	3	263	244
97	126	46.528	288	288	283	4	288	4	283	243
97	35	47.710	262	288	282	4	262	4	258	238
97	119	49.265	272	288	274	20	287	14	273	236
97	21	47.241	290	288	280	2	287	2	279	235
97	73	47.253	273	288	275	20	287	14	274	234
97	74	46.154	273	288	274	20	288	14	274	233
97	87	46.014	276	288	313	3	262	5	273	229
97	94	44.961	258	288	271	20	262	19	271	212
97	4	44.015	259	288	309	20	263	19	272	213
97	58	41.343	283	288	309	18	286	28	301	201
97	91	41.912	272	288	298	4	262	5	275	201
97	33	43.182	264	288	296	7	262	3	259	201
97	6	41.007	278	288	303	4	262	3	279	201
97	23	38.816	304	288	304	7	287	3	303	200
97	32	38.033	305	288	303	6	287	1	302	199
97	3	40.493	284	288	301	4	272	7	289	197
97	122	40.070	287	288	290	7	287	3	283	196
97	111	43.011	279	288	276	20	288	7	276	194
97	29	43.011	279	288	287	20	288	7	276	194
97	80	39.927	273	288	298	4	263	5	276	192
97	57	41.197	284	288	294	12	285	1	275	192
97	64	40.293	273	288	300	4	262	5	276	192
97	100	39.706	272	288	296	4	263	3	274	190
97	10	42.739	241	288	307	37	262	44	284	190
97	129	40.210	286	288	289	7	287	3	282	189
97	50	41.065	263	288	294	7	262	3	257	190
97	62	39.643	280	288	287	7	274	6	275	189
97	34	39.583	288	288	288	7	287	3	281	189
97	95	39.597	298	288	291	1	287	1	281	188
97	12	40.000	265	288	293	7	262	3	259	188
97	128	41.219	279	288	290	20	288	10	282	187
97	81	43.893	262	288	286	37	287	23	275	186
97	8	40.351	285	288	302	7	273	6	290	186
97	70	41.544	272	288	288	4	263	3	264	186
97	16	40.404	297	288	292	1	286	1	280	186
97	19	38.176	296	288	288	7	287	6	287	185
97	54	40.288	278	288	278	21	288	14	278	184
97	65	41.985	262	288	287	12	262	1	253	184
97	36	37.829	304	288	293	4	287	3	292	184
97	117	41.241	274	288	282	21	287	14	278	183
97	48	37.500	288	288	289	7	287	3	282	184
97	108	40.711	253	288	284	23	262	11	262	182
97	79	40.972	288	288	281	11	286	3	279	182
97	112	39.796	294	288	286	1	286	1	276	182
97	44	40.530	264	288	282	37	288	29	282	181
97	47	39.416	274	288	299	7	270	3	268	181
97	71	39.630	270	288	295	4	262	3	272	181
97	59	39.394	264	288	294	7	262	3	258	181
97	86	37.710	297	288	281	1	288	1	281	180
97	92	40.370	270	288	293	7	269	3	266	180
97	102	39.259	270	288	293	7	269	3	266	180
97	53	40.377	265	288	295	7	262	3	258	180
97	61	39.474	266	288	295	7	262	3	261	180
97	55	38.591	298	288	297	1	287	1	284	180
97	56	39.700	267	288	299	7	262	3	262	180
97	125	39.568	278	288	292	20	287	10	278	180
97	41	41.356	295	288	288	1	285	1	278	179
97	75	39.464	261	288	291	7	262	3	256	179
97	68	41.085	258	288	298	27	273	21	271	179
97	106	42.126	254	288	284	20	265	8	253	179
97	7	37.676	284	288	283	12	287	4	279	179
97	123	37.847	288	288	294	7	285	3	284	179
97	18	42.017	238	288	261	37	262	1	238	178
97	96	39.852	271	288	287	14	275	7	271	178
97	66	38.489	278	288	296	7	272	3	272	178
97	46	40.164	244	288	294	31	262	28	271	178
97	77	40.234	256	288	273	7	262	3	239	177
97	24	39.844	256	288	273	7	262	3	239	176
97	26	38.699	292	288	292	7	287	3	285	175
97	90	39.847	261	288	281	37	288	29	281	174
97	28	39.322	295	288	292	1	286	1	279	174
97	43	38.610	259	288	273	7	265	4	243	173
97	15	41.379	261	288	281	37	287	29	277	173
97	17	39.161	286	288	289	11	286	3	279	173
97	31	40.824	267	288	298	1	258	1	254	173
97	37	41.379	261	288	300	37	287	29	280	173
97	22	39.163	263	288	281	37	288	29	281	170
97	39	39.921	253	288	292	31	273	23	267	171
97	101	40.769	260	288	292	37	286	29	279	170
97	121	38.768	276	288	279	17	280	3	268	169
97	76	38.403	263	288	281	35	288	27	281	169
97	82	38.491	265	288	274	7	269	3	246	169
97	51	39.062	256	288	275	7	262	4	240	169
97	114	38.403	263	288	272	7	269	3	245	168
97	88	36.680	259	288	272	7	265	3	241	168
97	30	37.452	259	288	274	7	265	3	241	167
97	107	38.722	266	288	281	32	288	24	281	167
97	78	38.911	257	288	274	7	262	3	237	166
97	9	38.047	297	288	292	1	286	1	279	165
97	84	37.643	263	288	281	35	288	27	281	164
97	38	37.743	257	288	276	7	262	5	241	164
97	49	36.101	277	288	278	4	272	2	257	163
97	27	36.502	263	288	271	7	269	3	245	161
97	109	35.409	257	288	273	7	263	3	239	161
97	98	34.221	263	288	272	7	269	3	245	161
97	85	35.361	263	288	274	7	269	3	245	159
97	89	36.680	259	288	272	7	265	3	241	159
97	124	36.293	259	288	272	7	265	3	241	157
97	60	36.296	270	288	274	7	273	4	254	157
97	99	32.700	263	288	275	7	269	3	246	145
98	98	100.000	272	272	272	1	272	1	272	569
98	114	77.778	270	272	272	1	270	1	270	458
98	85	75.735	272	272	274	1	272	1	271	441
98	27	75.185	270	272	271	1	270	1	269	437
98	82	68.498	273	272	274	1	272	1	272	405
98	99	68.864	273	272	275	1	272	1	272	404
98	78	66.300	273	272	274	1	270	1	272	394
98	77	64.576	271	272	273	1	270	1	271	392
98	88	65.809	272	272	272	1	272	1	272	390
98	109	64.469	273	272	273	1	272	1	273	389
98	30	65.441	272	272	274	1	272	1	272	389
98	43	67.399	273	272	273	1	272	2	273	387
98	124	64.576	271	272	272	1	271	1	271	386
98	89	62.868	272	272	272	1	272	1	272	380
98	49	65.185	270	272	278	1	266	3	272	377
98	38	63.370	273	272	276	1	272	3	273	370
98	51	62.182	275	272	275	1	272	2	275	365
98	24	60.148	271	272	273	1	270	1	271	363
98	60	62.271	273	272	274	1	272	2	274	363
98	33	50.186	269	272	296	1	246	1	267	259
98	66	45.238	294	272	296	1	272	1	290	246
98	129	47.170	265	272	289	1	246	1	264	245
98	12	45.421	273	272	293	1	251	1	272	239
98	122	47.368	266	272	290	1	246	1	264	237
98	102	45.263	285	272	293	1	263	1	284	235
98	56	44.068	295	272	299	1	270	1	290	234
98	26	44.366	284	272	292	1	263	1	283	233
98	47	42.568	296	272	299	1	272	1	288	232
98	50	44.944	267	272	294	1	246	1	265	231
98	48	44.403	268	272	289	1	248	1	265	229
98	59	42.955	291	272	294	1	270	1	284	229
98	123	45.149	268	272	294	1	246	1	267	229
98	68	41.837	294	272	298	1	270	1	287	228
98	75	44.610	269	272	291	1	250	1	268	227
98	53	43.956	273	272	295	1	251	1	271	227
98	61	42.909	275	272	295	1	251	1	274	226
98	92	43.056	288	272	293	1	264	1	285	226
98	34	43.561	264	272	288	1	246	1	263	218
98	100	39.493	276	272	296	3	242	2	277	198
98	91	38.849	278	272	298	3	244	4	279	198
98	18	42.449	245	272	261	33	246	2	245	192
98	80	38.235	272	272	298	3	238	4	275	192
98	23	36.429	280	272	304	2	238	2	281	190
98	106	38.889	252	272	284	16	246	8	258	188
98	71	38.971	272	272	295	3	239	2	273	188
98	17	38.989	277	272	289	1	253	1	272	186
98	101	36.842	266	272	292	12	253	9	272	185
98	46	37.778	270	272	294	3	238	2	271	184
98	57	39.098	266	272	294	8	248	2	265	183
98	111	36.965	257	272	276	17	248	8	263	182
98	29	37.255	255	272	287	17	246	8	261	181
98	128	36.981	265	272	290	8	247	2	265	181
98	69	37.308	260	272	283	1	243	5	264	181
98	64	37.818	275	272	300	3	238	4	276	180
98	54	35.379	277	272	278	2	257	2	273	179
98	84	35.714	266	272	281	5	246	2	266	179
98	32	35.125	279	272	303	3	238	2	280	180
98	39	36.525	282	272	292	11	268	8	284	179
98	3	35.401	274	272	301	3	238	6	279	179
98	36	39.716	282	272	293	7	251	2	281	179
98	8	36.861	274	272	302	3	238	6	279	179
98	107	35.273	275	272	281	5	255	2	274	178
98	44	35.897	273	272	282	1	248	1	269	177
98	96	37.857	280	272	287	17	272	14	281	177
98	81	37.743	257	272	286	17	248	8	263	177
98	10	37.891	256	272	307	17	238	31	284	177
98	6	35.971	278	272	303	3	238	2	279	177
98	121	36.047	258	272	279	14	246	4	260	176
98	76	34.545	275	272	281	5	255	2	274	176
98	127	37.109	256	272	283	3	241	8	263	175
98	16	35.878	262	272	292	12	248	9	269	175
98	95	38.258	264	272	291	17	255	14	275	175
98	58	38.735	253	272	309	19	238	33	285	175
98	125	36.576	257	272	292	17	248	11	266	174
98	41	36.194	268	272	288	3	246	3	266	174
98	117	34.657	277	272	282	1	255	1	272	173
98	45	37.698	252	272	283	3	238	7	258	173
98	126	36.923	260	272	283	2	240	2	261	173
98	108	35.827	254	272	284	17	238	9	262	172
98	112	38.247	251	272	286	17	246	14	263	172
98	90	34.962	266	272	281	5	246	2	266	172
98	9	36.090	266	272	292	5	246	2	266	172
98	7	36.466	266	272	283	12	254	9	272	171
98	55	37.729	273	272	297	1	248	1	269	172
98	65	35.338	266	272	287	15	255	7	269	171
98	86	36.709	237	272	281	34	246	31	266	171
98	87	37.269	271	272	313	33	272	37	304	171
98	118	36.759	253	272	284	11	246	14	266	171
98	22	34.686	271	272	281	2	248	2	268	170
98	103	36.940	268	272	283	2	248	2	269	170
98	15	35.531	273	272	281	2	253	2	269	170
98	63	37.891	256	272	283	3	241	7	262	170
98	28	36.604	265	272	292	14	254	11	273	170
98	35	35.521	259	272	282	2	240	2	260	169
98	31	34.797	296	272	298	7	272	3	295	169
98	79	35.115	262	272	281	17	254	14	273	168
98	115	33.882	304	272	296	1	272	2	296	168
98	94	39.831	236	272	271	33	238	37	271	167
98	4	36.667	270	272	309	33	272	37	302	168
98	104	36.059	269	272	283	3	254	6	272	167
98	105	36.398	261	272	283	3	246	5	265	167
98	40	37.407	270	272	288	1	246	2	270	166
98	70	34.191	272	272	288	7	246	2	271	166
98	37	36.614	254	272	300	17	246	14	266	166
98	73	37.759	241	272	275	20	246	19	259	162
98	52	36.015	261	272	284	3	246	6	266	161
98	97	34.221	263	272	288	3	245	7	269	161
98	20	34.926	272	272	295	3	246	8	279	161
98	93	35.842	279	272	297	3	253	12	290	159
98	2	35.842	279	272	297	3	253	12	290	159
98	119	38.211	246	272	274	17	246	15	258	158
98	67	34.021	291	272	295	1	257	2	292	159
98	74	37.607	234	272	274	26	246	25	258	158
98	21	35.714	252	272	280	3	241	7	258	157
98	19	35.793	271	272	288	3	246	6	271	157
98	83	36.694	248	272	296	33	260	45	290	155
98	25	35.018	277	272	296	1	246	2	278	155
98	5	34.532	278	272	297	1	246	2	279	155
98	62	34.559	272	272	287	7	246	2	271	154
98	116	35.897	234	272	296	33	246	45	278	153
98	110	33.088	272	272	295	3	247	8	278	153
98	11	34.657	277	272	298	1	246	2	278	152
98	14	34.981	263	272	291	3	246	12	274	152
98	1	34.981	263	272	305	3	246	12	274	152
98	13	37.097	248	272	305	19	246	32	279	152
98	72	37.339	233	272	296	33	246	45	277	150
98	120	32.593	270	272	285	1	247	1	270	144
98	42	33.663	303	272	294	1	270	2	292	144
99	99	100.000	275	275	275	1	275	1	275	577
99	27	74.170	271	275	271	1	271	1	270	434
99	114	74.265	272	275	272	1	271	1	271	422
99	98	68.864	273	275	272	1	272	1	272	404
99	85	68.000	275	275	274	1	275	1	274	403
99	82	67.153	274	275	274	1	274	1	274	399
99	49	66.421	271	275	278	1	266	3	272	382
99	43	65.934	273	275	273	1	272	2	273	377
99	88	64.419	267	275	272	1	266	1	266	372
99	77	63.736	273	275	273	1	271	1	272	371
99	30	63.004	273	275	274	1	272	1	272	367
99	124	64.045	267	275	272	1	266	1	266	367
99	89	62.271	273	275	272	1	272	1	272	363
99	51	62.182	275	275	275	1	272	2	275	359
99	60	63.139	274	275	274	1	272	2	274	358
99	38	61.957	276	275	276	1	275	3	276	357
99	78	60.364	275	275	274	1	271	1	273	348
99	109	57.664	274	275	273	1	272	1	273	344
99	24	58.242	273	275	273	1	271	1	272	342
99	47	43.581	296	275	299	1	272	1	288	246
99	33	47.015	268	275	296	1	247	1	267	243
99	92	46.863	271	275	293	1	250	1	270	242
99	26	47.566	267	275	292	1	247	1	266	240
99	59	43.729	295	275	294	1	275	1	288	238
99	75	47.547	265	275	291	1	247	1	264	238
99	68	44.295	298	275	298	1	275	1	292	237
99	12	44.526	274	275	293	1	253	1	273	236
99	66	45.387	271	275	296	1	250	1	270	235
99	129	45.489	266	275	289	1	247	1	264	234
99	50	44.027	293	275	294	1	273	1	286	232
99	53	44.403	268	275	295	1	247	1	266	231
99	61	44.649	271	275	295	1	247	1	269	230
99	122	44.151	265	275	290	1	247	1	264	229
99	102	46.324	272	275	293	1	249	1	269	229
99	56	44.485	272	275	299	1	247	1	270	228
99	48	41.971	274	275	289	1	255	1	271	226
99	123	44.403	268	275	294	1	247	1	267	224
99	34	43.561	264	275	288	1	247	1	263	217
99	80	39.175	291	275	298	3	262	8	298	205
99	71	40.672	268	275	295	3	240	6	273	199
99	100	39.636	275	275	296	3	242	2	276	199
99	91	40.074	272	275	298	3	239	4	275	196
99	23	37.143	280	275	304	2	239	2	281	195
99	46	37.500	288	275	294	3	255	5	292	191
99	18	41.949	236	275	261	34	239	3	238	187
99	64	37.729	273	275	300	3	239	4	276	187
99	101	38.189	254	275	292	12	242	9	261	183
99	8	38.686	274	275	302	3	239	6	279	183
99	6	37.276	279	275	303	3	239	2	279	183
99	44	36.162	271	275	282	1	247	1	267	180
99	17	38.095	273	275	289	1	250	1	269	180
99	39	36.923	260	275	292	11	247	8	266	180
99	108	36.614	254	275	284	17	239	9	262	180
99	32	37.008	254	275	303	17	239	27	280	180
99	16	36.154	260	275	292	12	247	9	267	179
99	84	36.502	263	275	281	8	247	5	266	178
99	3	36.131	274	275	301	3	239	6	279	179
99	58	39.130	253	275	309	19	239	33	285	178
99	81	38.931	262	275	286	17	253	8	268	177
99	106	37.407	270	275	284	17	261	9	277	176
99	54	36.704	267	275	278	2	248	2	264	176
99	10	37.500	256	275	307	17	239	31	284	176
99	79	38.023	263	275	281	17	255	14	275	175
99	70	36.531	271	275	288	3	247	7	271	175
99	69	36.803	269	275	283	1	252	5	271	175
99	22	34.657	277	275	281	2	255	2	274	175
99	121	36.015	261	275	279	13	249	3	262	174
99	15	37.079	267	275	281	2	248	2	264	174
99	35	35.316	269	275	282	2	250	2	269	174
99	112	36.900	271	275	286	17	261	14	282	173
99	95	37.818	275	275	291	17	261	14	287	172
99	87	38.211	246	275	313	33	247	37	281	172
99	90	36.122	263	275	281	8	247	5	266	171
99	76	35.581	267	275	281	8	250	5	269	171
99	107	35.878	262	275	281	12	250	9	269	171
99	96	37.743	257	275	287	17	247	14	266	171
99	65	36.782	261	275	287	13	250	6	264	171
99	45	35.273	275	275	283	3	257	7	280	170
99	117	34.328	268	275	282	1	247	1	264	169
99	125	36.515	241	275	292	34	250	28	267	169
99	86	38.750	240	275	281	34	250	31	269	169
99	9	35.316	269	275	292	5	247	2	266	169
99	57	35.606	264	275	294	17	255	10	272	169
99	127	36.680	259	275	283	3	242	8	263	168
99	31	35.740	277	275	298	3	255	3	275	169
99	28	36.576	257	275	292	14	247	11	266	167
99	7	35.907	259	275	283	12	247	9	265	167
99	55	36.900	271	275	297	1	247	1	267	167
99	19	37.591	274	275	288	3	250	6	274	166
99	4	36.059	269	275	309	33	272	37	302	167
99	36	36.525	282	275	293	4	251	4	283	166
99	128	35.938	256	275	290	17	248	11	265	165
99	111	35.849	265	275	276	17	255	8	270	164
99	126	36.842	266	275	283	2	247	2	267	164
99	94	37.288	236	275	271	33	239	37	271	164
99	29	35.849	265	275	287	17	255	8	270	164
99	104	36.122	263	275	283	3	247	6	266	164
99	73	39.224	232	275	275	34	249	33	261	162
99	103	34.733	262	275	283	2	242	2	262	162
99	105	37.712	236	275	283	28	247	31	265	160
99	74	39.301	229	275	274	34	247	33	258	159
99	41	34.328	268	275	288	3	247	3	266	159
99	63	34.733	262	275	283	3	242	7	262	159
99	118	37.603	242	275	284	28	250	32	272	159
99	37	35.019	257	275	300	23	255	20	275	159
99	120	35.185	270	275	285	1	248	1	270	157
99	115	35.918	245	275	296	21	247	34	278	156
99	13	35.341	249	275	305	21	251	35	283	155
99	62	34.686	271	275	287	3	247	6	271	154
99	40	33.579	271	275	288	1	247	2	270	153
99	72	35.366	246	275	296	34	261	46	287	153
99	67	33.333	279	275	295	1	247	2	277	153
99	119	37.555	229	275	274	34	247	33	258	150
99	52	37.719	228	275	284	28	239	32	258	150
99	21	33.597	253	275	280	3	243	7	259	147
99	93	33.906	233	275	297	34	247	47	279	147
99	2	33.906	233	275	297	34	247	47	279	147
99	42	32.660	297	275	294	1	264	2	292	145
99	20	31.716	268	275	295	7	247	12	279	145
99	5	34.298	242	275	297	34	256	47	286	145
99	97	32.700	263	275	288	3	246	7	269	145
99	14	32.222	270	275	291	3	254	12	281	144
99	1	32.222	270	275	305	3	254	12	281	144
99	25	33.591	259	275	296	7	247	20	278	144
99	110	32.103	271	275	295	3	248	8	278	143
99	11	34.694	245	275	298	21	247	34	278	142
99	116	30.545	275	275	296	3	247	4	278	140
99	83	32.051	234	275	296	34	248	46	279	139
